point_id,config,g12_scale,g678_scale,z_mm,event_id,x_mm,y_mm,r_mm,px_MeVc,py_MeVc,pz_MeVc,p_MeVc,xp_mrad,yp_mrad,accepted_r20
0,nominal,1.00,1.00,5000,2341,-84.9221,27.0916,89.1387562,-0.277714,32.9431,203.411,206.061544,-1.36528506,161.953385,0
0,nominal,1.00,1.00,5000,2485,-112.43,13.3423,113.218911,-1.6605,10.3441,194.246,194.528317,-8.54843858,53.2525766,0
0,nominal,1.00,1.00,5000,4151,-83.9278,175.462,194.501386,-9.63557,40.3959,187.049,191.603761,-51.5136141,215.964266,0
0,nominal,1.00,1.00,5000,6146,89.0123,-112.605,143.537715,10.8031,-22.6578,193.737,195.356362,55.7616769,-116.951331,0
0,nominal,1.00,1.00,5000,6346,165.462,73.3549,180.993411,6.69051,-0.784518,206.014,206.124105,32.4759968,-3.808081,0
0,nominal,1.00,1.00,5000,6547,40.1271,-89.2656,97.8699724,-1.80584,-4.85467,193.059,193.128471,-9.35382448,-25.1460434,0
0,nominal,1.00,1.00,5000,7005,135.768,-85.5354,160.465742,10.3025,-25.807,207.308,209.162018,49.6965867,-124.486272,0
0,nominal,1.00,1.00,5000,8651,-176.453,0.918463,176.45539,-6.85585,27.0346,196.008,197.982344,-34.9773989,137.926003,0
0,nominal,1.00,1.00,5000,9390,-22.7523,129.271,131.257985,0.60241,19.6409,198.967,199.934977,3.02768801,98.7143597,0
0,nominal,1.00,1.00,5000,9571,-77.76,57.923,96.9623202,0.907183,-17.7975,207.165,207.930063,4.37903603,-85.9097821,0
0,nominal,1.00,1.00,5000,9637,103.904,-85.8943,134.810504,-20.3634,-24.5787,202.308,204.810418,-100.655436,-121.491488,0
0,nominal,1.00,1.00,5000,11580,-82.3375,-130.712,154.483303,9.12665,-29.5495,196.558,198.97617,46.4323508,-150.334761,0
0,nominal,1.00,1.00,5000,15410,-164.857,-88.7865,187.245489,-31.1817,-9.03322,206.522,209.057968,-150.984883,-43.7397469,0
0,nominal,1.00,1.00,5000,16098,4.41659,-1.03125,4.53538794,-15.8495,-16.1136,201.095,202.361196,-78.8159825,-80.1292921,1
0,nominal,1.00,1.00,5000,18460,27.957,36.0388,45.611281,2.66779,9.43393,194.357,194.60411,13.7262357,48.539183,0
0,nominal,1.00,1.00,5000,19124,-131.3,143.775,194.70732,-0.0459461,9.68449,206.442,206.669037,-0.222561785,46.9114328,0
0,nominal,1.00,1.00,5000,19792,77.139,99.9262,126.236567,2.0665,9.64692,207.974,208.207872,9.9363382,46.3852212,0
0,nominal,1.00,1.00,5000,22309,32.7097,-135.497,139.389245,4.78711,-25.7193,206.392,208.0434,23.1942614,-124.613842,0
0,nominal,1.00,1.00,5000,23409,45.3224,-171.566,177.451436,-0.44854,-10.3387,191.022,191.302102,-2.3481065,-54.1230853,0
0,nominal,1.00,1.00,5000,24614,-78.4578,4.32642,78.5769959,-16.9087,-3.7594,192.339,193.117395,-87.9109281,-19.545698,0
0,nominal,1.00,1.00,5000,25373,-37.5801,95.6797,102.795277,19.9282,9.51909,198.24,199.466398,100.525626,48.0180085,0
0,nominal,1.00,1.00,5000,26636,-55.5979,-180.44,188.811335,-8.17798,-35.1295,201.744,204.942925,-40.5364224,-174.129094,0
0,nominal,1.00,1.00,5000,27785,-86.2403,106.576,137.097896,-13.2215,21.8379,192.47,194.155615,-68.6938224,113.461319,0
0,nominal,1.00,1.00,5000,31919,-26.5527,0.388083,26.5555359,-10.0901,-3.87124,201.422,201.711722,-50.0943293,-19.219549,0
0,nominal,1.00,1.00,5000,33486,-34.9524,-36.6184,50.6219072,0.731729,-0.901653,207.064,207.067256,3.53383012,-4.35446529,0
0,nominal,1.00,1.00,5000,36835,-178.177,1.54406,178.18369,-17.4554,8.29748,205.979,206.883754,-84.7435904,40.2831357,0
0,nominal,1.00,1.00,5000,38510,133.271,118.089,178.062268,-5.14943,-4.81749,206.606,206.726302,-24.9239131,-23.3172802,0
0,nominal,1.00,1.00,5000,39806,-30.405,66.482,73.1048586,-3.105,19.6859,194.46,195.47856,-15.967294,101.233673,0
0,nominal,1.00,1.00,5000,42075,-191.636,-29.4128,193.880038,-2.97492,7.38004,197.098,197.258553,-15.0936083,37.4435053,0
0,nominal,1.00,1.00,5000,43269,35.143,40.9049,53.9281123,0.494575,9.86604,202.711,202.951553,2.43980346,48.6704718,0
0,nominal,1.00,1.00,5000,44925,114.974,154.937,192.936504,-3.01826,28.8066,189.147,191.351817,-15.9572185,152.297419,0
0,nominal,1.00,1.00,5000,45050,-172.561,-99.8095,199.347022,-6.28228,-10.2397,208.56,208.905701,-30.1221711,-49.0971423,0
0,nominal,1.00,1.00,5000,46590,12.4746,181.725,182.152659,-1.12745,40.7935,187.58,191.967802,-6.01050219,217.472545,0
0,nominal,1.00,1.00,5000,52455,-76.6866,124.575,146.286586,1.44481,12.0086,203.061,203.420903,7.11515259,59.1378945,0
0,nominal,1.00,1.00,5000,57661,-73.2199,26.9952,78.0377766,0.221616,-30.8426,192.325,194.782496,1.15229949,-160.367087,0
0,nominal,1.00,1.00,5000,57820,-101.571,73.6426,125.45876,8.7786,13.4438,189.718,190.396216,46.271835,70.8620163,0
0,nominal,1.00,1.00,5000,60991,149.59,-10.9996,149.993864,2.80435,-8.82764,199.449,199.663956,14.0604866,-44.2601367,0
0,nominal,1.00,1.00,5000,61829,27.6802,184.537,186.601441,-19.3243,15.7671,206.011,207.515209,-93.8022727,76.5352336,0
0,nominal,1.00,1.00,5000,63044,68.0104,103.385,123.749233,20.3317,19.501,190.969,193.035815,106.465971,102.11605,0
0,nominal,1.00,1.00,5000,67149,14.7109,-82.3786,83.681804,-7.80606,-26.1998,205.204,207.017018,-38.0404865,-127.676848,0
0,nominal,1.00,1.00,5000,68093,-54.0112,-65.7679,85.1036215,-4.35566,-16.0217,189.908,190.632408,-22.935632,-84.3655875,0
0,nominal,1.00,1.00,5000,68390,27.1372,-7.8319,28.2447567,11.7706,16.1393,200.656,201.647847,58.6605933,80.4326808,0
0,nominal,1.00,1.00,5000,68737,157.696,67.3525,171.477076,0.778216,10.3153,196.692,196.963839,3.95652085,52.4439225,0
0,nominal,1.00,1.00,5000,70954,-71.6667,69.8162,100.052075,-8.07955,4.6636,195.593,195.815347,-41.3079711,23.8433891,0
0,nominal,1.00,1.00,5000,71461,-115.883,33.4175,120.605137,-0.931999,10.0455,206.096,206.342778,-4.52215958,48.7418485,0
0,nominal,1.00,1.00,5000,72706,53.8365,-144.179,153.902413,5.99089,-15.4309,196.543,197.238826,30.4813196,-78.5115725,0
0,nominal,1.00,1.00,5000,74289,91.3736,-56.7024,107.537421,1.20296,-14.6086,209.208,209.720875,5.75006692,-69.8281136,0
0,nominal,1.00,1.00,5000,74482,49.9016,-56.4597,75.3516251,4.44567,-8.68349,208.003,208.231638,21.3731052,-41.746946,0
0,nominal,1.00,1.00,5000,78109,-115.816,-109.266,159.224384,-3.15635,-28.9141,202.397,204.476241,-15.5948458,-142.858343,0
0,nominal,1.00,1.00,5000,78377,26.3506,-46.6218,53.5532105,1.22809,5.03358,191.851,191.920951,6.40126974,26.2369234,0
0,nominal,1.00,1.00,5000,80449,1.01972,74.0173,74.0243239,3.64928,18.3057,190.658,191.569541,19.1404504,96.0132803,0
0,nominal,1.00,1.00,5000,80785,-155.865,-99.9126,185.138937,-5.86388,-24.3165,208.187,209.684297,-28.1664081,-116.801241,0
0,nominal,1.00,1.00,5000,86324,-153.477,59.3795,164.563406,-19.5913,15.9921,204.743,206.298964,-95.6872762,78.1081649,0
0,nominal,1.00,1.00,5000,86498,-85.9196,-25.779,89.7035925,-24.0731,13.5506,206.995,208.830225,-116.297978,65.463417,0
0,nominal,1.00,1.00,5000,86581,150.891,29.6243,153.771561,-13.6148,20.2279,203.326,204.782795,-66.9604478,99.4850634,0
0,nominal,1.00,1.00,5000,87241,-147.008,104.475,180.350707,-22.914,25.5662,200.765,203.679324,-114.13344,127.34391,0
0,nominal,1.00,1.00,5000,87281,-196.958,-21.7783,198.158391,-4.70914,-8.93724,197.6,197.858056,-23.8316802,-45.2289474,0
0,nominal,1.00,1.00,5000,88148,158.794,42.58,164.403743,2.70377,-7.12374,194.241,194.390391,13.9196668,-36.6747494,0
0,nominal,1.00,1.00,5000,88261,-5.33819,33.697,34.1172109,4.62669,-0.248962,208.324,208.37552,22.209107,-1.19507114,0
0,nominal,1.00,1.00,5000,89176,-143.076,49.7425,151.476262,11.1364,-8.31477,202.918,203.393386,54.8812821,-40.97601,0
0,nominal,1.00,1.00,5000,90323,-114.906,-114.129,161.953134,3.15859,5.11041,201.786,201.875414,15.6531672,25.3258898,0
0,nominal,1.00,1.00,5000,94222,194.082,29.8803,196.368671,4.47196,1.98143,199.901,199.960832,22.3708736,9.91205647,0
0,nominal,1.00,1.00,5000,95475,105.587,-92.031,140.065412,-6.08826,3.57717,200.386,200.510379,-30.3826615,17.8513968,0
0,nominal,1.00,1.00,5000,99791,-147.042,61.0353,159.206337,-1.86233,3.22915,201.497,201.531478,-9.24247011,16.0257969,0
0,nominal,1.00,1.00,5000,102139,66.185,87.174,109.452092,-6.92327,-1.90666,206.934,207.05856,-33.4564161,-9.21385563,0
0,nominal,1.00,1.00,5000,104331,130.888,-122.87,179.523551,2.85535,-1.39569,204.151,204.175737,13.986461,-6.83655725,0
0,nominal,1.00,1.00,5000,104568,-48.2762,-26.3614,55.0046807,2.39158,-24.1572,192.301,193.827151,12.4366488,-125.621812,0
0,nominal,1.00,1.00,5000,105226,113.166,-129.18,171.738219,16.0285,-10.2027,205.031,205.909492,78.1759831,-49.7617433,0
0,nominal,1.00,1.00,5000,107968,136.932,96.0224,167.244354,2.16123,27.7073,199.535,201.461117,10.8313328,138.859348,0
0,nominal,1.00,1.00,5000,113713,190.108,-12.0209,190.487673,20.8022,21.8492,196.95,199.247137,105.621731,110.937801,0
0,nominal,1.00,1.00,5000,117316,0.446663,-22.3113,22.3157706,30.0821,-4.77627,199.76,202.068808,150.591209,-23.9100421,0
0,nominal,1.00,1.00,5000,120484,-166.893,-104.145,196.721769,-2.56123,1.5934,192.257,192.280662,-13.3219077,8.28786468,0
0,nominal,1.00,1.00,5000,123570,121.854,-54.8213,133.618009,0.569037,-11.3432,194.363,194.69455,2.92770229,-58.360902,0
0,nominal,1.00,1.00,5000,124686,-55.557,-38.6166,67.6596042,-0.706582,-8.99774,193.116,193.326791,-3.65884753,-46.5924108,0
0,nominal,1.00,1.00,5000,129141,-51.2216,-106.142,117.854896,-15.9673,-2.72422,190.386,191.073821,-83.8680365,-14.3089303,0
0,nominal,1.00,1.00,5000,130471,144,89.3016,169.442544,9.09715,-1.01595,205.098,205.302167,44.3551375,-4.95348565,0
0,nominal,1.00,1.00,5000,132818,124.603,-25.0341,127.092934,21.5108,-0.428121,195.827,197.00536,109.845935,-2.18622049,0
0,nominal,1.00,1.00,5000,133029,-59.4636,-126.602,139.87132,6.54544,-17.0203,207.37,208.170244,31.5640642,-82.0769639,0
0,nominal,1.00,1.00,5000,134665,55.6924,14.2598,57.4890017,-0.656774,-8.7639,200.91,201.102127,-3.26899607,-43.6210243,0
0,nominal,1.00,1.00,5000,135893,-156.802,30.2149,159.686591,-2.76973,3.83216,190.963,191.021528,-14.5040139,20.0675524,0
0,nominal,1.00,1.00,5000,136490,-125.517,70.3416,143.883488,-0.461324,-16.2975,201.015,201.675114,-2.29497301,-81.0760391,0
0,nominal,1.00,1.00,5000,136566,-17.815,154.805,155.826706,-1.54961,4.81374,197.724,197.788659,-7.83723777,24.3457547,0
0,nominal,1.00,1.00,5000,138951,105.008,-57.8741,119.90034,1.7015,-8.99772,193.225,193.441864,8.80579635,-46.5660241,0
0,nominal,1.00,1.00,5000,139834,75.6151,58.5063,95.6066446,-13.5289,-19.7042,202.113,203.521378,-66.9373073,-97.4910075,0
0,nominal,1.00,1.00,5000,143081,-168.148,65.0943,180.308119,-28.8702,-2.89292,207.442,209.461311,-139.172395,-13.9456812,0
0,nominal,1.00,1.00,5000,143844,34.3421,-95.6485,101.626844,0.803543,-18.2627,206.547,207.354371,3.89036394,-88.4191007,0
0,nominal,1.00,1.00,5000,144743,144.412,32.6867,148.065006,19.0497,16.0832,203.334,204.856721,93.686742,79.0974456,0
0,nominal,1.00,1.00,5000,146744,-111.981,61.1577,127.593137,3.27847,-3.32967,198.101,198.156103,16.5494874,-16.8079414,0
0,nominal,1.00,1.00,5000,149986,97.2816,-68.0103,118.697559,3.43417,-8.98482,208.771,208.992466,16.449459,-43.0367244,0
0,nominal,1.00,1.00,5000,153055,91.0734,-16.4538,92.5477808,16.8833,6.10152,192.096,192.933013,87.8899092,31.7628686,0
0,nominal,1.00,1.00,5000,154299,-112.091,-47.4553,121.722626,-13.7967,-15.8057,198.434,199.540025,-69.5279035,-79.6521765,0
0,nominal,1.00,1.00,5000,157020,-54.238,112.56,124.946045,4.56516,-13.0119,203.961,204.426612,22.3825143,-63.7960198,0
0,nominal,1.00,1.00,5000,158906,-27.9522,-107.294,110.875281,-1.87073,-9.24137,196.543,196.769036,-9.5181716,-47.0195835,0
0,nominal,1.00,1.00,5000,164434,133.792,34.0695,138.061689,21.918,-9.59707,199.24,200.671573,110.008031,-48.1683899,0
0,nominal,1.00,1.00,5000,167840,141.134,52.5169,150.588282,8.85756,12.9399,201.943,202.550914,43.8616837,64.076992,0
0,nominal,1.00,1.00,5000,168433,-170.108,76.507,186.520918,-8.13944,25.819,195.284,197.151495,-41.6800147,132.212572,0
0,nominal,1.00,1.00,5000,168781,31.2125,135.889,139.427546,20.6587,6.0412,193.407,194.600991,106.814645,31.2356843,0
0,nominal,1.00,1.00,5000,169630,163.874,98.8535,191.38104,0.275207,0.431735,199.295,199.295658,1.38090268,2.16631125,0
0,nominal,1.00,1.00,5000,171383,33.9021,122.14,126.757769,-6.05347,25.3486,199.532,201.226775,-30.3383417,127.040274,0
0,nominal,1.00,1.00,5000,175804,-18.9979,-75.6006,77.9510803,0.670176,-6.69696,193.992,194.108718,3.45465792,-34.521836,0
0,nominal,1.00,1.00,5000,177768,-111.222,-25.9599,114.211425,-1.25609,-26.4123,207.116,208.79709,-6.06466907,-127.524189,0
0,nominal,1.00,1.00,5000,178143,103.048,80.8876,131.002649,5.96026,-2.75539,198.121,198.229785,30.0839386,-13.907612,0
0,nominal,1.00,1.00,5000,179798,170.801,-100.292,198.069349,12.2757,24.3381,192.294,194.216421,63.8381853,126.567132,0
0,nominal,1.00,1.00,5000,179853,28.5166,-62.5597,68.7525457,-11.0943,-21.886,203.863,205.334369,-54.4203705,-107.356411,0
0,nominal,1.00,1.00,5000,182160,-47.9884,-6.46782,48.422301,-8.42173,3.34972,192.487,192.700263,-43.7522014,17.4023181,0
0,nominal,1.00,1.00,5000,185936,193.555,39.4111,197.526638,23.8373,1.25545,196.039,197.486917,121.594683,6.40408286,0
0,nominal,1.00,1.00,5000,186154,-93.9046,95.0836,133.637438,-2.24622,19.7298,202.516,203.487201,-11.0915681,97.4234135,0
0,nominal,1.00,1.00,5000,186962,27.1694,94.4262,98.2572315,-1.25639,26.2131,192.487,194.267728,-6.52714209,136.181145,0
0,nominal,1.00,1.00,5000,188269,110.808,118.278,162.07436,-1.03584,33.584,201.081,203.868896,-5.15135692,167.017272,0
0,nominal,1.00,1.00,5000,189026,-73.9819,67.5017,100.148894,-5.31007,23.3924,193.755,195.234222,-27.4061056,120.731852,0
0,nominal,1.00,1.00,5000,190085,-5.75089,-182.553,182.643561,13.0962,-24.0336,199.826,201.691732,65.5380181,-120.272637,0
0,nominal,1.00,1.00,5000,191809,-9.41449,31.7055,33.073726,16.8683,10.6981,190.016,191.062998,88.7730507,56.3010483,0
0,nominal,1.00,1.00,5000,192599,75.1585,112.817,135.55986,0.581604,12.0772,194.324,194.699805,2.99296021,62.1498117,0
0,nominal,1.00,1.00,5000,192607,58.114,-94.2364,110.714661,6.99854,-20.8122,194.687,195.921298,35.9476493,-106.90082,0
0,nominal,1.00,1.00,5000,194648,-150.965,76.6633,169.315365,-6.04842,3.93522,205.05,205.176928,-29.4972933,19.1915143,0
0,nominal,1.00,1.00,5000,195541,123.928,-12.3005,124.536948,3.55486,-21.349,201.79,202.947335,17.6166312,-105.798107,0
0,nominal,1.00,1.00,5000,196482,-70.7086,72.4512,101.236765,10.5405,20.8236,191.278,192.696647,55.1056577,108.86563,0
0,nominal,1.00,1.00,5000,197775,-24.3158,37.3176,44.540559,0.166177,-3.72495,199.504,199.538841,0.832950718,-18.6710542,0
0,nominal,1.00,1.00,5000,200948,22.6212,22.5693,31.9545301,-19.0508,17.8475,198.777,200.48382,-95.840062,89.7865447,0
0,nominal,1.00,1.00,5000,201971,28.4064,88.948,93.37382,-3.09463,22.6191,195.814,197.140364,-15.8039262,115.513191,0
0,nominal,1.00,1.00,5000,202205,161.416,-30.543,164.280248,5.66778,-18.3812,198.763,199.691568,28.5152669,-92.4779763,0
0,nominal,1.00,1.00,5000,202378,-135.591,-131.328,188.764305,-9.66061,-1.25833,198.997,199.23533,-48.5465108,-6.32336166,0
0,nominal,1.00,1.00,5000,202935,-93.3544,152.761,179.027839,-10.4374,25.4067,191.267,193.229152,-54.5697899,132.833683,0
0,nominal,1.00,1.00,5000,205024,-98.4351,-71.9725,121.940599,-12.1496,9.04171,209.111,209.658712,-58.1011998,43.2388062,0
0,nominal,1.00,1.00,5000,205753,16.8266,64.3997,66.5616694,6.27185,10.5868,201.974,202.348494,31.0527593,52.4166477,0
0,nominal,1.00,1.00,5000,206527,121.088,66.0213,137.917061,1.90229,-0.306221,203.58,203.589118,9.34418902,-1.50418017,0
0,nominal,1.00,1.00,5000,206845,133.745,-139.36,193.155209,3.47097,-16.3455,191.064,191.793313,18.1665306,-85.5498681,0
0,nominal,1.00,1.00,5000,207839,109.773,106.082,152.654847,16.8752,6.45435,200.595,201.407013,84.125726,32.1760263,0
0,nominal,1.00,1.00,5000,210632,6.15223,20.3373,21.247487,25.0317,9.56486,201.486,203.260131,124.235431,47.4715861,0
0,nominal,1.00,1.00,5000,212018,-0.919107,27.5212,27.5365431,9.25278,-7.03464,208.14,208.464289,44.4545979,-33.7976362,0
0,nominal,1.00,1.00,5000,214499,-30.5723,130.832,134.356532,5.67535,34.3031,194.304,197.390366,29.2086112,176.543458,0
0,nominal,1.00,1.00,5000,214926,-134.187,-50.3689,143.328912,-6.28832,-26.0723,197.92,199.728902,-31.7720291,-131.731508,0
0,nominal,1.00,1.00,5000,218571,-142.263,-106.29,177.584699,-15.3214,-27.9947,206.455,208.906954,-74.2118137,-135.597103,0
0,nominal,1.00,1.00,5000,220617,119.871,66.7986,137.22649,9.97778,19.2649,205.966,207.105494,48.4438208,93.5343698,0
0,nominal,1.00,1.00,5000,221055,81.4592,96.5497,126.322784,-0.616874,0.811878,200.072,200.074598,-3.08326003,4.05792915,0
0,nominal,1.00,1.00,5000,226312,-81.428,-6.17779,81.6620124,-1.76407,14.9827,191.284,191.877987,-9.22225591,78.3269902,0
0,nominal,1.00,1.00,5000,227781,-149.401,46.5968,156.498948,-17.3011,5.75643,207.374,208.174063,-83.429456,27.7586872,0
0,nominal,1.00,1.00,5000,228872,111.018,-45.7106,120.060215,19.3594,-0.964562,203.321,204.24286,95.2159393,-4.74403529,0
0,nominal,1.00,1.00,5000,229137,155.353,-79.8341,174.665504,-1.11543,-14.5584,190.923,191.480503,-5.84230292,-76.2527302,0
0,nominal,1.00,1.00,5000,236869,121.215,-56.1562,133.591149,23.4057,-23.9242,187.601,190.56319,124.763194,-127.527039,0
0,nominal,1.00,1.00,5000,239437,-182.054,-48.6227,188.435203,-27.6291,-9.88974,189.2,191.462305,-146.031184,-52.2713531,0
0,nominal,1.00,1.00,5000,241167,-127.135,64.4965,142.559134,-25.6059,12.7348,193.022,195.129008,-132.657935,65.9758991,0
0,nominal,1.00,1.00,5000,251411,176.654,-12.8758,177.122618,1.49377,7.413,203.722,203.8623,7.33239414,36.3878226,0
0,nominal,1.00,1.00,5000,255865,44.3727,-140.578,147.414757,21.6149,-11.7396,199.006,200.520348,108.614313,-58.9911862,0
0,nominal,1.00,1.00,5000,256127,172.783,67.0196,185.325637,1.45158,2.91357,202.274,202.30019,7.17630541,14.4040757,0
0,nominal,1.00,1.00,5000,256385,-124.695,19.4193,126.198067,1.82366,1.46519,203.653,203.666435,8.95474164,7.1945417,0
0,nominal,1.00,1.00,5000,256826,100.219,-111.842,150.174835,19.1234,-22.6164,198.337,200.53621,96.4187217,-114.030161,0
0,nominal,1.00,1.00,5000,259096,-135.685,35.2666,140.193268,-3.05725,-1.59256,206.486,206.514772,-14.8060885,-7.71267786,0
0,nominal,1.00,1.00,5000,259334,-36.5643,-140.309,144.995047,33.2011,-8.40557,199.033,201.958168,166.812036,-42.2320419,0
0,nominal,1.00,1.00,5000,260033,-107.814,-9.25106,108.210169,-32.795,5.91653,187.591,190.527952,-174.82182,31.5395195,0
0,nominal,1.00,1.00,5000,263152,23.0526,-58.5417,62.9170327,0.915806,5.19342,207.965,208.031852,4.40365446,24.9725675,0
0,nominal,1.00,1.00,5000,263360,132.315,-68.0927,148.808182,17.6846,-21.1515,205.485,207.326352,86.0627296,-102.934521,0
0,nominal,1.00,1.00,5000,263880,-120.766,-130.529,177.826451,-3.56168,-25.0403,191.106,192.772419,-18.6371961,-131.02833,0
0,nominal,1.00,1.00,5000,266034,14.331,-23.9638,27.9220571,-17.6212,-8.07492,195.605,196.563036,-90.0856318,-41.2817668,0
0,nominal,1.00,1.00,5000,266234,-175.372,29.5826,177.849567,-1.95067,1.31471,197.527,197.541007,-9.87546006,6.65584958,0
0,nominal,1.00,1.00,5000,266607,-72.2903,-13.9102,73.6164461,-14.0385,-3.74685,207.644,208.151745,-67.608503,-18.0445859,0
0,nominal,1.00,1.00,5000,267198,-70.2578,-25.7015,74.8112663,-14.9985,-2.0778,201.954,202.520839,-74.2669123,-10.2884815,0
0,nominal,1.00,1.00,5000,270588,-36.8367,178.456,182.218238,6.56091,22.2141,207.243,208.533385,31.6580536,107.188663,0
0,nominal,1.00,1.00,5000,271046,46.8226,-54.8682,72.130959,-5.11897,-24.8806,203.056,204.638675,-25.2096466,-122.53073,0
0,nominal,1.00,1.00,5000,271580,57.6931,-129.582,141.844945,-0.0382323,-10.174,209.405,209.652011,-0.18257587,-48.5852773,0
0,nominal,1.00,1.00,5000,271936,171.725,19.523,172.831198,4.46632,26.1656,199.099,200.860644,22.4326591,131.420047,0
0,nominal,1.00,1.00,5000,274791,-64.3363,-138.429,152.649099,-18.2336,-20.4174,188.74,190.714766,-96.6069726,-108.177387,0
0,nominal,1.00,1.00,5000,277230,-177.31,-92.2754,199.88393,-18.1583,-7.16244,207.533,208.448964,-87.4959645,-34.5122944,0
0,nominal,1.00,1.00,5000,280229,-114.731,-31.3635,118.940622,-13.9601,-6.39225,193.291,193.899861,-72.2232282,-33.0706034,0
0,nominal,1.00,1.00,5000,284494,-90.865,-134.229,162.092173,-6.37479,-26.8793,198.44,200.353608,-32.1245213,-135.453034,0
0,nominal,1.00,1.00,5000,284936,40.528,144.424,150.002702,0.353712,30.6337,204.812,207.09057,1.72700818,149.569849,0
0,nominal,1.00,1.00,5000,288097,30.9723,49.9461,58.7698585,14.8097,11.4517,191.739,192.650753,77.2388507,59.7254601,0
0,nominal,1.00,1.00,5000,289832,-97.2477,31.3253,102.168437,-16.078,2.05532,190.807,191.494224,-84.263156,10.7717222,0
0,nominal,1.00,1.00,5000,295732,-18.1771,37.3837,41.5685938,-0.251037,1.27021,209.672,209.675998,-1.19728433,6.05808119,0
0,nominal,1.00,1.00,5000,297449,182.528,-56.8592,191.179077,6.42565,-8.56826,209.538,209.811529,30.6657981,-40.8911987,0
0,nominal,1.00,1.00,5000,298582,140.727,124.671,188.007837,-4.75128,30.2299,195.209,197.592953,-24.3394516,154.859151,0
0,nominal,1.00,1.00,5000,298988,-2.69294,-150.588,150.612077,0.493458,-21.4011,189.954,191.156409,2.5977763,-112.664645,0
0,nominal,1.00,1.00,5000,301268,-86.6252,72.5529,112.994905,-0.248985,31.0268,202.651,205.012566,-1.22863938,153.104599,0
0,nominal,1.00,1.00,5000,304055,63.102,-73.1565,96.6112617,-2.70515,-10.7964,205.562,205.8631,-13.1597766,-52.5213804,0
0,nominal,1.00,1.00,5000,306255,22.0307,180.367,181.707475,3.63498,32.8051,203.472,206.131614,17.8647676,161.226606,0
0,nominal,1.00,1.00,5000,307254,81.4348,-52.0949,96.6721535,6.1899,-4.12121,203.951,204.086525,30.349937,-20.2068634,0
0,nominal,1.00,1.00,5000,308841,15.035,23.7699,28.1257777,-28.7108,-3.45892,206.793,208.805218,-138.838355,-16.7264849,0
0,nominal,1.00,1.00,5000,308905,-106.205,75.9162,130.547966,1.91597,2.09921,198.541,198.561341,9.65024856,10.5731814,0
0,nominal,1.00,1.00,5000,310485,-168.504,2.25241,168.519053,-11.2722,-12.7409,209.214,209.90448,-53.8788035,-60.8988882,0
0,nominal,1.00,1.00,5000,312227,56.3776,150.225,160.455553,0.83232,33.3352,197.186,199.985617,4.22098932,169.054598,0
0,nominal,1.00,1.00,5000,312560,-5.18027,-42.3791,42.6945349,-5.55292,-18.5885,201.001,201.935062,-27.6263302,-92.4796394,0
0,nominal,1.00,1.00,5000,317207,-89.2097,-136.628,163.173469,-3.24426,-16.4647,191.161,191.896169,-16.9713488,-86.1300161,0
0,nominal,1.00,1.00,5000,317570,-142.424,-31.4621,145.857669,2.88043,3.78275,204.178,204.233351,14.1074455,18.5267267,0
0,nominal,1.00,1.00,5000,318783,32.2295,-20.4361,38.1624797,-1.59513,-2.68833,191.572,191.597502,-8.32652997,-14.0330006,0
0,nominal,1.00,1.00,5000,325841,-46.944,-56.528,73.4789352,-3.31068,-9.49053,203.891,204.138606,-16.2374994,-46.5470766,0
0,nominal,1.00,1.00,5000,327706,-119.862,-113.889,165.34087,-4.93531,-14.9488,200.182,200.800042,-24.6541148,-74.6760448,0
0,nominal,1.00,1.00,5000,328320,166.92,-77.5282,184.04594,6.78877,-7.4827,194.737,194.998916,34.8612231,-38.4246445,0
0,nominal,1.00,1.00,5000,328679,-98.2577,53.8501,112.046459,-15.9366,-3.90616,207.094,207.74301,-76.9534607,-18.8617729,0
0,nominal,1.00,1.00,5000,329380,53.212,-83.1535,98.7219403,5.92451,-5.97636,191.9,192.084426,30.8729026,-31.1430954,0
0,nominal,1.00,1.00,5000,330557,76.49,37.5898,85.2274203,-2.45915,35.3715,189.849,193.131647,-12.9531891,186.31386,0
0,nominal,1.00,1.00,5000,332236,-67.7924,-31.243,74.645392,0.172884,5.78432,205.519,205.600456,0.841206896,28.1449404,0
0,nominal,1.00,1.00,5000,333598,120.007,-22.6186,122.119946,1.63984,-3.82263,204.441,204.48331,8.02109166,-18.6979618,0
0,nominal,1.00,1.00,5000,333898,-21.3663,103.073,105.264249,-0.65126,8.09734,192.6,192.77124,-3.38141225,42.0422638,0
0,nominal,1.00,1.00,5000,336860,-11.6512,116.211,116.793608,-10.3074,23.7537,204.062,205.698276,-50.5111192,116.404328,0
0,nominal,1.00,1.00,5000,339525,-33.8235,45.3829,56.6006781,14.1276,0.25228,203.311,203.801412,69.4876322,1.2408576,0
0,nominal,1.00,1.00,5000,339591,-104.101,-118.497,157.72938,15.2094,-7.16056,208.798,209.473636,72.8426517,-34.2941982,0
0,nominal,1.00,1.00,5000,341902,103.264,-16.6044,104.590438,9.37116,-7.78147,204.29,204.652813,45.8718488,-38.0903128,0
0,nominal,1.00,1.00,5000,343190,-67.7706,-28.6412,73.5742656,-0.376761,-8.9916,204.363,204.561058,-1.84358715,-43.9981797,0
0,nominal,1.00,1.00,5000,343414,61.6691,175.929,186.424491,-6.16202,25.6194,196.802,198.558181,-31.310759,130.178555,0
0,nominal,1.00,1.00,5000,345121,28.4602,60.1675,66.5590793,-0.981737,6.83768,200.166,200.28516,-4.90461417,34.1600472,0
0,nominal,1.00,1.00,5000,347857,-94.3081,-8.8717,94.7244677,-19.563,8.70525,193.223,194.405813,-101.245711,45.0528664,0
0,nominal,1.00,1.00,5000,349561,-140.937,101.035,173.41081,-2.13395,26.611,192.161,194.006569,-11.1050109,138.482835,0
0,nominal,1.00,1.00,5000,349947,-64.3987,-126.473,141.924671,-0.155074,-0.766899,191.695,191.696597,-0.808962153,-4.00062078,0
0,nominal,1.00,1.00,5000,354360,-180.975,-21.3685,182.232169,2.72125,-20.6057,199.928,201.005486,13.61115,-103.065604,0
0,nominal,1.00,1.00,5000,357558,-156.473,19.4614,157.678616,-6.14996,14.0242,192.275,192.88384,-31.9852295,72.9382395,0
0,nominal,1.00,1.00,5000,359140,-11.849,-36.9391,38.7929879,-4.47892,5.18048,205.761,205.874931,-21.7675847,25.1771716,0
0,nominal,1.00,1.00,5000,360534,-73.2927,149.752,166.725767,-13.8741,2.29523,190.865,191.382358,-72.6906452,12.0254106,0
0,nominal,1.00,1.00,5000,361671,18.5373,-39.1527,43.3193422,2.80648,4.04178,202.842,202.901674,13.8357934,19.925755,0
0,nominal,1.00,1.00,5000,362530,-193.109,-43.4301,197.932462,-7.06392,-9.08377,194.589,194.928943,-36.3017437,-46.6818268,0
0,nominal,1.00,1.00,5000,364864,-182.934,71.1298,196.276073,-0.686835,-4.63149,190.106,190.16365,-3.61290543,-24.3626714,0
0,nominal,1.00,1.00,5000,366093,122.262,116.347,168.773876,1.26081,7.75538,196.276,196.433204,6.42365852,39.5126251,0
0,nominal,1.00,1.00,5000,366243,-135.838,36.8434,140.745864,-1.80173,-5.02358,204.382,204.451668,-8.81550234,-24.5793661,0
0,nominal,1.00,1.00,5000,369695,-62.7893,171.079,182.237538,6.71096,30.2643,200.02,202.407918,33.5514449,151.306369,0
0,nominal,1.00,1.00,5000,370434,157.721,-55.249,167.11782,-3.11865,-25.8484,200.061,201.748035,-15.5884955,-129.202593,0
0,nominal,1.00,1.00,5000,373989,-83.4013,-80.2253,115.723272,-5.48431,-28.8331,200.093,202.234107,-27.4088049,-144.098494,0
0,nominal,1.00,1.00,5000,374642,95.109,-4.85542,95.2328566,4.84685,-28.6221,188.586,190.807222,25.7010064,-151.772136,0
0,nominal,1.00,1.00,5000,374989,10.7808,-95.6374,96.2431189,-27.9875,-12.3759,195.793,198.170033,-142.944334,-63.2091035,0
0,nominal,1.00,1.00,5000,379149,94.3455,-82.3554,125.233723,3.76128,-28.8391,193.567,195.739685,19.4314113,-148.987689,0
0,nominal,1.00,1.00,5000,380301,-150.95,-120.154,192.932336,-3.0696,-32.048,197.184,199.794961,-15.567186,-162.5284,0
0,nominal,1.00,1.00,5000,383080,20.1855,-12.2047,23.5883258,-18.7131,22.6913,191.839,194.080594,-97.5458588,118.283039,0
0,nominal,1.00,1.00,5000,383965,-81.9179,-74.7053,110.866696,-2.00569,-0.105943,199.768,199.778096,-10.0400965,-0.530330183,0
0,nominal,1.00,1.00,5000,385249,170.857,45.3181,176.764942,16.9135,5.86928,195.844,196.660589,86.3621045,29.9691591,0
0,nominal,1.00,1.00,5000,388743,163.321,-73.123,178.943349,-0.664693,-32.8538,200.502,203.176933,-3.31514399,-163.857717,0
0,nominal,1.00,1.00,5000,390437,9.82064,-59.2196,60.0283766,10.4173,-27.4115,194.721,196.916679,53.4985954,-140.773209,0
0,nominal,1.00,1.00,5000,394365,29.7164,-57.4044,64.6399998,-7.11195,9.7616,202.414,202.774002,-35.1356626,48.2259132,0
0,nominal,1.00,1.00,5000,396492,-140.22,118.352,183.49072,-1.04666,5.74173,205.467,205.549875,-5.09405403,27.9447795,0
0,nominal,1.00,1.00,5000,398441,-15.2967,-55.4555,57.5265288,6.27601,23.5466,193.229,194.759537,32.4796485,121.85852,0
0,nominal,1.00,1.00,5000,398477,-140.731,-70.8717,157.569071,-11.9312,-18.62,207.918,209.090776,-57.3841611,-89.5545359,0
0,nominal,1.00,1.00,5000,400740,146.289,-81.6215,167.518777,8.89486,-20.1354,203.669,204.855106,43.6731167,-98.8633518,0
0,nominal,1.00,1.00,5000,401265,-25.7561,74.858,79.1649976,7.20129,17.6514,192.463,193.404852,37.4164904,91.7132124,0
0,nominal,1.00,1.00,5000,401754,-77.5064,-159.499,177.333508,-1.56696,-14.9286,199.705,200.268334,-7.8463734,-74.7532611,0
0,nominal,1.00,1.00,5000,401822,-16.9731,111.717,112.999001,-2.47155,15.8562,204.145,204.774775,-12.1068358,77.6712631,0
0,nominal,1.00,1.00,5000,401857,-59.3863,137.567,149.837953,-3.06845,12.3323,198.138,198.545129,-15.4864287,62.2409634,0
0,nominal,1.00,1.00,5000,402127,-145.744,79.3748,165.956839,-4.04106,29.6092,207.68,209.819011,-19.4581086,142.571263,0
0,nominal,1.00,1.00,5000,406888,120.1,31.6251,124.194029,10.4473,-2.08847,206.066,206.341232,50.6988052,-10.1349568,0
0,nominal,1.00,1.00,5000,407436,45.197,-31.3304,54.9942067,21.6101,-12.7874,191.607,193.245327,112.783458,-66.7376453,0
0,nominal,1.00,1.00,5000,407961,-140.991,-21.7679,142.6615,-23.4988,3.92965,202.39,203.787507,-116.106527,19.4162261,0
0,nominal,1.00,1.00,5000,408494,-150.632,-8.01205,150.844928,-14.9354,-18.4646,202.491,203.878917,-73.7583399,-91.1872626,0
0,nominal,1.00,1.00,5000,410010,-183.884,-10.207,184.167066,1.66588,-1.68436,202.032,202.045889,8.24562446,-8.33709511,0
0,nominal,1.00,1.00,5000,412081,181.047,-39.5942,185.325975,1.94973,0.254201,202.574,202.583542,9.62477909,1.25485502,0
0,nominal,1.00,1.00,5000,415490,24.1949,-51.7333,57.1115357,-3.58796,-30.513,206.248,208.52375,-17.3963384,-147.943253,0
0,nominal,1.00,1.00,5000,417822,83.675,-18.9067,85.7844329,2.92285,-4.66754,200.105,200.180768,14.6065815,-23.3254541,0
0,nominal,1.00,1.00,5000,419540,157.71,-116.711,196.198628,17.8,-24.7676,206.327,208.569185,86.2708225,-120.040518,0
0,nominal,1.00,1.00,5000,420982,90.8997,2.77921,90.9421765,19.1883,-0.797139,190.808,191.77205,100.563394,-4.17770219,0
0,nominal,1.00,1.00,5000,425116,-164.929,48.3556,171.871577,-16.0438,12.5944,196.928,197.981463,-81.4703851,63.9543386,0
0,nominal,1.00,1.00,5000,425970,-75.7269,-164.783,181.350491,-8.03399,-32.5067,197.449,200.268166,-40.6889374,-164.633399,0
0,nominal,1.00,1.00,5000,427223,140.215,16.4422,141.175749,-5.49178,22.906,204.559,205.910731,-26.8469244,111.977473,0
0,nominal,1.00,1.00,5000,427758,174.065,58.5423,183.645923,4.63048,8.36744,199.986,200.214524,23.1540208,41.8401288,0
0,nominal,1.00,1.00,5000,431980,184.278,-28.6499,186.491818,2.91425,4.53975,201.605,201.677163,14.4552466,22.5180427,0
0,nominal,1.00,1.00,5000,432179,50.8891,21.7753,55.3521832,-0.954639,-8.59692,202.048,202.233065,-4.72481292,-42.5488993,0
0,nominal,1.00,1.00,5000,435227,-167.271,48.9758,174.293478,-9.04439,-9.45488,203.227,203.647758,-44.5038799,-46.5237395,0
0,nominal,1.00,1.00,5000,435764,159.933,-16.5152,160.783445,-8.99631,-16.2952,192.505,193.402798,-46.7328641,-84.648191,0
0,nominal,1.00,1.00,5000,436522,-122.255,-49.9394,132.061458,-1.99478,-23.6426,206.118,207.479111,-9.67785443,-114.704199,0
0,nominal,1.00,1.00,5000,436658,105.857,-86.69,136.824196,-9.59104,-13.2543,189.456,190.161091,-50.6241027,-69.9597796,0
0,nominal,1.00,1.00,5000,439472,-16.6836,-77.0528,78.8382933,14.5615,-7.89372,194.815,195.517857,74.7452712,-40.5190565,0
0,nominal,1.00,1.00,5000,442674,183.212,-25.6873,185.003985,1.08522,1.99899,203.86,203.872689,5.32335917,9.80569999,0
0,nominal,1.00,1.00,5000,443973,-61.9129,-176.627,187.163844,7.09137,-24.8378,196.299,197.991165,36.1253496,-126.530446,0
0,nominal,1.00,1.00,5000,444785,76.5026,29.1735,81.8763758,10.1311,-3.99581,196.993,197.293811,51.428731,-20.2840202,0
0,nominal,1.00,1.00,5000,446406,-42.5208,-84.1869,94.3157069,2.51244,-2.63247,199.964,199.997109,12.5644616,-13.1647196,0
0,nominal,1.00,1.00,5000,446881,173.964,-65.4087,185.854167,25.0239,-10.6307,194.502,196.393063,128.656261,-54.6559933,0
0,nominal,1.00,1.00,5000,449099,-92.3464,140.318,167.979162,-0.581343,16.041,201.029,201.668814,-2.8918365,79.7944575,0
0,nominal,1.00,1.00,5000,449571,-14.6926,-51.6894,53.737013,14.0828,-21.9293,199.082,200.780632,70.7386906,-110.152098,0
0,nominal,1.00,1.00,5000,451533,63.101,-136.758,150.6137,4.72226,-11.431,196.465,196.853915,24.0361388,-58.1833914,0
0,nominal,1.00,1.00,5000,451872,-76.1546,-181.805,197.110581,12.0976,-14.1568,193.619,194.512427,62.4814713,-73.1167912,0
0,nominal,1.00,1.00,5000,453068,147.522,58.4837,158.691788,-5.71331,-7.92832,199.626,199.865055,-28.6200695,-39.7158687,0
0,nominal,1.00,1.00,5000,455356,7.85281,50.9658,51.5672318,-5.61419,-8.57275,205.428,205.683432,-27.3292346,-41.7311662,0
0,nominal,1.00,1.00,5000,455466,-53.8718,-17.2984,56.5809639,2.93231,-5.56056,204.771,204.867471,14.3199476,-27.1550171,0
0,nominal,1.00,1.00,5000,460256,-180.653,-81.6452,198.245921,-12.6588,-2.72135,189.625,190.066545,-66.7570204,-14.3512195,0
0,nominal,1.00,1.00,5000,462610,-95.2375,6.52345,95.4606558,-16.9649,-10.7691,193.086,194.128784,-87.8618854,-55.7735931,0
0,nominal,1.00,1.00,5000,464235,-74.7472,81.2825,110.426395,-2.77764,14.3361,206.05,206.566797,-13.4804174,69.5758311,0
0,nominal,1.00,1.00,5000,468258,153.38,-125.543,198.208146,3.35312,-16.4046,193.302,194.025817,17.3465355,-84.8651333,0
0,nominal,1.00,1.00,5000,468316,54.097,-33.4891,63.623936,-26.5567,-2.2414,191.04,192.89003,-139.011202,-11.7326214,0
0,nominal,1.00,1.00,5000,468684,97.1613,95.7281,136.397168,4.37938,30.989,191.738,194.275469,22.8404385,161.621588,0
0,nominal,1.00,1.00,5000,469115,180.792,-76.675,196.379232,12.1176,13.9274,190.458,191.350617,63.623476,73.1258335,0
0,nominal,1.00,1.00,5000,472258,17.191,-96.6616,98.1783856,-6.2755,-18.4738,207.073,207.990121,-30.3057376,-89.2139487,0
0,nominal,1.00,1.00,5000,475235,174.645,68.9315,187.756299,0.0668531,0.191564,207.249,207.249099,0.322573812,0.924318091,0
0,nominal,1.00,1.00,5000,480188,135.786,-87.4385,161.503341,-15.7609,-15.6798,196.85,198.10145,-80.0655321,-79.6535433,0
0,nominal,1.00,1.00,5000,484775,67.4475,137.878,153.491069,4.49859,17.3551,199.47,200.274106,22.5527147,87.0060661,0
0,nominal,1.00,1.00,5000,485020,53.571,20.728,57.441292,6.20538,10.8313,207.798,208.172603,29.8625588,52.1241783,0
0,nominal,1.00,1.00,5000,485206,102.426,22.8171,104.936674,-16.2544,7.01193,199.88,200.662371,-81.3207925,35.0806984,0
0,nominal,1.00,1.00,5000,485966,-31.3744,-36.7588,48.3276562,-2.02618,5.46578,208.816,208.897348,-9.70318366,26.1751015,0
0,nominal,1.00,1.00,5000,486986,34.4917,188.099,191.235225,-9.79743,31.9524,196.727,199.545629,-49.8021624,162.420003,0
0,nominal,1.00,1.00,5000,487428,113.566,101.113,152.056158,11.8496,7.55971,189.732,190.251923,62.4544094,39.8441486,0
0,nominal,1.00,1.00,5000,490002,-110.544,40.2041,117.627997,-3.0529,3.48474,194.294,194.349227,-15.7127858,17.9353969,0
0,nominal,1.00,1.00,5000,494223,96.445,56.2914,111.670765,-1.97609,24.3419,207.273,208.706803,-9.533755,117.438837,0
0,nominal,1.00,1.00,5000,498987,6.14735,-120.459,120.615756,-10.9912,-21.597,194.784,196.285617,-56.4276327,-110.876663,0
0,nominal,1.00,1.00,5000,499889,122.4,18.0108,123.718022,9.55069,9.42397,207.106,207.54017,46.1149846,45.503124,0
0,nominal,1.00,1.00,5000,502431,-142.466,24.0514,144.48194,-23.5082,22.3653,195.861,198.530535,-120.024916,114.189655,0
0,nominal,1.00,1.00,5000,503690,85.1196,-109.507,138.697979,-5.74281,-35.6674,198.745,202.001778,-28.8953684,-179.463131,0
0,nominal,1.00,1.00,5000,505946,-57.9184,-186.427,195.216719,-5.86187,-39.9529,204.44,208.389801,-28.6728135,-195.426042,0
0,nominal,1.00,1.00,5000,508172,165.717,87.0905,187.208118,-7.54231,5.37557,192.649,192.871513,-39.1505276,27.903441,0
0,nominal,1.00,1.00,5000,509607,33.8856,89.3437,95.5538101,5.75335,16.5801,204.916,205.666156,28.0766265,80.9116906,0
0,nominal,1.00,1.00,5000,511285,132.941,-5.44642,133.05252,19.6227,-16.8119,201.37,203.0211,97.4459949,-83.4876099,0
0,nominal,1.00,1.00,5000,511954,54.5755,-12.6883,56.0310464,3.8512,0.501299,190.092,190.131669,20.2596637,2.63713886,0
0,nominal,1.00,1.00,5000,513090,25.5096,-64.2313,69.1115012,1.53271,-25.6278,195.849,197.524591,7.82597818,-130.854893,0
0,nominal,1.00,1.00,5000,515321,-71.3403,101.532,124.089425,8.89974,-1.55833,205.027,205.225984,43.4076487,-7.6006087,0
0,nominal,1.00,1.00,5000,516692,31.675,-157.236,160.394717,-6.34462,-10.8655,205.258,205.643283,-30.9104639,-52.9358174,0
0,nominal,1.00,1.00,5000,516804,-5.27387,148.44,148.533657,-0.293594,3.79891,198.962,198.998481,-1.47562851,19.093646,0
0,nominal,1.00,1.00,5000,518430,-0.427685,87.0804,87.0814503,-5.10108,2.5483,206.9,206.978561,-24.6548091,12.3165781,0
0,nominal,1.00,1.00,5000,520817,-40.3207,9.12967,41.3413803,-1.4875,1.42969,194.273,194.283955,-7.65675107,7.35918012,0
0,nominal,1.00,1.00,5000,520872,-136.779,-96.2837,167.269381,22.0698,-10.7493,200.705,202.200694,109.961386,-53.5577091,0
0,nominal,1.00,1.00,5000,521794,29.5517,-60.9986,67.7800278,4.81068,-3.88251,209.305,209.396274,22.9840663,-18.549533,0
0,nominal,1.00,1.00,5000,522438,47.8979,8.77252,48.6946191,26.2495,-0.291765,193.062,194.838541,135.964094,-1.51125027,0
0,nominal,1.00,1.00,5000,523372,-1.0515,101.647,101.652439,-2.11554,-1.27155,201.477,201.492119,-10.5001563,-6.31114221,0
0,nominal,1.00,1.00,5000,525809,103.863,-21.3132,106.027238,-0.25747,1.22763,205.365,205.368831,-1.25371899,5.97779563,0
0,nominal,1.00,1.00,5000,526644,62.0689,92.1935,111.140406,10.3199,12.541,192.273,192.957725,53.6731626,65.2249666,0
0,nominal,1.00,1.00,5000,528102,104.948,-47.958,115.386535,4.76592,-14.9575,203.198,203.803503,23.4545616,-73.6104686,0
0,nominal,1.00,1.00,5000,528179,-21.2491,-135.034,136.695667,13.2453,-4.50616,207.161,207.632905,63.9372276,-21.7519707,0
0,nominal,1.00,1.00,5000,529784,156.577,20.1017,157.862077,-2.40931,27.0076,193.945,195.831249,-12.4226456,139.253912,0
0,nominal,1.00,1.00,5000,532491,94.9355,-93.5893,133.310563,5.2389,23.2616,203.072,204.467076,25.798239,114.548535,0
0,nominal,1.00,1.00,5000,533241,-49.1387,64.3132,80.9370097,8.14628,-6.46327,198.75,199.021854,40.9875723,-32.5195975,0
0,nominal,1.00,1.00,5000,538150,19.3596,-42.2256,46.4520765,-12.3083,5.27904,198.65,199.100942,-61.9597282,26.5745784,0
0,nominal,1.00,1.00,5000,540478,111.724,45.6141,120.676834,2.84816,-1.16178,207.499,207.521798,13.7261384,-5.59896674,0
0,nominal,1.00,1.00,5000,542233,164.183,109.318,197.247263,6.96729,26.4522,201.966,203.810027,34.4973411,130.97353,0
0,nominal,1.00,1.00,5000,544588,-52.7758,80.2876,96.0800904,-1.79001,-0.0694279,199.279,199.287051,-8.98243167,-0.348395466,0
0,nominal,1.00,1.00,5000,547493,33.6437,140.354,144.329983,6.57627,17.1837,189.996,190.8848,34.6126761,90.4424304,0
0,nominal,1.00,1.00,5000,547781,-43.1587,175.407,180.638559,-3.06621,14.1355,204.57,205.080713,-14.9885614,69.0985971,0
0,nominal,1.00,1.00,5000,549902,49.346,14.6835,51.4842975,-15.8047,-1.70722,208.143,208.749159,-75.9319314,-8.20214948,0
0,nominal,1.00,1.00,5000,551121,-184.963,-51.1738,191.911618,-20.3074,-28.7672,197.789,200.899056,-102.672039,-145.443882,0
0,nominal,1.00,1.00,5000,551595,84.5495,36.7897,92.2068326,1.24022,6.33672,197.14,197.245714,6.29106219,32.1432485,0
0,nominal,1.00,1.00,5000,554021,98.1584,-3.69107,98.2277735,15.8484,-19.1199,207.159,208.642262,76.5035552,-92.2957728,0
0,nominal,1.00,1.00,5000,555551,19.1007,-15.3686,24.5159256,-2.61374,3.99245,192.421,192.480161,-13.5834446,20.748515,0
0,nominal,1.00,1.00,5000,556264,-94.7243,45.7764,105.205379,13.5285,24.6992,205.638,207.55736,65.787938,120.110096,0
0,nominal,1.00,1.00,5000,557050,-30.8989,19.0305,36.2891437,-1.22812,1.16217,192.504,192.511425,-6.37971159,6.03712131,0
0,nominal,1.00,1.00,5000,557356,-143.529,113.054,182.706816,10.1207,30.82,196.656,199.31353,51.4639777,156.720364,0
0,nominal,1.00,1.00,5000,558524,160.554,-65.5312,173.412586,5.99775,-7.98818,192.305,192.564267,31.1887366,-41.5391175,0
0,nominal,1.00,1.00,5000,559216,53.6673,7.0507,54.1284718,9.35711,25.5625,200.271,202.112519,46.7222414,127.639548,0
0,nominal,1.00,1.00,5000,564014,28.7234,17.2434,33.5017694,-20.4089,9.28589,204.77,205.993941,-99.6674318,45.3479025,0
0,nominal,1.00,1.00,5000,564065,194.816,15.6828,195.446218,8.93743,6.51407,192.308,192.625745,46.4745616,33.8731098,0
0,nominal,1.00,1.00,5000,564658,56.8613,138.929,150.114871,19.4851,11.0531,198.366,199.626927,98.2280229,55.7207384,0
0,nominal,1.00,1.00,5000,564896,-176.065,44.9575,181.714229,-9.7967,9.08093,203.272,203.710443,-48.1950293,44.6737868,0
0,nominal,1.00,1.00,5000,565645,-28.7198,-135.433,138.444662,1.89438,-10.9061,194.107,194.422373,9.75946256,-56.1860211,0
0,nominal,1.00,1.00,5000,568091,111.656,22.8842,113.976967,0.832715,-1.91291,199.683,199.693899,4.17018474,-9.57973388,0
0,nominal,1.00,1.00,5000,572158,126.06,74.0646,146.20769,8.31796,6.7547,202.501,202.784293,41.0761428,33.3563785,0
0,nominal,1.00,1.00,5000,572678,-103.471,87.9647,135.808823,9.41087,21.9318,201.203,202.613463,46.7730103,109.003345,0
0,nominal,1.00,1.00,5000,572736,167.44,73.3782,182.812784,-0.197116,8.8767,198.735,198.933242,-0.991853473,44.6660125,0
0,nominal,1.00,1.00,5000,574376,-56.4755,105.394,119.571641,-0.726054,0.274191,206.692,206.693457,-3.51273392,1.32656803,0
0,nominal,1.00,1.00,5000,585589,183.259,-65.1195,194.484987,-0.270449,1.71767,203.843,203.850416,-1.32675147,8.42643603,0
0,nominal,1.00,1.00,5000,587595,10.039,-161.635,161.946456,4.18693,-21.5117,196.4,197.618935,21.3183809,-109.530041,0
0,nominal,1.00,1.00,5000,588212,46.372,59.3506,75.318365,-9.85743,5.18896,207.284,207.583118,-47.55519,25.0330947,0
0,nominal,1.00,1.00,5000,591597,2.47231,-80.9911,81.0288257,6.70543,-0.240074,201.69,201.801577,33.2462194,-1.19031186,0
0,nominal,1.00,1.00,5000,593033,116.785,35.1383,121.956699,6.05177,6.09375,203.106,203.287493,29.7961163,30.0028064,0
0,nominal,1.00,1.00,5000,596119,-34.0847,24.4985,41.9755081,24.7077,4.19293,196.179,197.773232,125.944673,21.3729808,0
0,nominal,1.00,1.00,5000,601025,6.75502,-88.7815,89.03811,11.6164,-28.8289,200.323,202.719882,57.9883488,-143.912082,0
0,nominal,1.00,1.00,5000,606800,-51.9692,-100.01,112.706689,-0.507469,-6.92916,192.273,192.398486,-2.63931493,-36.0381333,0
0,nominal,1.00,1.00,5000,608778,7.52881,-11.705,13.9172557,6.39291,11.8292,193.283,193.750142,33.0753869,61.2014507,1
0,nominal,1.00,1.00,5000,612374,-178.045,17.4266,178.895803,1.46387,-3.4703,208.49,208.524018,7.02129599,-16.644923,0
0,nominal,1.00,1.00,5000,613946,92.9468,8.01442,93.2916854,1.81638,0.61488,191.954,191.963578,9.46257958,3.20326745,0
0,nominal,1.00,1.00,5000,613983,-106.516,-67.141,125.910969,-14.2319,-2.10566,190.561,191.103311,-74.6842219,-11.0497951,0
0,nominal,1.00,1.00,5000,614466,-90.9937,3.76807,91.0716849,-2.29346,-2.90655,199.526,199.560348,-11.4945421,-14.5672744,0
0,nominal,1.00,1.00,5000,615752,43.5374,-22.5408,49.0264507,24.1962,-14.1805,192.845,194.873643,125.469678,-73.5331484,0
0,nominal,1.00,1.00,5000,615831,-1.68784,-36.7338,36.7725559,1.15946,-19.2244,193.271,194.22822,5.9991411,-99.4686218,0
0,nominal,1.00,1.00,5000,617608,-133.47,44.9829,140.846378,-19.6917,10.4587,199.082,200.326709,-98.9125084,52.534634,0
0,nominal,1.00,1.00,5000,618497,-96.8194,-51.2041,109.525596,14.5951,-24.097,194.164,196.1972,75.1689294,-124.106425,0
0,nominal,1.00,1.00,5000,619096,-10.5328,-53.2548,54.2864034,-1.54818,-5.4239,198.386,198.46617,-7.80387729,-27.3401349,0
0,nominal,1.00,1.00,5000,623682,13.8022,135.449,136.150403,2.50952,10.3762,201.529,201.811548,12.4524014,51.487379,0
0,nominal,1.00,1.00,5000,624085,177.788,62.5755,188.478821,7.95518,9.20125,208.056,208.411245,38.2357634,44.2248721,0
0,nominal,1.00,1.00,5000,625473,172.252,-1.50524,172.258577,-9.65705,-17.077,198.156,199.124792,-48.7345829,-86.1795757,0
0,nominal,1.00,1.00,5000,628961,-36.6397,-46.8746,59.4953422,-9.09126,-30.7335,206.701,209.170989,-43.9826609,-148.685783,0
0,nominal,1.00,1.00,5000,630442,13.9339,-100.437,101.398938,21.7345,-14.6946,199.535,201.252419,108.925752,-73.6442228,0
0,nominal,1.00,1.00,5000,630911,41.1929,-13.3876,43.313772,24.8211,-15.3701,196.536,198.692542,126.292893,-78.2050108,0
0,nominal,1.00,1.00,5000,636304,-6.80984,-37.1309,37.7502007,-0.537791,0.52165,190.055,190.056477,-2.82965984,2.74473179,0
0,nominal,1.00,1.00,5000,637223,-114.183,99.451,151.420801,-14.1597,18.0564,197.224,198.554368,-71.7950148,91.5527522,0
0,nominal,1.00,1.00,5000,638021,14.4413,33.2311,36.2333707,3.20188,-6.11521,201.385,201.503266,15.8992974,-30.3657671,0
0,nominal,1.00,1.00,5000,639842,-138.053,102.218,171.776455,-6.96782,5.67462,190.414,190.625925,-36.5930026,29.8014852,0
0,nominal,1.00,1.00,5000,640739,-132.956,144.87,196.633199,-23.5911,7.37427,198.857,200.387191,-118.63349,37.083281,0
0,nominal,1.00,1.00,5000,641878,12.3533,66.4458,67.5843795,-2.01394,4.96523,192.864,192.938415,-10.4422806,25.7447217,0
0,nominal,1.00,1.00,5000,642992,-85.4813,126.146,152.380661,1.01945,22.9525,205.866,207.144072,4.95200762,111.492427,0
0,nominal,1.00,1.00,5000,646634,36.239,70.8219,79.5550541,-7.74722,30.6116,194.689,197.233101,-39.7927977,157.233331,0
0,nominal,1.00,1.00,5000,649435,23.5121,-124.519,126.719376,9.94036,-31.6076,198.933,201.673473,49.9683813,-158.885655,0
0,nominal,1.00,1.00,5000,652907,28.1103,164.054,166.444897,-10.0157,26.5877,208.012,209.943355,-48.149626,127.818107,0
0,nominal,1.00,1.00,5000,653541,-101.086,-4.81332,101.200531,-0.393722,-2.37324,200.319,200.333445,-1.96547507,-11.8473036,0
0,nominal,1.00,1.00,5000,654679,105.87,-89.706,138.764633,-4.936,-15.3456,206.747,207.374477,-23.8745907,-74.2240516,0
0,nominal,1.00,1.00,5000,658083,58.2115,114.98,128.875828,-0.0874401,0.455162,198.961,198.96154,-0.439483617,2.28769457,0
0,nominal,1.00,1.00,5000,660950,35.1023,-20.6314,40.7164111,-12.8922,0.913925,206.234,206.63859,-62.5124858,4.43149529,0
0,nominal,1.00,1.00,5000,662594,115.584,-51.572,126.567501,14.8498,-33.8573,194.935,198.409898,76.1782133,-173.685075,0
0,nominal,1.00,1.00,5000,667175,-104.08,164.533,194.688866,0.57957,12.7938,203.223,203.62614,2.85189176,62.9544884,0
0,nominal,1.00,1.00,5000,667483,-124.037,83.1218,149.313131,-11.7165,25.966,195.188,197.255836,-60.0267434,133.030719,0
0,nominal,1.00,1.00,5000,670195,-130.964,-57.3411,142.967028,17.7331,-7.03529,202.373,203.270237,87.6258196,-34.7639754,0
0,nominal,1.00,1.00,5000,671776,138.056,-90.8442,165.263813,-14.7024,-18.8718,193.593,195.065515,-75.9448947,-97.4818304,0
0,nominal,1.00,1.00,5000,679446,-12.8895,-22.2476,25.7117661,0.399391,-1.99895,206.019,206.029085,1.93861246,-9.70274586,0
0,nominal,1.00,1.00,5000,680524,-89.5445,-13.9501,90.6246256,-3.66138,8.31145,201.221,201.425859,-18.1958146,41.3050825,0
0,nominal,1.00,1.00,5000,681742,-63.5937,-87.6836,108.317,-2.78603,-6.26723,204.315,204.430084,-13.6359543,-30.6743509,0
0,nominal,1.00,1.00,5000,683921,51.7778,169.546,177.276018,-6.73071,46.7642,197.629,203.197969,-34.0572993,236.626204,0
0,nominal,1.00,1.00,5000,685532,8.54129,-8.03924,11.7295786,7.07026,5.41634,192.218,192.424231,36.7825074,28.1781103,1
0,nominal,1.00,1.00,5000,685584,-151.87,23.0388,153.607562,-2.99367,3.04229,191.611,191.658532,-15.6236855,15.8774287,0
0,nominal,1.00,1.00,5000,694746,95.694,62.0752,114.064333,-16.2924,20.9299,194.487,196.28728,-83.7711518,107.615933,0
0,nominal,1.00,1.00,5000,698691,143.591,-61.9249,156.374769,30.8713,-2.30577,203.83,206.167463,151.456115,-11.312221,0
0,nominal,1.00,1.00,5000,699701,51.4737,186.786,193.748682,0.344076,40.949,189.272,193.651308,1.81789171,216.350015,0
0,nominal,1.00,1.00,5000,700441,162.319,39.9314,167.158531,5.10882,-15.805,199.566,200.256052,25.5996512,-79.1968572,0
0,nominal,1.00,1.00,5000,701433,-12.0354,36.525,38.4568132,-2.51661,1.83464,191.62,191.645307,-13.1333368,9.57436593,0
0,nominal,1.00,1.00,5000,702575,-37.4581,4.75681,37.7589261,-2.24344,5.47661,198.293,198.3813,-11.313763,27.6187763,0
0,nominal,1.00,1.00,5000,703559,-106.166,19.7375,107.985131,-30.9255,5.2907,191.501,194.054145,-161.490018,27.627532,0
0,nominal,1.00,1.00,5000,704109,4.56771,-64.4978,64.6593395,-9.00657,9.66387,198.377,198.816354,-45.4012814,48.7146695,0
0,nominal,1.00,1.00,5000,708058,-137.212,117.156,180.423561,-9.83324,20.9689,203.781,205.092865,-48.2539589,102.899191,0
0,nominal,1.00,1.00,5000,708077,152.262,60.7429,163.931134,3.35347,3.69243,198.259,198.321736,16.9145915,18.6242743,0
0,nominal,1.00,1.00,5000,713588,-123.809,-144.01,189.914582,7.72666,-10.6925,190.419,190.875421,40.5771483,-56.1524848,0
0,nominal,1.00,1.00,5000,714937,97.8253,115.654,151.478173,-17.8059,19.3824,193.327,195.11037,-92.1024999,100.257077,0
0,nominal,1.00,1.00,5000,716245,64.1115,-30.8488,71.147262,2.16712,-2.19863,198.826,198.849965,10.8995805,-11.0580608,0
0,nominal,1.00,1.00,5000,716992,142.4,105.733,177.361854,5.61882,19.6427,206.187,207.196732,27.2510876,95.2664329,0
0,nominal,1.00,1.00,5000,718483,-180.72,74.6644,195.536419,-4.5425,23.0702,190.56,192.005161,-23.8376364,121.065281,0
0,nominal,1.00,1.00,5000,722498,167.517,-46.2123,173.774342,0.237944,-1.3672,196.444,196.448902,1.21125613,-6.95974425,0
0,nominal,1.00,1.00,5000,723862,102.883,120.175,158.199059,-3.08889,27.6995,198.632,200.577853,-15.5508176,139.451347,0
0,nominal,1.00,1.00,5000,724212,-150.825,-28.5654,153.50623,-7.09781,-19.8539,205.814,206.891176,-34.4865267,-96.465255,0
0,nominal,1.00,1.00,5000,724430,-105.119,86.2008,135.943305,-14.2106,7.16318,193.419,194.072569,-73.4705484,37.0345209,0
0,nominal,1.00,1.00,5000,731349,8.14885,-58.6791,59.2422192,14.5322,15.8005,191.94,193.13675,75.7122017,82.3199958,0
0,nominal,1.00,1.00,5000,733472,46.5692,-88.4746,99.9822246,-13.6969,-21.8602,197.739,199.414607,-69.2675699,-110.550777,0
0,nominal,1.00,1.00,5000,733482,-37.7585,40.4112,55.3061426,1.72733,18.2259,198.397,199.239897,8.70643205,91.8658044,0
0,nominal,1.00,1.00,5000,733616,65.8287,97.2098,117.401716,-5.25892,32.9799,205.065,207.766658,-25.6451369,160.826567,0
0,nominal,1.00,1.00,5000,735468,78.4199,75.9505,109.170322,2.72516,-4.29277,207.141,207.203398,13.1560628,-20.723903,0
0,nominal,1.00,1.00,5000,735761,-111.215,56.2239,124.619032,-7.19146,6.02579,191.487,191.716714,-37.5558654,31.4684026,0
0,nominal,1.00,1.00,5000,738044,131.206,-49.8564,140.359093,1.6171,1.49216,198.934,198.946168,8.12882665,7.50077915,0
0,nominal,1.00,1.00,5000,738316,105.155,79.5435,131.851213,-5.45417,-6.51176,201.156,201.335261,-27.1141303,-32.3716916,0
0,nominal,1.00,1.00,5000,741871,-49.5629,-9.27773,50.4237774,15.9648,5.45071,198.995,199.708776,80.2271414,27.3911907,0
0,nominal,1.00,1.00,5000,743464,198.994,-0.0566941,198.994008,21.6501,-18.8803,200.845,202.888902,107.795066,-94.0043317,0
0,nominal,1.00,1.00,5000,743810,33.3761,44.1245,55.3257223,-9.39475,-3.09904,191.345,191.60056,-49.098487,-16.1960856,0
0,nominal,1.00,1.00,5000,745370,4.52871,133.65,133.726705,-2.64458,42.1671,187.191,191.899788,-14.1277091,225.262432,0
0,nominal,1.00,1.00,5000,748148,108.724,-85.6083,138.382402,-3.13223,15.4494,192.759,193.4025,-16.2494618,80.1487868,0
0,nominal,1.00,1.00,5000,750530,-68.2398,96.8756,118.497056,11.0474,2.46881,194.683,195.011822,56.7455813,12.6811791,0
0,nominal,1.00,1.00,5000,751916,-34.3257,101.344,106.999346,0.401294,30.1462,201.537,203.779579,1.99116787,149.581466,0
0,nominal,1.00,1.00,5000,753100,1.62437,-90.9866,91.0010987,-3.14841,-31.4471,187.869,190.508776,-16.7585392,-167.388446,0
0,nominal,1.00,1.00,5000,755793,-85.365,135.2,159.894413,-4.17624,28.138,189.171,191.297818,-22.0765339,148.743729,0
0,nominal,1.00,1.00,5000,755844,8.59065,-74.9965,75.4869146,7.81928,-0.344449,196.151,196.307093,39.8635745,-1.75603999,0
0,nominal,1.00,1.00,5000,757103,-113.704,13.2712,114.475868,-8.68698,2.58405,209.772,209.967695,-41.4115325,12.3183742,0
0,nominal,1.00,1.00,5000,757491,106.756,63.3011,124.112339,23.2121,2.74563,191.203,192.626393,121.400292,14.3597642,0
0,nominal,1.00,1.00,5000,757972,31.7546,-136.724,140.363125,18.1111,-27.2377,205.269,207.858766,88.2310529,-132.692711,0
0,nominal,1.00,1.00,5000,761576,-161.03,52.558,169.390095,-13.3209,12.1148,190.783,191.630811,-69.8222588,63.5004167,0
0,nominal,1.00,1.00,5000,764314,-136.66,120.657,182.302132,16.1606,12.6721,196.768,197.836784,82.1302244,64.4012238,0
0,nominal,1.00,1.00,5000,766346,-130.14,-12.0044,130.692483,-19.2133,6.32034,201.518,202.530496,-95.3428478,31.3636499,0
0,nominal,1.00,1.00,5000,767600,-166.366,-86.8106,187.653207,-3.00673,-26.2416,198.338,200.089041,-15.1596265,-132.307475,0
0,nominal,1.00,1.00,5000,768721,26.5034,-77.1162,81.5434762,-4.81898,-28.5952,207.446,209.463006,-23.2300454,-137.844065,0
0,nominal,1.00,1.00,5000,769164,60.2118,8.68352,60.83473,9.50387,8.72695,194.357,194.784821,48.8990363,44.9016501,0
0,nominal,1.00,1.00,5000,769427,177.456,-72.8682,191.83432,9.15341,-4.29641,195.692,195.953063,46.7745743,-21.9549598,0
0,nominal,1.00,1.00,5000,771458,-96.2272,5.9212,96.4092041,-16.3872,13.0612,205.295,206.361751,-79.8226942,63.6216177,0
0,nominal,1.00,1.00,5000,771896,-87.9968,-150.28,174.147969,-6.90496,-33.8649,198.728,201.711001,-34.7457832,-170.408297,0
0,nominal,1.00,1.00,5000,774047,123.861,127.996,178.113793,4.78877,25.479,194.429,196.14981,24.6299163,131.045266,0
0,nominal,1.00,1.00,5000,776823,-128.866,128.879,182.253238,-2.50939,13.1814,201.676,202.121882,-12.4426803,65.3592892,0
0,nominal,1.00,1.00,5000,777690,116.599,9.49064,116.98461,30.2817,-15.1012,204.601,207.380319,148.003675,-73.8080459,0
0,nominal,1.00,1.00,5000,778938,-69.6796,-61.2271,92.7577729,0.942002,-17.0181,202.713,203.428276,4.6469738,-83.9516953,0
0,nominal,1.00,1.00,5000,778985,-82.145,-14.3445,83.3880429,-18.7331,-15.4419,202.92,204.367091,-92.3176621,-76.0984624,0
0,nominal,1.00,1.00,5000,779702,-93.639,-10.5347,94.2297311,-5.61659,-7.98852,201.061,201.298009,-27.9347561,-39.7318227,0
0,nominal,1.00,1.00,5000,781092,167.272,-76.3222,183.861361,1.18701,-11.6599,199.9,200.243283,5.93801901,-58.3286643,0
0,nominal,1.00,1.00,5000,784378,8.59079,-167.572,167.792064,-1.47122,-12.604,201.166,201.565833,-7.31346251,-62.654723,0
0,nominal,1.00,1.00,5000,784854,133.374,36.4153,138.255915,-24.5874,2.54879,192.304,193.886217,-127.856935,13.2539625,0
0,nominal,1.00,1.00,5000,786309,-147.107,-79.5214,167.224766,8.89227,-26.3384,201.501,203.40953,44.1301532,-130.711014,0
0,nominal,1.00,1.00,5000,788456,-112.924,-36.8368,118.780384,-31.5995,-6.43353,199.889,202.473532,-158.085237,-32.185513,0
0,nominal,1.00,1.00,5000,789797,-26.0939,-110.144,113.192722,11.4785,-25.6779,191.81,193.861256,59.8430739,-133.87154,0
0,nominal,1.00,1.00,5000,790846,-133.805,-108.671,172.375069,-6.03101,-11.7429,200.195,200.629775,-30.1256775,-58.6573091,0
0,nominal,1.00,1.00,5000,791972,-94.3092,-19.3952,96.2829112,-1.84625,17.6246,192.606,193.419509,-9.58563077,91.5059759,0
0,nominal,1.00,1.00,5000,797789,147.672,43.2065,153.862995,29.4198,21.6183,202.781,206.041281,145.08164,106.6091,0
0,nominal,1.00,1.00,5000,798770,135.215,60.2442,148.028578,22.938,19.7157,194.073,196.41586,118.192639,101.589093,0
0,nominal,1.00,1.00,5000,800860,38.2152,-2.15777,38.2760693,-16.8592,16.3889,206.576,207.90977,-81.6125784,79.3359345,0
0,nominal,1.00,1.00,5000,805030,25.6924,184.056,185.840551,-1.63716,34.471,199.8,202.758403,-8.19399399,172.527528,0
0,nominal,1.00,1.00,5000,805618,-68.3778,-22.8541,72.0960014,2.098,-13.6495,193.734,194.225573,10.8292814,-70.4548505,0
0,nominal,1.00,1.00,5000,805643,-1.20069,193.805,193.808719,2.91632,19.8929,202.56,203.555363,14.3973144,98.2074447,0
0,nominal,1.00,1.00,5000,805901,-147.588,-24.5192,149.610858,-10.706,6.55305,205.552,205.934906,-52.0841442,31.8802541,0
0,nominal,1.00,1.00,5000,807678,-6.51876,-142.614,142.762906,-8.33288,-28.072,200.883,203.006044,-41.4812602,-139.743035,0
0,nominal,1.00,1.00,5000,811192,-141.483,-124.419,188.407874,14.6398,-18.7529,193.166,194.625534,75.7886999,-97.0817846,0
0,nominal,1.00,1.00,5000,813917,86.7949,125.903,152.921287,25.8142,14.7614,198.192,200.410431,130.248446,74.4803019,0
0,nominal,1.00,1.00,5000,815215,-169.641,92.0658,193.01342,17.5049,6.77218,202.994,203.859873,86.2335833,33.3614787,0
0,nominal,1.00,1.00,5000,819192,143.393,126.849,191.447698,4.79376,20.477,207.634,208.696348,23.0875483,98.6206498,0
0,nominal,1.00,1.00,5000,820510,128.162,151.831,198.691094,-2.04173,30.6617,203.965,206.26689,-10.0101978,150.328243,0
0,nominal,1.00,1.00,5000,821883,-11.7753,-156.496,156.938382,2.75756,-19.4983,190.469,191.484276,14.4777365,-102.369939,0
0,nominal,1.00,1.00,5000,823643,-83.0423,8.68885,83.4956269,-3.36404,-12.8103,208.341,208.761569,-16.1467978,-61.4871773,0
0,nominal,1.00,1.00,5000,823783,167.303,94.6968,192.244058,-4.59539,16.2535,207.342,208.028841,-22.163334,78.3898101,0
0,nominal,1.00,1.00,5000,824637,17.5737,-13.5879,22.2140937,2.23168,-23.6089,192.723,194.176505,11.5797284,-122.501725,0
0,nominal,1.00,1.00,5000,826548,-66.0582,138.974,153.874814,1.98137,2.50789,190.394,190.420825,10.406683,13.1721063,0
0,nominal,1.00,1.00,5000,828139,9.84895,47.0181,48.0385631,-0.809454,-0.593412,192.854,192.856612,-4.19723729,-3.07700125,0
0,nominal,1.00,1.00,5000,828174,92.07,175.293,198.001315,3.13307,15.6626,195.931,196.581001,15.9906804,79.9393664,0
0,nominal,1.00,1.00,5000,832421,91.9292,-71.194,116.273658,-15.3582,13.7796,198.773,199.84108,-77.2650209,69.3232984,0
0,nominal,1.00,1.00,5000,832486,114.923,-7.46384,115.16512,19.5929,-5.9998,196.429,197.494889,99.7454551,-30.5443697,0
0,nominal,1.00,1.00,5000,833398,61.2713,-93.7947,112.034004,-12.1804,0.258586,194.168,194.549843,-62.731243,1.33176425,0
0,nominal,1.00,1.00,5000,837242,94.4518,-65.766,115.092612,0.373684,-4.87163,204.472,204.530367,1.82755585,-23.8254137,0
0,nominal,1.00,1.00,5000,838311,45.0853,-66.7661,80.5629964,2.95473,-9.1678,191.654,191.895895,15.4170015,-47.8351613,0
0,nominal,1.00,1.00,5000,845603,-21.754,-8.00282,23.1793366,-22.2245,13.8389,188.734,190.541246,-117.755677,73.3248911,0
0,nominal,1.00,1.00,5000,846018,-47.6426,38.6828,61.3691808,16.8655,20.5524,199.31,201.075415,84.6194371,103.117756,0
0,nominal,1.00,1.00,5000,846436,-7.19385,141.998,142.180109,-25.2218,26.1712,189.317,192.774473,-133.225225,138.240095,0
0,nominal,1.00,1.00,5000,848925,-88.3003,123.294,151.65208,-3.88218,22.0134,203.736,204.958578,-19.0549535,108.048651,0
0,nominal,1.00,1.00,5000,849125,54.0724,31.006,62.3313443,-1.22719,-17.5528,200.486,201.256659,-6.12107579,-87.5512505,0
0,nominal,1.00,1.00,5000,852654,-176.022,61.5696,186.479383,-3.81526,3.48318,192.754,192.823218,-19.7934154,18.0705978,0
0,nominal,1.00,1.00,5000,856222,47.2714,-50.9498,69.5015639,22.3959,19.3708,197.388,199.59666,113.461305,98.1356516,0
0,nominal,1.00,1.00,5000,856778,-71.638,-99.5351,122.634576,-6.5269,-38.0965,199.641,203.348156,-32.6931843,-190.825031,0
0,nominal,1.00,1.00,5000,857102,56.924,98.8793,114.094074,5.121,30.6217,201.888,204.261298,25.3655492,151.676672,0
0,nominal,1.00,1.00,5000,858040,61.2703,-41.8836,74.2178254,-1.40153,-6.33367,197.537,197.643482,-7.09502524,-32.0632084,0
0,nominal,1.00,1.00,5000,858119,-5.25009,-68.4209,68.62203,0.473677,-12.6489,200.505,200.904141,2.36241989,-63.0852098,0
0,nominal,1.00,1.00,5000,858871,-8.61332,9.09961,12.5296522,5.17725,-1.94082,198.97,199.046808,26.0202543,-9.75433482,1
0,nominal,1.00,1.00,5000,859678,-23.7056,2.69521,23.8583241,3.01762,6.5951,208.741,208.866959,14.4562879,31.5946556,0
0,nominal,1.00,1.00,5000,863876,115.133,-89.8215,146.025715,16.6956,-2.72902,198.08,198.801099,84.2871567,-13.7773627,0
0,nominal,1.00,1.00,5000,867253,27.6426,195.872,197.812926,6.19766,36.0557,192.271,195.720622,32.2339822,187.52542,0
0,nominal,1.00,1.00,5000,867271,-40.1668,52.6243,66.2018789,0.746476,25.6371,206.163,207.752258,3.6208049,124.353545,0
0,nominal,1.00,1.00,5000,869015,-185.829,21.032,187.015406,-4.01007,17.4766,191.926,192.761774,-20.8938341,91.059054,0
0,nominal,1.00,1.00,5000,870239,-108.299,140.177,177.139111,-19.9583,3.23291,204.879,205.874209,-97.4150596,15.7796065,0
0,nominal,1.00,1.00,5000,872646,-44.5905,31.613,54.6598066,3.31509,-16.9391,205.85,206.572373,16.1043964,-82.2885596,0
0,nominal,1.00,1.00,5000,874398,-106.534,77.5728,131.784037,11.2217,-8.75219,190.757,191.287115,58.827199,-45.8813569,0
0,nominal,1.00,1.00,5000,876392,-21.2475,156.595,158.029903,-1.52109,20.6837,200.986,202.053214,-7.56813907,102.911148,0
0,nominal,1.00,1.00,5000,879828,166.455,-70.8169,180.893063,20.0185,-10.243,207.65,208.864027,96.4050084,-49.3281965,0
0,nominal,1.00,1.00,5000,882274,111.34,48.7024,121.525797,16.0943,-0.227616,196.361,197.019595,81.9628134,-1.15917112,0
0,nominal,1.00,1.00,5000,883680,41.8283,-175.175,180.099659,-6.76029,-34.9619,197.383,200.569401,-34.2496061,-177.12721,0
0,nominal,1.00,1.00,5000,885948,90.4936,-124.642,154.028308,9.70867,-28.2323,206.429,208.576732,47.0315217,-136.765183,0
0,nominal,1.00,1.00,5000,886189,135.614,81.5881,158.264889,0.538236,10.6116,201.363,201.643134,2.67296375,52.6988573,0
0,nominal,1.00,1.00,5000,887378,-9.55587,42.8883,43.9399696,18.2779,16.2927,193.557,195.09958,94.4316145,84.1752042,0
0,nominal,1.00,1.00,5000,887405,1.78703,136.463,136.4747,-0.368801,27.7488,197.143,199.08665,-1.87072835,140.754681,0
0,nominal,1.00,1.00,5000,889877,69.1531,-78.72,104.780674,-23.1761,-17.0687,188.994,191.173231,-122.628761,-90.3134491,0
0,nominal,1.00,1.00,5000,893047,150.238,-6.38265,150.373518,5.52103,-5.22045,209.063,209.201035,26.408451,-24.9707026,0
0,nominal,1.00,1.00,5000,894591,144.485,-100.223,175.842444,-18.4578,-19.4184,190.687,192.559852,-96.7963207,-101.833895,0
0,nominal,1.00,1.00,5000,897889,-28.6829,197.488,199.560063,-2.91016,36.9099,191.33,194.879395,-15.2101605,192.912246,0
0,nominal,1.00,1.00,5000,900047,-50.6881,-46.7592,68.9616289,6.28201,-18.0765,204.603,205.496012,30.703411,-88.3491444,0
0,nominal,1.00,1.00,5000,900669,32.7537,55.4818,64.4285263,1.10722,-1.31538,193.987,193.994619,5.70770206,-6.78076366,0
0,nominal,1.00,1.00,5000,904694,82.2444,-4.99267,82.3958014,-3.71634,-4.63619,199.486,199.574471,-18.629578,-23.2406785,0
0,nominal,1.00,1.00,5000,904704,70.1956,157.527,172.459207,-5.61112,25.8377,204.178,205.882799,-27.4815112,126.544975,0
0,nominal,1.00,1.00,5000,904757,84.5223,-34.2379,91.1934921,0.861944,6.91229,205.221,205.339187,4.20007699,33.6821768,0
0,nominal,1.00,1.00,5000,905310,-19.0365,110.038,111.672511,3.74933,3.15465,208.075,208.132686,18.0191277,15.1611198,0
0,nominal,1.00,1.00,5000,906508,12.7968,62.2078,63.5103808,6.94699,22.6454,198.542,199.949995,34.9900273,114.058486,0
0,nominal,1.00,1.00,5000,907032,-17.6707,-155.999,156.996629,0.573468,-15.9392,190.867,191.532239,3.00454243,-83.5094595,0
0,nominal,1.00,1.00,5000,907158,133.151,-24.5388,135.393285,5.65126,7.31142,198.578,198.792896,28.4586409,36.8188823,0
0,nominal,1.00,1.00,5000,908042,-63.3207,50.2504,80.8369578,-0.701691,12.7533,200.737,201.14294,-3.49557381,63.5323832,0
0,nominal,1.00,1.00,5000,914737,-102.949,149.952,181.890349,-0.939021,18.8156,205.134,205.997249,-4.57759806,91.7234588,0
0,nominal,1.00,1.00,5000,920593,-105.549,79.6107,132.206108,0.290036,33.8461,189.935,192.92731,1.52702767,178.198331,0
0,nominal,1.00,1.00,5000,921069,-103.156,124.249,161.489858,-16.2169,16.6441,196.54,197.909033,-82.5119569,84.6855602,0
0,nominal,1.00,1.00,5000,921409,29.3456,-92.4078,96.9554833,-1.47709,-30.3539,202.851,205.114771,-7.28165008,-149.636433,0
0,nominal,1.00,1.00,5000,922789,120.526,-35.1441,125.545308,2.93219,-9.23249,197.44,197.67749,14.8510434,-46.7609907,0
0,nominal,1.00,1.00,5000,923803,147.946,126.677,194.769303,1.15723,28.698,200.259,202.308135,5.77866663,143.304421,0
0,nominal,1.00,1.00,5000,929351,175.319,69.3991,188.554997,2.10642,-0.350126,205.165,205.176112,10.2669559,-1.70655814,0
0,nominal,1.00,1.00,5000,930642,-14.9899,-45.7733,48.1652582,-8.35606,-5.32265,205.055,205.294197,-40.7503353,-25.9571822,0
0,nominal,1.00,1.00,5000,931494,58.627,-137.255,149.251667,1.81058,-1.62386,209.504,209.518116,8.64222163,-7.75097373,0
0,nominal,1.00,1.00,5000,931497,-14.0247,91.4658,92.5347761,3.46846,-7.34602,195.123,195.292036,17.775762,-37.6481501,0
0,nominal,1.00,1.00,5000,932044,-135.405,131.303,188.613339,-32.5782,4.87493,194.417,197.187915,-167.56868,25.0746077,0
0,nominal,1.00,1.00,5000,933835,-50.5876,-74.7528,90.2612119,-6.82886,-11.8714,206.621,207.074385,-33.050174,-57.4549538,0
0,nominal,1.00,1.00,5000,937603,9.40608,78.9242,79.4827257,-19.9746,-9.73809,203.03,204.242493,-98.382505,-47.9637985,0
0,nominal,1.00,1.00,5000,938133,-88.336,9.66978,88.8636795,-0.195787,3.69453,205.717,205.750266,-0.951729804,17.9592839,0
0,nominal,1.00,1.00,5000,938587,-139.027,14.6463,139.796355,-6.17148,5.41403,195.691,195.863132,-31.5368617,27.6662187,0
0,nominal,1.00,1.00,5000,939238,-39.3558,149.897,154.977384,-24.1078,1.37337,196.141,197.62177,-122.910559,7.00195268,0
0,nominal,1.00,1.00,5000,942562,135.472,45.1804,142.807322,6.12835,-12.0179,193.762,194.231046,31.6282346,-62.0240295,0
0,nominal,1.00,1.00,5000,943022,31.4418,11.1537,33.3615319,4.7941,-1.40564,197.569,197.632156,24.2654465,-7.11467892,0
0,nominal,1.00,1.00,5000,943082,-6.29897,-125.906,126.063468,2.30019,-11.7207,195.755,196.11906,11.7503512,-59.8743327,0
0,nominal,1.00,1.00,5000,944420,-163.179,62.6993,174.810149,-4.54683,4.00714,205.42,205.509385,-22.1343102,19.5070587,0
0,nominal,1.00,1.00,5000,945108,-50.0875,124.223,133.940701,-7.00193,-17.735,207.955,208.827295,-33.6704095,-85.2828737,0
0,nominal,1.00,1.00,5000,946822,-51.35,-7.86458,51.9487644,-10.1963,5.69025,193.418,193.770138,-52.7163966,29.4194439,0
0,nominal,1.00,1.00,5000,948065,-165.986,105.296,196.567036,-12.4861,-4.21659,197.758,198.196642,-63.1382801,-21.3219693,0
0,nominal,1.00,1.00,5000,950142,-68.6816,-68.6413,97.101958,-6.42045,20.3592,203.513,204.629569,-31.5481075,100.038818,0
0,nominal,1.00,1.00,5000,950846,-27.4278,74.4769,79.3668246,-0.39748,10.0054,195.401,195.657397,-2.03417587,51.2044462,0
0,nominal,1.00,1.00,5000,960282,-117.261,119.639,167.522036,-4.47839,4.28021,196.326,196.423712,-22.8109878,21.8015444,0
0,nominal,1.00,1.00,5000,961749,-120.308,83.5341,146.464879,-1.16862,16.2883,194.28,194.965107,-6.0151328,83.8393041,0
0,nominal,1.00,1.00,5000,963829,198.462,20.3933,199.507023,21.1,-9.60566,207.848,209.136964,101.516493,-46.2148301,0
0,nominal,1.00,1.00,5000,965220,-12.6635,41.2286,43.1295918,1.20183,7.53145,196.173,196.321199,6.12637825,38.3918786,0
0,nominal,1.00,1.00,5000,965918,15.3879,-17.6223,23.3951474,4.20325,-12.6705,190.903,191.369183,22.0177263,-66.3714033,0
0,nominal,1.00,1.00,5000,968560,-6.0651,23.9571,24.7129132,-3.52814,14.6041,202.263,202.820237,-17.4433287,72.2035172,0
0,nominal,1.00,1.00,5000,970611,-128.84,63.76,143.75355,2.61945,10.7665,199.621,199.928294,13.1221164,53.9347063,0
0,nominal,1.00,1.00,5000,972844,-152.784,-74.8872,170.150061,-7.94811,-30.0481,188.977,191.515971,-42.0586103,-159.004006,0
0,nominal,1.00,1.00,5000,973839,7.17965,-110.607,110.839775,3.15411,-3.55201,191.856,191.914799,16.4399862,-18.5139375,0
0,nominal,1.00,1.00,5000,977834,2.86663,115.263,115.298642,21.4586,21.7919,204.197,206.474631,105.087734,106.719981,0
0,nominal,1.00,1.00,5000,978498,131.944,5.0281,132.03977,-18.7594,-21.0685,189.242,191.333038,-99.1291574,-111.330994,0
0,nominal,1.00,1.00,5000,979381,109.721,33.7415,114.791928,12.6058,-8.388,194.121,194.710625,64.937848,-43.2101627,0
0,nominal,1.00,1.00,5000,980296,29.0843,-129.837,133.054662,-5.77299,-28.4045,189.951,192.149747,-30.3919958,-149.535933,0
0,nominal,1.00,1.00,5000,980666,-25.4227,28.5562,38.2331039,4.04946,-4.9635,203.739,203.839679,19.8757234,-24.3620514,0
0,nominal,1.00,1.00,5000,980838,109.295,59.4412,124.413236,8.91863,14.5474,190.589,191.351341,46.7950931,76.3286444,0
0,nominal,1.00,1.00,5000,983558,-125.426,-44.2026,132.987034,-5.66337,-2.53786,199.492,199.588508,-28.388958,-12.7216129,0
0,nominal,1.00,1.00,5000,985196,-103.074,77.5221,128.972576,5.67276,2.4826,196.304,196.401639,28.8978319,12.6467112,0
0,nominal,1.00,1.00,5000,985965,-7.64245,34.0797,34.9261076,-30.6552,-11.7029,191.218,194.012945,-160.315451,-61.2018743,0
0,nominal,1.00,1.00,5000,988544,164.533,-82.0585,183.86056,30.8003,-6.95607,193.563,196.121596,159.12287,-35.9369818,0
0,nominal,1.00,1.00,5000,989991,84.4575,28.739,89.2132245,25.1342,8.19708,200.537,202.272115,125.334477,40.8756489,0
0,nominal,1.00,1.00,5000,990000,-47.9812,-71.0648,85.7461448,7.56469,-24.484,189.886,191.607369,39.8380607,-128.940522,0
0,nominal,1.00,1.00,5000,990559,85.0616,-20.8766,87.5860047,-2.70507,27.6304,188.661,190.692762,-14.3382575,146.455282,0
0,nominal,1.00,1.00,5000,992463,-38.1794,-189.567,193.373509,-3.98931,-29.5619,200.212,202.421998,-19.925429,-147.652988,0
0,nominal,1.00,1.00,5000,999411,37.818,-26.4172,46.1310045,11.2663,3.27381,195.665,196.016427,57.5795365,16.7317098,0
0,nominal,1.00,1.00,5000,999535,122.2,63.9988,137.944505,-0.363104,-5.33189,199.32,199.391633,-1.82171383,-26.7504014,0
0,nominal,1.00,1.00,8000,269,87.8539,107.348,138.715179,5.21959,6.86748,201.198,201.382824,25.9425541,34.1329437,0
0,nominal,1.00,1.00,8000,2485,-49.5894,68.7606,84.776935,5.86718,-2.63288,194.422,194.528327,30.1775519,-13.5420889,0
0,nominal,1.00,1.00,8000,4159,137.237,114.74,178.883375,2.40255,44.9321,196.572,201.656185,12.2222392,228.578333,0
0,nominal,1.00,1.00,8000,6346,156.073,13.1791,156.628446,-7.29933,-11.8016,205.656,206.123624,-35.4929105,-57.385148,0
0,nominal,1.00,1.00,8000,6547,-25.4032,-52.7359,58.5354399,-2.55988,14.0976,192.596,193.128233,-13.2914495,73.1977819,0
0,nominal,1.00,1.00,8000,9571,-6.86615,-100.79,101.023602,4.55713,-10.2028,207.63,207.930473,21.9483215,-49.1393344,0
0,nominal,1.00,1.00,8000,10403,35.9788,-62.097,71.7670639,5.42828,-10.4952,195.154,195.511379,27.8153663,-53.7790668,0
0,nominal,1.00,1.00,8000,10617,-26.9097,-7.96788,28.0645518,-24.0806,-14.5828,205.741,207.658114,-117.043273,-70.8794066,0
0,nominal,1.00,1.00,8000,18460,50.7043,70.5753,86.9010875,-1.08307,-5.78413,194.515,194.603994,-5.56805388,-29.7361643,0
0,nominal,1.00,1.00,8000,19312,2.00843,31.0301,31.0950301,-19.5085,-29.3173,202.633,205.670169,-96.2750391,-144.681765,0
0,nominal,1.00,1.00,8000,27514,-11.9618,-14.9693,19.1615396,-26.9547,17.6546,204.977,207.494123,-131.501095,86.1296633,1
0,nominal,1.00,1.00,8000,31919,-180.999,-24.6632,182.671594,-1.41494,0.0159037,201.707,201.711963,-7.01482844,0.0788455532,0
0,nominal,1.00,1.00,8000,32090,-97.9866,69.8982,120.362503,-14.1127,20.0353,199.078,200.580736,-70.8903043,100.640452,0
0,nominal,1.00,1.00,8000,33486,1.96313,-19.4359,19.5347917,2.13075,4.98897,206.996,207.067076,10.2936772,24.1017701,1
0,nominal,1.00,1.00,8000,37587,-71.6897,-157.191,172.766963,-12.6235,-11.9856,189.642,190.439217,-66.564896,-63.2011896,0
0,nominal,1.00,1.00,8000,38510,-50.7737,6.02836,51.1303211,-8.91138,-17.6003,205.783,206.726453,-43.3047433,-85.528445,0
0,nominal,1.00,1.00,8000,38978,193.571,-42.5556,198.19362,5.73164,1.21333,192.686,192.775046,29.7460116,6.29692868,0
0,nominal,1.00,1.00,8000,40395,148.618,40.7752,154.110113,14.6075,1.26598,207.986,208.502177,70.2330926,6.086852,0
0,nominal,1.00,1.00,8000,42075,-97.1527,39.3255,104.810028,9.43822,4.28398,196.986,197.258502,47.9131512,21.7476369,0
0,nominal,1.00,1.00,8000,43269,15.9346,80.0667,81.6369275,-1.90392,-5.16585,202.877,202.951689,-9.38460249,-25.4629652,0
0,nominal,1.00,1.00,8000,48379,-93.5845,-32.9917,99.2295869,-20.7411,-12.9471,190.246,191.810743,-109.022529,-68.0545189,0
0,nominal,1.00,1.00,8000,50188,99.8623,78.9396,127.294695,16.7684,8.20991,190.492,191.404765,88.0267938,43.0984503,0
0,nominal,1.00,1.00,8000,51872,-6.63229,77.1171,77.4017725,17.6074,25.6251,190.657,193.175459,92.3511856,134.404192,0
0,nominal,1.00,1.00,8000,52466,-41.6439,66.6714,78.60846,-29.1183,-3.04167,204.993,207.073072,-142.045338,-14.8379213,0
0,nominal,1.00,1.00,8000,60991,82.3614,-58.5983,101.079973,-7.52258,1.95608,199.512,199.663351,-37.7049,9.80432255,0
0,nominal,1.00,1.00,8000,62915,42.0129,80.6067,90.898426,-22.2389,31.2261,194.808,198.544189,-114.158043,160.291672,0
0,nominal,1.00,1.00,8000,70954,-150.961,43.765,157.176966,2.57997,-11.8253,195.441,195.815419,13.2007614,-60.5057281,0
0,nominal,1.00,1.00,8000,71461,-44.0182,77.87,89.4502031,6.37927,-4.07821,206.204,206.342958,30.9366938,-19.7775504,0
0,nominal,1.00,1.00,8000,74482,83.7017,-78.5585,114.792911,-1.77798,7.13495,208.102,208.231869,-8.54379103,34.285831,0
0,nominal,1.00,1.00,8000,78377,27.5825,21.4452,34.9383873,-1.11397,7.07068,191.787,191.920527,-5.80837074,36.8673581,0
0,nominal,1.00,1.00,8000,78804,147.776,18.6893,148.953134,-0.446971,-10.3819,196.961,197.234934,-2.26933758,-52.7104351,0
0,nominal,1.00,1.00,8000,88148,82.8754,-35.702,90.2383773,-7.75003,-6.42008,194.13,194.390682,-39.9218565,-33.0710349,0
0,nominal,1.00,1.00,8000,88261,75.3215,10.6216,76.0667256,1.77234,-4.73054,208.314,208.375243,8.50802154,-22.7086994,0
0,nominal,1.00,1.00,8000,89176,152.918,-39.6103,157.96484,10.8884,-7.78329,202.953,203.393847,53.6498598,-38.3502092,0
0,nominal,1.00,1.00,8000,89448,-30.9672,64.0084,71.1058559,13.8383,5.31748,193.97,194.535691,71.3424756,27.41393,0
0,nominal,1.00,1.00,8000,90323,26.7789,0.188199,26.7795613,7.19402,17.2469,201.008,201.874777,35.7897198,85.8020576,0
0,nominal,1.00,1.00,8000,93384,12.1759,109.18,109.856838,1.89835,4.36821,199.544,199.600834,9.51344064,21.8909614,0
0,nominal,1.00,1.00,8000,95475,-79.5297,-2.81593,79.5795366,-7.30717,13.9838,199.888,200.509735,-36.5563215,69.9581766,0
0,nominal,1.00,1.00,8000,99791,-65.5315,36.7217,75.1189773,7.76082,-9.44771,201.16,201.531226,38.5803341,-46.9661464,0
0,nominal,1.00,1.00,8000,100577,30.9161,101.846,106.435018,9.55941,3.63666,201.693,201.952157,47.3958442,18.0306704,0
0,nominal,1.00,1.00,8000,100989,-173.58,81.2305,191.646577,-12.604,4.95628,195.213,195.682245,-64.5653722,25.3890878,0
0,nominal,1.00,1.00,8000,102139,-96.3686,17.1378,97.8805969,-5.63801,-12.6509,206.595,207.058751,-27.2901571,-61.2352671,0
0,nominal,1.00,1.00,8000,105062,-67.6149,-113.842,132.407612,-5.24689,-20.3882,190.105,191.267142,-27.5999579,-107.247048,0
0,nominal,1.00,1.00,8000,108057,125.103,-80.519,148.775233,2.85788,-25.22,201.256,202.850175,14.2002226,-125.313034,0
0,nominal,1.00,1.00,8000,110640,136.189,128.358,187.144917,5.97113,21.1909,201.529,202.728011,29.6291353,105.150623,0
0,nominal,1.00,1.00,8000,120484,-70.5424,-6.50968,70.8421212,8.88887,17.4705,191.278,192.279754,46.470948,91.3356476,0
0,nominal,1.00,1.00,8000,121438,111.144,47.327,120.800802,-3.94692,-5.88044,197.569,197.695897,-19.9774256,-29.7639812,0
0,nominal,1.00,1.00,8000,124459,185.962,-46.1669,191.607015,-0.843001,9.5076,207.036,207.255906,-4.07176047,45.9224483,0
0,nominal,1.00,1.00,8000,124686,-21.1641,-67.4944,70.7348087,2.99314,6.35005,193.2,193.327499,15.4924431,32.8677536,0
0,nominal,1.00,1.00,8000,130471,187.596,14.5359,188.158315,-5.73952,-14.6159,204.701,205.302377,-28.0385538,-71.4012145,0
0,nominal,1.00,1.00,8000,130484,72.7637,40.9819,83.5109105,-10.1289,-10.2362,203.758,204.26624,-49.7104408,-50.2370459,0
0,nominal,1.00,1.00,8000,134665,2.90492,-54.3992,54.4767062,-3.19329,-2.59376,201.06,201.102084,-15.8822739,-12.9004277,0
0,nominal,1.00,1.00,8000,135893,-77.8302,27.7677,82.6352539,7.84855,-5.62246,190.778,191.022138,41.1397016,-29.4712179,0
0,nominal,1.00,1.00,8000,136490,-39.5186,-86.7878,95.3616379,6.65636,-11.1229,201.258,201.675007,33.073766,-55.2668714,0
0,nominal,1.00,1.00,8000,138300,-140.818,39.9888,146.385837,13.3077,9.84198,196.51,197.20583,67.7202178,50.0838634,0
0,nominal,1.00,1.00,8000,138951,43.4944,-69.3714,81.8788982,-5.78437,9.82496,193.106,193.442281,-29.9543774,50.8785848,0
0,nominal,1.00,1.00,8000,142287,-12.122,-119.912,120.523154,-20.3252,-22.4375,205.618,207.834831,-98.8493225,-109.122256,0
0,nominal,1.00,1.00,8000,142825,-128.177,98.0959,161.406781,-7.40999,-4.10488,204.479,204.65439,-36.2383912,-20.0748243,0
0,nominal,1.00,1.00,8000,143681,30.5141,-13.8719,33.5192468,-20.0756,-19.0575,194.071,196.035127,-103.444616,-98.1985974,0
0,nominal,1.00,1.00,8000,144616,170.991,-80.384,188.943138,1.04516,-24.6609,189.301,190.903434,5.52115414,-130.27348,0
0,nominal,1.00,1.00,8000,146744,30.8967,-5.22542,31.3354605,6.85941,-9.35957,197.816,198.156057,34.6757087,-47.3145246,0
0,nominal,1.00,1.00,8000,149756,69.1226,60.2556,91.6988068,9.42611,-2.37747,207.729,207.956345,45.3769575,-11.4450558,0
0,nominal,1.00,1.00,8000,149768,78.5034,-28.3159,83.4540233,-3.19592,-15.6882,206.274,206.894409,-15.4935668,-76.0551499,0
0,nominal,1.00,1.00,8000,149930,20.6641,-100.073,102.184198,-8.8615,-12.1328,208.083,208.624701,-42.5863718,-58.3075023,0
0,nominal,1.00,1.00,8000,149986,77.4162,-83.3287,113.740671,-4.95944,8.93396,208.743,208.992947,-23.7585931,42.7988483,0
0,nominal,1.00,1.00,8000,150180,-62.0217,20.0446,65.1803441,-24.2211,3.37353,200.521,202.006717,-120.79084,16.8238239,0
0,nominal,1.00,1.00,8000,152701,134.059,-83.2693,157.815056,-18.6082,-13.2592,206.367,207.628057,-90.1704245,-64.2505827,0
0,nominal,1.00,1.00,8000,157020,62.8231,-50.4995,80.6036066,4.25137,-17.2788,203.65,204.425912,20.8758655,-84.8455684,0
0,nominal,1.00,1.00,8000,158176,66.824,-68.4721,95.6758875,17.1091,2.14052,189.353,190.136429,90.3555793,11.3043892,0
0,nominal,1.00,1.00,8000,158411,-103.407,13.9026,104.337385,16.1533,17.0866,207.144,208.474262,77.981018,82.4865794,0
0,nominal,1.00,1.00,8000,158676,-113.059,-23.1337,115.401497,-14.9223,-17.4728,195.444,196.790068,-76.3507706,-89.4005444,0
0,nominal,1.00,1.00,8000,159350,-41.5988,-66.8856,78.7663865,-10.4215,-20.0844,196.502,197.800472,-53.0350836,-102.209647,0
0,nominal,1.00,1.00,8000,168595,176.859,-62.3286,187.52056,7.28852,10.0777,198.608,198.997036,36.6980182,50.741662,0
0,nominal,1.00,1.00,8000,169209,-19.4238,0.258303,19.4255174,6.91874,13.2779,195.567,196.139295,35.37785,67.8943789,1
0,nominal,1.00,1.00,8000,169630,36.7367,25.8754,44.9346353,-9.28963,-15.6679,198.462,199.296126,-46.8081043,-78.9465993,0
0,nominal,1.00,1.00,8000,171407,-68.9387,44.7437,82.1860271,-2.89612,-13.4185,197.049,197.526586,-14.697461,-68.0972753,0
0,nominal,1.00,1.00,8000,174197,-149.958,11.5519,150.402288,-4.81021,23.6047,198.025,199.484888,-24.2909229,119.200606,0
0,nominal,1.00,1.00,8000,174456,71.7959,-37.6642,81.0755402,8.2739,13.6864,195.272,195.925825,42.3711541,70.0889016,0
0,nominal,1.00,1.00,8000,175804,8.66642,-62.7326,63.3283976,1.19574,11.7974,193.746,194.108529,6.17168871,60.8910636,0
0,nominal,1.00,1.00,8000,178143,126.291,1.58844,126.300989,-4.23376,-12.8174,197.769,198.22913,-21.4076018,-64.809955,0
0,nominal,1.00,1.00,8000,178977,61.5559,134.361,147.790416,-6.05537,41.1594,188.93,193.456219,-32.0508654,217.85529,0
0,nominal,1.00,1.00,8000,181029,-13.2842,1.83272,13.4100273,5.50703,-23.9174,207.485,208.931555,26.5418223,-115.272911,1
0,nominal,1.00,1.00,8000,182013,62.0561,-118.341,133.624668,-3.12371,-18.8428,202.127,203.027419,-15.4541946,-93.2225779,0
0,nominal,1.00,1.00,8000,182160,-162.007,19.3215,163.155105,0.613769,0.692269,192.698,192.700221,3.18513425,3.59250745,0
0,nominal,1.00,1.00,8000,182205,-56.1169,20.3371,59.6883917,-10.4674,-5.08702,190.323,190.678495,-54.9980822,-26.7283513,0
0,nominal,1.00,1.00,8000,188273,127.435,44.4664,134.970145,15.5122,-13.5459,203.066,204.107619,76.3899422,-66.7068835,0
0,nominal,1.00,1.00,8000,192176,143.394,-8.35504,143.637202,0.502793,-1.24622,201.652,201.656478,2.49336977,-6.18005276,0
0,nominal,1.00,1.00,8000,193135,-48.161,-186.724,192.834992,-4.75339,-34.3617,198.364,201.374273,-23.9629671,-173.225484,0
0,nominal,1.00,1.00,8000,194648,-135.037,44.5464,142.194842,7.19423,-12.1557,204.69,205.176787,35.1469539,-59.3859006,0
0,nominal,1.00,1.00,8000,195883,-97.7106,79.6743,126.076784,-21.0959,-18.4144,191.979,194.010473,-109.886498,-95.9188245,0
0,nominal,1.00,1.00,8000,197775,-3.31206,-13.5603,13.9589211,1.34447,-5.66151,199.454,199.538864,6.74075225,-28.3850412,1
0,nominal,1.00,1.00,8000,203976,-115.035,-107.342,157.338349,3.46313,-3.11032,208.401,208.452978,16.6176266,-14.9246885,0
0,nominal,1.00,1.00,8000,204714,-63.0272,-35.4597,72.3174824,-14.7434,5.52311,192.471,193.113848,-76.6006307,28.6958035,0
0,nominal,1.00,1.00,8000,204771,-11.0718,-135.042,135.495116,4.2366,-21.8037,200.952,202.175806,21.0826466,-108.50203,0
0,nominal,1.00,1.00,8000,205493,-175.499,-41.9759,180.449093,-7.885,-14.5389,198.201,198.889892,-39.7828467,-73.3543221,0
0,nominal,1.00,1.00,8000,206527,63.3703,17.4958,65.7411434,-6.16001,-9.91596,203.254,203.58895,-30.3069558,-48.786051,0
0,nominal,1.00,1.00,8000,209469,12.2508,3.23449,12.6705969,28.892,0.062249,200.459,202.530398,144.129223,0.310532328,1
0,nominal,1.00,1.00,8000,212018,154.211,-37.5825,158.724531,3.03203,-4.56557,208.393,208.465057,14.549577,-21.9084614,0
0,nominal,1.00,1.00,8000,221055,6.25984,33.4287,34.0097571,-4.78488,-14.3797,199.5,200.074788,-23.9843609,-72.0786967,0
0,nominal,1.00,1.00,8000,223274,-63.9677,-157.132,169.653565,-6.47724,-39.3725,187.002,191.211653,-34.6372766,-210.545877,0
0,nominal,1.00,1.00,8000,223535,-129.419,-52.9799,139.843296,-12.7479,-13.3903,192.768,193.652552,-66.1307893,-69.4632927,0
0,nominal,1.00,1.00,8000,224024,-183.547,68.6958,195.981158,-2.6074,-8.57292,206.158,206.352646,-12.647581,-41.5842218,0
0,nominal,1.00,1.00,8000,226312,-43.0553,93.7228,103.139333,4.22553,-0.058875,191.831,191.877542,22.0273574,-0.30691077,0
0,nominal,1.00,1.00,8000,228628,-95.3026,73.5265,120.369148,-4.07423,16.9969,207.642,208.376328,-19.6214157,81.8567535,0
0,nominal,1.00,1.00,8000,230654,-41.1715,58.5702,71.5930216,14.0473,-10.6786,189.392,190.21222,74.1705035,-56.3835854,0
0,nominal,1.00,1.00,8000,232865,-102.306,-112.028,151.712855,-3.80453,-29.9718,197.511,199.808354,-19.2623702,-151.747498,0
0,nominal,1.00,1.00,8000,239596,-21.3372,186.705,187.920284,-0.678378,43.5207,199.187,203.887156,-3.40573431,218.491669,0
0,nominal,1.00,1.00,8000,242410,-26.1375,-169.339,171.34429,-4.42101,-37.0743,203.779,207.171257,-21.6951207,-181.93386,0
0,nominal,1.00,1.00,8000,244261,117.561,18.4121,118.994093,17.0611,-10.527,203.246,204.232307,83.9431034,-51.7943773,0
0,nominal,1.00,1.00,8000,247537,11.6741,84.2699,85.0746769,9.00571,37.7631,189.888,193.81591,47.4264303,198.870387,0
0,nominal,1.00,1.00,8000,251411,73.4391,43.9744,85.5981849,-9.10689,2.10142,203.648,203.862354,-44.7187795,10.3188836,0
0,nominal,1.00,1.00,8000,256127,64.5078,35.2381,73.5049655,-9.34988,-10.5442,201.809,202.300452,-46.3303421,-52.2484131,0
0,nominal,1.00,1.00,8000,256385,-3.27513,15.748,16.0849613,7.26154,-2.7693,203.518,203.666333,35.6800873,-13.6071502,1
0,nominal,1.00,1.00,8000,259096,-91.2394,0.281981,91.2398357,6.37408,-5.37642,206.347,206.515421,30.8901026,-26.0552371,0
0,nominal,1.00,1.00,8000,259772,-23.6256,-64.4898,68.6811712,3.90053,4.39236,198.338,198.424971,19.6660751,22.1458319,0
0,nominal,1.00,1.00,8000,261704,66.4822,175.645,187.805881,19.4978,19.8879,198.124,200.072017,98.4121056,100.381074,0
0,nominal,1.00,1.00,8000,262882,-34.7758,54.8506,64.9457049,2.16951,27.5085,200.39,202.280934,10.8264384,137.274814,0
0,nominal,1.00,1.00,8000,263152,22.2471,14.1646,26.3736488,-0.956429,8.77819,207.844,208.031487,-4.6016676,42.2345124,0
0,nominal,1.00,1.00,8000,266117,-111.784,-6.91684,111.997792,-1.56525,11.3007,196.825,197.155361,-7.95249587,57.4149625,0
0,nominal,1.00,1.00,8000,266234,-74.8784,14.2691,76.2258618,8.91722,-4.90845,197.279,197.541422,45.2010604,-24.8807526,0
0,nominal,1.00,1.00,8000,268411,-71.0296,-44.7418,83.9466065,-9.38105,-21.5712,201.112,202.48298,-46.6458988,-107.259636,0
0,nominal,1.00,1.00,8000,277360,24.6171,177.382,179.082036,-6.19573,42.3717,199.202,203.752754,-31.10275,212.707202,0
0,nominal,1.00,1.00,8000,279214,176.279,81.1977,194.080788,1.40938,-3.22093,194.204,194.235822,7.25721406,-16.5852918,0
0,nominal,1.00,1.00,8000,283945,81.432,24.1907,84.9491647,-17.1615,-23.7106,200.494,202.619233,-85.5960777,-118.260896,0
0,nominal,1.00,1.00,8000,291873,24.735,-82.9711,86.5795799,-19.4662,-12.027,205.678,206.946905,-94.6440553,-58.4748977,0
0,nominal,1.00,1.00,8000,294922,21.2976,-153.623,155.092275,-4.08476,-52.4115,193.99,200.986991,-21.0565493,-270.176298,0
0,nominal,1.00,1.00,8000,295732,-9.71387,23.0389,25.0030035,0.913361,-4.91472,209.616,209.675597,4.35730574,-23.4463018,0
0,nominal,1.00,1.00,8000,298230,118.342,-22.7702,120.5127,18.5431,-14.3837,207.088,208.413476,89.542127,-69.4569458,0
0,nominal,1.00,1.00,8000,298546,128.723,121.157,176.772819,-22.7895,12.2883,188.465,190.23517,-120.921657,65.2020269,0
0,nominal,1.00,1.00,8000,298941,2.86751,147.893,147.920797,5.21123,35.165,197.279,200.456324,26.4155333,178.250093,0
0,nominal,1.00,1.00,8000,304507,57.9667,107.145,121.820316,13.7523,21.93,200.706,202.36835,68.5196257,109.264297,0
0,nominal,1.00,1.00,8000,305834,38.5552,-67.4943,77.7301999,-23.3285,-9.76188,204.221,205.780782,-114.231641,-47.800569,0
0,nominal,1.00,1.00,8000,306753,-40.8148,-26.2248,48.5137922,17.8382,-24.5374,198.741,201.042957,89.7560141,-123.464207,0
0,nominal,1.00,1.00,8000,307254,123.958,-42.3651,130.997662,-2.91424,7.75429,203.918,204.086189,-14.2912347,38.0265107,0
0,nominal,1.00,1.00,8000,308905,10.807,34.3918,36.0497872,6.37572,-11.5157,198.125,198.561771,32.1802902,-58.1234069,0
0,nominal,1.00,1.00,8000,311469,44.894,-185.355,190.714308,1.159,-14.53,208.812,209.320127,5.55044729,-69.5841235,0
0,nominal,1.00,1.00,8000,317570,9.09366,15.4192,17.9010162,8.51643,4.89758,203.997,204.233425,41.7478198,24.0080982,1
0,nominal,1.00,1.00,8000,318783,-22.4654,-22.2012,31.5846083,-2.05623,3.31614,191.558,191.597735,-10.7342424,17.3114148,0
0,nominal,1.00,1.00,8000,320187,38.0316,26.4613,46.3314472,0.669597,16.3438,204.076,204.730511,3.28111586,80.0868304,0
0,nominal,1.00,1.00,8000,320225,43.0457,-58.483,72.6167582,8.92966,-1.84712,200.309,200.516449,44.5794248,-9.22135301,0
0,nominal,1.00,1.00,8000,321308,17.9723,96.2768,97.9399091,11.0412,34.5344,202.009,205.236861,54.6569707,170.954759,0
0,nominal,1.00,1.00,8000,324974,33.9231,-105.039,110.381014,10.8396,-24.3309,205.48,207.199228,52.7525793,-118.410064,0
0,nominal,1.00,1.00,8000,325841,-63.9123,-82.1183,104.058624,2.01398,7.5412,203.989,204.138281,9.87298335,36.9686601,0
0,nominal,1.00,1.00,8000,332236,-16.8576,28.566,33.169188,3.69798,5.02111,205.506,205.60059,17.9945111,24.4329119,0
0,nominal,1.00,1.00,8000,332917,-53.3229,-188.768,196.154759,-9.641,-20.3463,190.575,191.900368,-50.589007,-106.762692,0
0,nominal,1.00,1.00,8000,333598,60.602,-32.2049,68.6276765,-6.05485,3.13804,204.37,204.483753,-29.6269022,15.3546998,0
0,nominal,1.00,1.00,8000,341902,184.492,-53.3035,192.037916,-3.09367,2.84017,204.609,204.652096,-15.1199116,13.8809632,0
0,nominal,1.00,1.00,8000,342871,13.2379,116.845,117.5925,9.01989,11.8369,200.613,201.164227,44.9616426,59.0036538,0
0,nominal,1.00,1.00,8000,343190,-23.0996,-70.322,74.018749,3.71838,3.34824,204.5,204.561206,18.1827873,16.3728117,0
0,nominal,1.00,1.00,8000,343399,-156.886,33.8597,160.498275,2.46471,-15.8258,203.205,203.835234,12.1291799,-77.8809577,0
0,nominal,1.00,1.00,8000,345121,-10.5923,64.3001,65.1667068,-1.83907,-8.49836,200.097,200.28583,-9.19089242,-42.4712015,0
0,nominal,1.00,1.00,8000,346571,3.16834,10.1384,10.6219364,-7.62149,25.7641,202.267,204.04366,-37.6803433,127.376685,1
0,nominal,1.00,1.00,8000,353241,16.5462,-41.0863,44.2928976,-8.2057,-30.1389,188.749,191.316157,-43.4741376,-159.677137,0
0,nominal,1.00,1.00,8000,354275,-6.70072,86.332,86.5916501,-15.2251,32.3655,193.175,196.458418,-78.8150641,167.544972,0
0,nominal,1.00,1.00,8000,354325,-51.5433,35.0646,62.339698,-11.205,22.5973,207.031,208.561801,-54.1223295,109.149354,0
0,nominal,1.00,1.00,8000,355539,-105.968,43.5874,114.582191,-6.39954,22.1835,203.606,204.910871,-31.4309991,108.953076,0
0,nominal,1.00,1.00,8000,359140,-79.1371,22.3906,82.2436597,-0.760106,5.76042,205.793,205.875008,-3.69354643,27.9913311,0
0,nominal,1.00,1.00,8000,360321,-35.9171,66.47,75.5532856,-10.4539,12.19,208.775,209.391692,-50.0725662,58.388217,0
0,nominal,1.00,1.00,8000,360484,-35.857,-130.518,135.35388,-9.17503,-28.6394,205.802,207.987643,-44.5818311,-139.159969,0
0,nominal,1.00,1.00,8000,361671,53.1698,14.4672,55.1028811,-0.168539,5.95639,202.814,202.901517,-0.831002791,29.3687319,0
0,nominal,1.00,1.00,8000,362670,48.5784,133.39,141.960393,-7.67488,25.4309,198.599,200.367655,-38.645109,128.051501,0
0,nominal,1.00,1.00,8000,364864,-44.7283,-17.7147,48.1085379,9.56603,-11.5581,189.571,190.163778,50.461463,-60.9697686,0
0,nominal,1.00,1.00,8000,365906,16.2867,171.538,172.309437,8.27806,30.4032,188.438,191.05434,43.9298868,161.343253,0
0,nominal,1.00,1.00,8000,366243,-69.1637,-22.0384,72.5900026,6.74483,-5.77857,204.259,204.452008,33.0209685,-28.2904058,0
0,nominal,1.00,1.00,8000,367087,136.892,-56.2905,148.013648,-2.09459,-0.326666,195.489,195.500494,-10.7146182,-1.67101985,0
0,nominal,1.00,1.00,8000,368157,6.10904,-91.7149,91.9181334,3.11892,-17.9667,204.929,205.73873,15.2195151,-87.6728038,0
0,nominal,1.00,1.00,8000,368815,78.2865,114.467,138.677576,-15.4708,16.6614,208.224,209.461648,-74.298832,80.0167128,0
0,nominal,1.00,1.00,8000,369133,-24.3444,117.366,119.864206,2.46402,16.2848,206.322,206.978341,11.9425946,78.9290526,0
0,nominal,1.00,1.00,8000,376190,-92.674,116.663,148.992368,-25.619,1.1658,188.835,190.56849,-135.668705,6.17364366,0
0,nominal,1.00,1.00,8000,378840,35.7894,-100.91,107.068713,-7.40437,2.90152,203.726,203.881158,-36.3447474,14.2422666,0
0,nominal,1.00,1.00,8000,383965,-52.8052,-21.8955,57.1646925,4.06469,11.2615,199.419,199.778078,20.3826616,56.4715499,0
0,nominal,1.00,1.00,8000,391288,49.9202,2.83824,50.0008197,-23.3822,5.87819,189.096,190.626802,-123.652536,31.0857448,0
0,nominal,1.00,1.00,8000,392313,6.29713,24.7256,25.5148808,6.74014,-14.959,206.816,207.465802,32.5900317,-72.3299938,0
0,nominal,1.00,1.00,8000,394365,-114.094,46.9944,123.393332,-3.6555,8.9668,202.543,202.77434,-18.0480194,44.2710931,0
0,nominal,1.00,1.00,8000,396004,60.1319,29.4484,66.9556096,-12.0938,22.9741,197.981,199.676102,-61.0856597,116.041943,0
0,nominal,1.00,1.00,8000,398441,106.008,137.791,173.850671,1.97977,7.53855,194.604,194.760022,10.1733263,38.7378985,0
0,nominal,1.00,1.00,8000,398652,-169.299,52.2144,177.167985,-19.8457,-1.2559,203.94,204.907181,-97.3114642,-6.15818378,0
0,nominal,1.00,1.00,8000,399357,62.1925,93.8802,112.611718,-26.2124,3.37705,195.823,197.598435,-133.857616,17.2454206,0
0,nominal,1.00,1.00,8000,400904,-80.2658,124.637,148.24635,-13.9007,21.4329,201.66,203.271627,-68.9313696,106.282356,0
0,nominal,1.00,1.00,8000,408798,128.738,15.0921,129.619613,12.6971,2.81347,203.763,204.177599,62.3130794,13.8075607,0
0,nominal,1.00,1.00,8000,410010,-19.9415,-13.4055,24.0285425,10.3463,1.5733,201.774,202.045213,51.2766759,7.79733762,0
0,nominal,1.00,1.00,8000,411975,84.9176,-79.7392,116.487505,12.8425,-16.8731,205.981,207.069562,62.3479836,-81.9158078,0
0,nominal,1.00,1.00,8000,412081,81.1338,-8.07607,81.5347558,-9.23446,6.2798,202.276,202.584035,-45.6527715,31.0456999,0
0,nominal,1.00,1.00,8000,412957,-80.0061,-165.069,183.435958,3.3058,-15.1731,198.676,199.281972,16.6391512,-76.3710765,0
0,nominal,1.00,1.00,8000,414397,39.7973,32.1409,51.1552787,24.2187,3.44704,200.678,202.163516,120.68438,17.1769701,0
0,nominal,1.00,1.00,8000,417822,71.0476,-36.07,79.6793974,-3.76074,2.74972,200.127,200.181219,-18.7917672,13.7398752,0
0,nominal,1.00,1.00,8000,421697,144.761,16.9267,145.747248,18.0692,-3.46484,204.257,205.083942,88.4630637,-16.9631396,0
0,nominal,1.00,1.00,8000,422432,156.901,-80.0534,176.143324,2.82053,-36.2555,197.281,200.60461,14.297018,-183.775934,0
0,nominal,1.00,1.00,8000,431764,104.332,-10.2399,104.833305,14.9279,20.7212,191.792,193.484836,77.8337991,108.03996,0
0,nominal,1.00,1.00,8000,431980,99.1604,21.7613,101.520141,-9.01575,4.48836,201.426,201.67762,-44.759614,22.2829228,0
0,nominal,1.00,1.00,8000,432179,-2.8539,-50.9927,51.0724994,-3.01772,-3.76522,202.176,202.233574,-14.9262029,-18.6234766,0
0,nominal,1.00,1.00,8000,435764,-135.057,-101.972,169.229672,-10.4248,4.69175,193.065,193.403162,-53.9963225,24.3014011,0
0,nominal,1.00,1.00,8000,442674,69.4317,6.08542,69.6978716,-9.50946,4.04211,203.61,203.87202,-46.7042876,19.8522175,0
0,nominal,1.00,1.00,8000,444785,197.313,-18.4179,198.170732,-1.46151,-4.46813,197.238,197.294016,-7.40988045,-22.6534948,0
0,nominal,1.00,1.00,8000,446327,-15.9925,44.7581,47.529439,23.1764,-19.2331,190.685,193.048768,121.542859,-100.863204,0
0,nominal,1.00,1.00,8000,446406,33.4006,-42.9069,54.3746462,2.95661,12.3221,199.595,199.996849,14.8130464,61.7355144,0
0,nominal,1.00,1.00,8000,446627,130.092,-63.6552,144.830635,7.14024,-20.3602,208.13,209.245353,34.3066353,-97.8244367,0
0,nominal,1.00,1.00,8000,450836,71.1447,-49.8795,86.8880478,11.874,-4.23802,203.268,203.658618,58.4154909,-20.8494205,0
0,nominal,1.00,1.00,8000,453068,-62.8337,-35.7517,72.2928621,-9.43404,-9.0735,199.436,199.865074,-47.3035961,-45.4957982,0
0,nominal,1.00,1.00,8000,455356,-92.7065,-40.5778,101.198088,-2.15651,-8.06839,205.514,205.683625,-10.4932511,-39.2595638,0
0,nominal,1.00,1.00,8000,455466,34.5462,-43.7283,55.7279477,3.80169,1.92784,204.823,204.867349,18.560855,9.41222421,0
0,nominal,1.00,1.00,8000,459402,-94.0673,-88.5299,129.175075,-19.281,-18.1427,190.02,191.855453,-101.468266,-95.4778444,0
0,nominal,1.00,1.00,8000,464438,-9.05162,93.4077,93.8452463,-16.8818,6.0227,201.708,202.502803,-83.6942511,29.8585083,0
0,nominal,1.00,1.00,8000,469981,-104.292,32.184,109.145,7.2034,33.4889,200.776,203.67719,35.8777942,166.797326,0
0,nominal,1.00,1.00,8000,471789,-22.8371,126.026,128.078436,-3.15103,25.2236,188.467,190.173524,-16.7192665,133.835632,0
0,nominal,1.00,1.00,8000,475235,49.0226,21.5765,53.5608128,-9.70351,-10.3842,206.761,207.248886,-46.931046,-50.2232046,0
0,nominal,1.00,1.00,8000,478627,77.0297,146.139,165.197403,-7.65534,31.4733,199.621,202.231838,-38.3493721,157.665276,0
0,nominal,1.00,1.00,8000,485020,115.488,79.6989,140.318897,-1.29508,-2.06426,208.158,208.172264,-6.22162012,-9.91679397,0
0,nominal,1.00,1.00,8000,485966,-43.4866,23.9191,49.6307135,1.02394,5.81259,208.814,208.897394,4.90359842,27.8362083,0
0,nominal,1.00,1.00,8000,486745,-160.975,-59.3669,171.573248,-4.17879,6.53116,197.295,197.447298,-21.1804151,33.1035252,0
0,nominal,1.00,1.00,8000,490002,-75.8535,30.7754,81.8588951,5.33841,-6.65962,194.162,194.349508,27.4946179,-34.2992965,0
0,nominal,1.00,1.00,8000,495234,-51.5465,-108.03,119.69763,22.542,-16.7631,190.472,192.532403,118.348104,-88.0082112,0
0,nominal,1.00,1.00,8000,500991,35.2402,-0.729571,35.2477513,-4.09284,-8.51555,200.151,200.373872,-20.4487612,-42.5456281,0
0,nominal,1.00,1.00,8000,501877,126.657,-5.01566,126.756272,16.7188,4.69067,202.316,203.059805,82.6370628,23.1848692,0
0,nominal,1.00,1.00,8000,503123,-28.3101,52.0458,59.2471692,-17.814,20.5608,190.723,192.65344,-93.4024737,107.804512,0
0,nominal,1.00,1.00,8000,505890,26.0268,-25.8618,36.6909664,-16.5262,-16.0837,207.786,209.061767,-79.5347136,-77.4051187,0
0,nominal,1.00,1.00,8000,507760,58.2691,-111.239,125.576284,27.0085,-4.6272,204.108,205.93918,132.324554,-22.670351,0
0,nominal,1.00,1.00,8000,508172,-109.046,47.9274,119.113668,-10.4815,-15.1668,191.988,192.871164,-54.594558,-78.9986874,0
0,nominal,1.00,1.00,8000,508501,-74.8731,120.797,142.119303,-11.5825,12.0355,190.278,191.009751,-60.8714618,63.2521889,0
0,nominal,1.00,1.00,8000,511954,80.8758,0.561617,80.87775,-2.03705,2.00962,190.11,190.131534,-10.7151123,10.5708274,0
0,nominal,1.00,1.00,8000,512525,46.8157,30.371,55.8041881,12.0803,-13.2681,193.138,193.969748,62.5475049,-68.6975116,0
0,nominal,1.00,1.00,8000,512557,65.8646,57.7353,87.5871589,2.82313,32.1526,196.232,198.868694,14.3866953,163.849933,0
0,nominal,1.00,1.00,8000,515321,129.487,21.9902,131.340976,6.26031,-15.0887,204.574,205.225198,30.6016894,-73.7566846,0
0,nominal,1.00,1.00,8000,515531,-92.8645,-165.438,189.719654,7.91928,-48.2529,194.938,200.977315,40.6246088,-247.529471,0
0,nominal,1.00,1.00,8000,516939,-47.3695,66.3623,81.5341915,-3.39045,15.7093,203.895,204.527378,-16.6284117,77.0460286,0
0,nominal,1.00,1.00,8000,518430,-82.8463,47.6415,95.5678918,-1.26204,-12.1102,206.62,206.978439,-6.10802439,-58.6109767,0
0,nominal,1.00,1.00,8000,518487,6.85707,-72.0388,72.3644119,4.70301,3.25571,196.117,196.200397,23.980634,16.6008556,0
0,nominal,1.00,1.00,8000,518662,137.417,-90.1162,164.330038,11.9921,-16.2484,193.931,194.979624,61.836942,-83.7844388,0
0,nominal,1.00,1.00,8000,520817,-35.4634,11.6767,37.3362835,1.77739,-1.42949,194.271,194.284389,9.14902379,-7.3582264,0
0,nominal,1.00,1.00,8000,521794,86.3113,-48.6593,99.0826321,-0.281984,8.08039,209.24,209.396155,-1.34765819,38.6178073,0
0,nominal,1.00,1.00,8000,523372,-35.6245,23.4181,42.632293,-0.419362,-14.8922,200.94,201.491531,-2.08700109,-74.1126704,0
0,nominal,1.00,1.00,8000,525809,25.7516,1.24084,25.7814776,-5.66536,3.1872,205.266,205.368901,-27.6000896,15.5271696,0
0,nominal,1.00,1.00,8000,526305,37.2419,36.8781,52.4113859,4.12692,29.0505,205.627,207.709957,20.0699325,141.277653,0
0,nominal,1.00,1.00,8000,529724,-95.3217,-32.178,100.606412,-5.30147,11.9471,203.647,204.066017,-26.0326447,58.6657304,0
0,nominal,1.00,1.00,8000,530041,-62.6108,-37.2297,72.8434131,-12.524,-11.4303,204.798,205.498718,-61.1529409,-55.8125568,0
0,nominal,1.00,1.00,8000,531410,41.9803,69.4933,81.1890654,13.5174,0.142586,207.263,207.703374,65.218587,0.687947198,0
0,nominal,1.00,1.00,8000,532491,112.467,124.551,167.814712,-3.76561,14.8953,203.889,204.467049,-18.4689218,73.0559275,0
0,nominal,1.00,1.00,8000,533241,130.276,-24.327,132.52788,4.76458,-9.86518,198.72,199.021761,23.9763486,-49.6436192,0
0,nominal,1.00,1.00,8000,537531,-144.429,-6.99306,144.598198,-20.3537,0.859711,192.677,193.75097,-105.636376,4.46192851,0
0,nominal,1.00,1.00,8000,538542,-116.611,11.867,117.213271,-7.03749,-17.8051,202.716,203.618085,-34.7160066,-87.8327315,0
0,nominal,1.00,1.00,8000,540478,80.5734,7.19194,80.8937376,-5.18621,-6.75346,207.347,207.521769,-25.0122259,-32.5708112,0
0,nominal,1.00,1.00,8000,544588,-42.1475,22.8654,47.950373,2.52637,-11.9961,198.91,199.287423,12.7010708,-60.3091851,0
0,nominal,1.00,1.00,8000,547659,74.6207,-134.595,153.896273,11.7795,-9.00693,204.651,205.187507,57.5589662,-44.0111702,0
0,nominal,1.00,1.00,8000,551595,38.9648,51.1454,64.2970262,-4.39806,-5.63733,197.116,197.245633,-22.3120396,-28.5990483,0
0,nominal,1.00,1.00,8000,555547,-92.2454,40.4545,100.726265,4.33557,-4.00567,204.91,204.995002,21.158411,-19.5484359,0
0,nominal,1.00,1.00,8000,555551,-43.1816,22.143,48.5279613,-1.60997,2.24742,192.46,192.479855,-8.36521875,11.6773356,0
0,nominal,1.00,1.00,8000,557050,-28.4785,12.1654,30.968079,1.35722,-3.00141,192.483,192.511184,7.0511162,-15.5931173,0
0,nominal,1.00,1.00,8000,559140,-140.506,-103.139,174.297416,-2.43119,-33.2299,191.662,194.536524,-12.6847784,-173.377613,0
0,nominal,1.00,1.00,8000,559277,-17.2178,-100.925,102.383144,16.8935,-1.84608,204.333,205.038468,82.6763176,-9.034664,0
0,nominal,1.00,1.00,8000,561682,-24.655,-57.3175,62.3952308,5.17168,-35.1927,194.657,197.880318,26.5681686,-180.793396,0
0,nominal,1.00,1.00,8000,568091,43.0124,-6.17858,43.4538998,-5.7298,-3.51509,199.58,199.693172,-28.7092895,-17.6124361,0
0,nominal,1.00,1.00,8000,569429,5.1732,-40.1423,40.4742665,-12.9477,-35.9703,197.305,200.974547,-65.6227668,-182.308102,0
0,nominal,1.00,1.00,8000,574376,-25.3816,38.4029,46.0326878,3.10561,-14.8775,206.134,206.693519,15.0659765,-72.1739257,0
0,nominal,1.00,1.00,8000,574533,10.3747,-11.9792,15.8472595,-8.35712,-6.37005,193.426,193.711219,-43.2057738,-32.9327495,1
0,nominal,1.00,1.00,8000,576535,128.302,-81.9115,152.219897,8.49293,-28.6395,207.617,209.755023,40.9067177,-137.943906,0
0,nominal,1.00,1.00,8000,581109,-132.343,63.8726,146.950259,6.852,26.1583,204.438,206.218579,33.5162739,127.95224,0
0,nominal,1.00,1.00,8000,583111,-20.6062,-106.237,108.216984,10.0161,-31.09,190.241,193.024735,52.649534,-163.424288,0
0,nominal,1.00,1.00,8000,584756,-97.5794,26.5862,101.13637,-31.7034,-2.45127,202.709,205.187848,-156.398581,-12.0925563,0
0,nominal,1.00,1.00,8000,585589,43.5562,-6.18283,43.9928397,-10.1081,10.1366,203.347,203.850256,-49.7086261,49.8487807,0
0,nominal,1.00,1.00,8000,588212,-148.885,54.4297,158.52235,-5.27947,-8.31817,207.349,207.582929,-25.4617577,-40.1167597,0
0,nominal,1.00,1.00,8000,588729,-76.5929,-44.0906,88.3767692,-18.4518,7.9869,203.143,204.135587,-90.8315817,39.316639,0
0,nominal,1.00,1.00,8000,591597,113.463,-25.9659,116.396221,1.47883,12.1021,201.433,201.801638,7.34154781,60.0800266,0
0,nominal,1.00,1.00,8000,591733,159.888,-8.17305,160.096756,-14.385,14.387,189.663,190.751062,-75.8450515,75.8555965,0
0,nominal,1.00,1.00,8000,593033,130.961,48.5408,139.667436,-4.8847,-5.46262,203.155,203.287123,-24.0442027,-26.8889272,0
0,nominal,1.00,1.00,8000,597182,107.643,125.231,165.135759,3.4314,5.69793,207.091,207.197788,16.5695274,27.5141363,0
0,nominal,1.00,1.00,8000,602477,-99.8773,-45.5779,109.785336,-16.3099,-11.2913,208.302,209.244425,-78.2992962,-54.2063926,0
0,nominal,1.00,1.00,8000,603417,56.2254,68.4757,88.6014509,13.9496,-9.52845,203.404,204.104311,68.5807555,-46.844949,0
0,nominal,1.00,1.00,8000,603662,-80.6606,-60.7187,100.959858,-10.3797,-19.8847,197.735,199.00319,-52.492983,-100.562369,0
0,nominal,1.00,1.00,8000,606356,12.7911,-134.568,135.17455,0.0161411,-34.5414,189.419,192.542635,0.0852137325,-182.354463,0
0,nominal,1.00,1.00,8000,606974,-0.370968,-128.611,128.611535,2.59568,-0.651915,194.822,194.840381,13.3233413,-3.34620833,0
0,nominal,1.00,1.00,8000,608778,114.373,72.767,135.558915,0.931301,1.16629,193.744,193.749749,4.8068637,6.01974771,0
0,nominal,1.00,1.00,8000,612374,-29.8895,-17.382,34.5762366,10.0739,-2.8588,208.261,208.5241,48.3715146,-13.727006,0
0,nominal,1.00,1.00,8000,613946,51.8826,5.61914,52.1860031,-4.48443,-1.32434,191.906,191.962957,-23.3678468,-6.90098277,0
0,nominal,1.00,1.00,8000,614320,-147.806,41.7101,153.578469,-7.72607,34.8582,202.752,205.871707,-38.1060113,171.925308,0
0,nominal,1.00,1.00,8000,614466,-63.1162,-18.0065,65.6345088,4.22682,-0.625171,199.514,199.559748,21.185581,-3.13346933,0
0,nominal,1.00,1.00,8000,614910,178.37,-45.6829,184.127087,15.532,-6.44244,202.55,203.246773,76.6823007,-31.806665,0
0,nominal,1.00,1.00,8000,614958,3.23327,73.2305,73.3018428,-4.10591,22.4385,207.64,208.88924,-19.7741765,108.064438,0
0,nominal,1.00,1.00,8000,619096,-28.549,-51.7376,59.0916632,0.250088,7.75771,198.315,198.466833,1.26106447,39.1181202,0
0,nominal,1.00,1.00,8000,620484,-41.2935,46.1528,61.9292668,-9.7336,1.97945,203.668,203.910067,-47.7915038,9.71900348,0
0,nominal,1.00,1.00,8000,621157,9.03809,-21.7594,23.561803,-25.6458,-17.0188,198.621,200.991662,-129.119277,-85.6847967,0
0,nominal,1.00,1.00,8000,622289,59.5532,142.741,154.666017,3.37028,5.27067,204.517,204.612663,16.4792169,25.7713051,0
0,nominal,1.00,1.00,8000,623012,111.489,62.9055,128.011324,3.34083,5.4567,201.033,201.13479,16.6183164,27.1433048,0
0,nominal,1.00,1.00,8000,625473,-133.074,-107.177,170.867196,-11.7521,1.09851,198.774,199.124136,-59.1229235,5.526427,0
0,nominal,1.00,1.00,8000,626847,-42.739,13.7986,44.9112846,1.98536,-26.8976,197.622,199.453948,10.0462499,-136.106304,0
0,nominal,1.00,1.00,8000,632462,-33.6958,161.125,164.61067,20.5474,25.1599,193.469,196.17714,106.205128,130.046157,0
0,nominal,1.00,1.00,8000,636304,-11.0527,-4.9606,12.1148557,0.248864,5.83206,189.967,190.056665,1.31003806,30.7003848,1
0,nominal,1.00,1.00,8000,637261,-81.9737,108.935,136.332394,-4.40288,10.8342,208.953,209.280007,-21.07115,51.8499375,0
0,nominal,1.00,1.00,8000,638021,59.1076,-30.5685,66.5442828,0.146678,-5.21527,201.436,201.503555,0.728161798,-25.8904565,0
0,nominal,1.00,1.00,8000,641878,-32.963,48.3705,58.5343031,-1.02896,-10.5009,192.65,192.938721,-5.34108487,-54.5076564,0
0,nominal,1.00,1.00,8000,653541,-32.9395,-17.0542,37.0925383,5.30042,0.643807,200.262,200.333166,26.4674277,3.21482358,0
0,nominal,1.00,1.00,8000,658083,8.87342,35.7604,36.8448611,-3.41015,-17.2045,198.187,198.961581,-17.206729,-86.8094275,0
0,nominal,1.00,1.00,8000,660699,129.378,113.988,172.429496,-11.0911,22.8169,198.227,199.843856,-55.9515101,115.104905,0
0,nominal,1.00,1.00,8000,661991,-34.6736,44.6519,56.5336246,0.446568,-1.57136,196.399,196.405794,2.2737794,-8.0008554,0
0,nominal,1.00,1.00,8000,668220,16.3959,27.9997,32.4470143,17.1053,-14.149,195.88,197.133863,87.3254033,-72.2329998,0
0,nominal,1.00,1.00,8000,674167,42.337,-154.008,159.721275,-1.8643,-21.0829,193.122,194.278334,-9.65348329,-109.168816,0
0,nominal,1.00,1.00,8000,677811,186.427,-60.0446,195.858062,9.60805,-21.2834,201.888,203.234009,47.590991,-105.421818,0
0,nominal,1.00,1.00,8000,679446,2.96862,-21.6388,21.8414828,0.821502,2.88438,206.007,206.028829,3.98773828,14.0013689,0
0,nominal,1.00,1.00,8000,680244,188.149,-22.2157,189.45602,7.92069,-4.3676,202.966,203.167444,39.0247135,-21.5188751,0
0,nominal,1.00,1.00,8000,680524,-86.0015,50.5269,99.7458051,3.81805,2.32987,201.377,201.426666,18.9597124,11.5696927,0
0,nominal,1.00,1.00,8000,681742,-57.8016,-70.1514,90.896886,3.21481,12.328,204.033,204.430379,15.7563237,60.4215985,0
0,nominal,1.00,1.00,8000,685532,129.201,32.3862,133.198215,1.12774,0.860554,192.419,192.424229,5.86085574,4.47229224,0
0,nominal,1.00,1.00,8000,685584,-82.8684,22.2297,85.7982009,7.44796,-4.24569,191.467,191.658838,38.8994448,-22.1745262,0
0,nominal,1.00,1.00,8000,692199,12.1664,45.0609,46.6744684,13.3599,-7.75072,206.249,206.826523,64.7755868,-37.5794307,0
0,nominal,1.00,1.00,8000,700441,125.117,-89.0628,153.578794,-7.58721,-5.62668,200.033,200.255902,-37.9297916,-28.1287588,0
0,nominal,1.00,1.00,8000,701433,-47.4985,20.3594,51.6779708,0.11724,-5.824,191.557,191.64555,0.612037148,-30.403483,0
0,nominal,1.00,1.00,8000,702575,-48.0828,37.7113,61.1072647,1.43272,-0.573619,198.375,198.381003,7.22228103,-2.89158916,0
0,nominal,1.00,1.00,8000,704109,-156.771,45.156,163.144754,-2.6155,9.85355,198.555,198.816552,-13.1726726,49.6263,0
0,nominal,1.00,1.00,8000,707591,69.5011,5.49994,69.7183781,9.88126,3.04122,203.709,203.971187,48.5067425,14.9292373,0
0,nominal,1.00,1.00,8000,708077,89.0666,36.5091,96.2588885,-7.74968,-9.97406,197.919,198.321633,-39.1558163,-50.3946564,0
0,nominal,1.00,1.00,8000,714891,5.34606,160.054,160.143259,14.2818,32.2744,205.333,208.344061,69.5543337,157.180775,0
0,nominal,1.00,1.00,8000,716245,53.0852,-23.3237,57.9830444,-2.90043,4.59227,198.776,198.850194,-14.5914497,23.1027388,0
0,nominal,1.00,1.00,8000,720986,-7.40119,83.7218,84.048304,14.0642,40.3904,197.159,201.744535,71.3343038,204.862066,0
0,nominal,1.00,1.00,8000,721334,23.4137,-14.8475,27.7245307,-7.70617,-14.1544,197.378,198.034863,-39.0426998,-71.7121462,0
0,nominal,1.00,1.00,8000,722498,40.3284,-18.3862,44.3219155,-9.0152,7.53539,196.097,196.448694,-45.9731663,38.42685,0
0,nominal,1.00,1.00,8000,722926,-136.753,110.578,175.866077,-15.0053,30.4554,207.142,209.905928,-72.4396791,147.026677,0
0,nominal,1.00,1.00,8000,722945,-8.55835,-39.667,40.5797516,-16.0182,-16.163,192.303,193.644698,-83.2966724,-84.0496508,0
0,nominal,1.00,1.00,8000,725193,-76.5084,2.22158,76.5406473,0.492906,24.3653,192.219,193.757722,2.56429385,126.758021,0
0,nominal,1.00,1.00,8000,726903,-107.741,144.447,180.202827,12.9014,19.1493,203.904,205.207171,63.2719319,93.9133121,0
0,nominal,1.00,1.00,8000,726949,68.4462,-71.9911,99.335798,10.5088,-15.1493,192.113,192.995702,54.7011394,-78.856194,0
0,nominal,1.00,1.00,8000,730582,-56.0921,37.5992,67.5279462,-2.62165,26.5009,192.26,194.095539,-13.6359617,137.838864,0
0,nominal,1.00,1.00,8000,735468,68.0096,-3.07392,68.0790326,-3.47399,-11.2999,206.866,207.203519,-16.7934315,-54.6242495,0
0,nominal,1.00,1.00,8000,735761,-142.673,44.8221,149.548004,5.04477,-10.5157,191.361,191.716097,26.3625817,-54.9521585,0
0,nominal,1.00,1.00,8000,738044,59.8285,-3.08131,59.9077948,-6.64937,7.75153,198.684,198.946305,-33.4670633,39.0143645,0
0,nominal,1.00,1.00,8000,738316,-67.1789,-19.4787,69.9458673,-7.16177,-12.1404,200.841,201.335013,-35.6589043,-60.4478169,0
0,nominal,1.00,1.00,8000,739231,70.4326,-118.218,137.609036,6.92488,-26.3748,200.452,202.298266,34.5463253,-131.576637,0
0,nominal,1.00,1.00,8000,743810,-163.9,-10.4401,164.23217,-3.76808,-6.95799,191.437,191.600462,-19.6831334,-36.3461086,0
0,nominal,1.00,1.00,8000,748148,-34.6305,79.131,86.3770033,-6.4741,12.8065,192.869,193.402098,-33.5673436,66.3999917,0
0,nominal,1.00,1.00,8000,750530,177.859,35.4804,181.363399,5.54017,-16.2274,194.256,195.011322,28.5199428,-83.5361585,0
0,nominal,1.00,1.00,8000,752109,15.5881,114.304,115.36201,-2.51781,24.7959,205.217,206.724921,-12.2690128,120.827709,0
0,nominal,1.00,1.00,8000,755549,113.896,148.359,187.036605,0.611805,11.9986,192.269,192.643996,3.18202622,62.4052759,0
0,nominal,1.00,1.00,8000,755844,137.31,-20.5515,138.839477,1.16443,11.8768,195.944,196.307069,5.94266729,60.6132364,0
0,nominal,1.00,1.00,8000,756798,36.1481,-137.598,142.266984,14.51,-15.8007,205.882,206.996619,70.4772637,-76.7463887,0
0,nominal,1.00,1.00,8000,757103,-179.286,20.6099,180.466722,3.30944,-1.95126,209.932,209.967151,15.7643427,-9.29472401,0
0,nominal,1.00,1.00,8000,757869,-8.19798,20.2941,21.8873793,-21.0733,-17.7009,206.445,208.271323,-102.077067,-85.7414808,0
0,nominal,1.00,1.00,8000,764109,41.8697,-106.522,114.455268,-23.8715,-8.61702,201.869,203.458091,-118.252431,-42.6861975,0
0,nominal,1.00,1.00,8000,769047,14.9977,23.8336,28.1597495,17.8655,-6.06691,197.502,198.401168,90.4573118,-30.7182206,0
0,nominal,1.00,1.00,8000,769164,179.176,55.0262,187.435113,-1.23428,-2.45905,194.765,194.784434,-6.33727826,-12.6257284,0
0,nominal,1.00,1.00,8000,770254,79.492,-116.098,140.704384,7.28876,-40.2093,197.607,201.788107,36.8851306,-203.481152,0
0,nominal,1.00,1.00,8000,771477,-42.174,-16.8326,45.4090597,-12.2322,-24.2183,206.501,208.275817,-59.2355485,-117.279335,0
0,nominal,1.00,1.00,8000,779702,-118.853,-54.4921,130.749473,3.65226,1.61608,201.259,201.298623,18.1470642,8.02985208,0
0,nominal,1.00,1.00,8000,781954,119.979,-45.0248,128.149105,-8.95751,-2.80953,201.274,201.492813,-44.5040591,-13.9587329,0
0,nominal,1.00,1.00,8000,785595,63.3689,-101.922,120.015464,22.1343,-17.1344,197.686,199.657881,111.966958,-86.6748278,0
0,nominal,1.00,1.00,8000,787179,179.399,-37.6133,183.29965,-2.62659,-12.8187,209.399,209.807434,-12.5434696,-61.2166247,0
0,nominal,1.00,1.00,8000,790325,-131.254,89.3653,158.788442,0.592933,10.6879,204.216,204.496351,2.90346006,52.3362518,0
0,nominal,1.00,1.00,8000,791335,-12.3076,174.798,175.230756,-10.2299,21.3352,190.058,191.525155,-53.8251481,112.256259,0
0,nominal,1.00,1.00,8000,791972,-46.4918,107.762,117.363266,4.95708,2.04368,193.345,193.419333,25.6385218,10.5701208,0
0,nominal,1.00,1.00,8000,799262,-41.9952,70.6924,82.2253747,4.08706,18.5308,193.919,194.845254,21.0761194,95.5594862,0
0,nominal,1.00,1.00,8000,802174,-19.2443,-144.43,145.706445,-10.0396,-31.0139,188.244,191.045699,-53.3329084,-164.753724,0
0,nominal,1.00,1.00,8000,803146,35.2535,-195.419,198.573399,13.5552,-21.4857,196.071,197.709928,69.1341402,-109.581223,0
0,nominal,1.00,1.00,8000,804158,26.5903,17.7027,31.9441644,6.35861,19.6867,206.363,207.39741,30.8127426,95.3983999,0
0,nominal,1.00,1.00,8000,805618,25.8045,-94.1239,97.5970326,4.2514,3.96368,194.138,194.224994,21.8988555,20.4168169,0
0,nominal,1.00,1.00,8000,808883,156.219,-7.46615,156.397312,10.1482,1.2192,204.64,204.8951,49.5905004,5.95777952,0
0,nominal,1.00,1.00,8000,810594,16.0263,55.1121,57.3949985,-27.9169,-18.5446,199.986,202.774889,-139.594272,-92.7294911,0
0,nominal,1.00,1.00,8000,812267,-95.4362,-143.976,172.734353,-4.54414,-7.57524,191.96,192.163147,-23.6723276,-39.4625964,0
0,nominal,1.00,1.00,8000,812489,-50.4856,-123.854,133.748305,-4.8085,-5.42615,202.521,202.650735,-23.7432168,-26.7930239,0
0,nominal,1.00,1.00,8000,813259,85.1366,-145.822,168.855845,5.15779,-27.2812,201.598,203.50091,25.5845296,-135.324755,0
0,nominal,1.00,1.00,8000,813847,-88.883,11.2173,89.5880322,5.99286,-4.71071,203.306,203.448851,29.4770445,-23.170541,0
0,nominal,1.00,1.00,8000,817911,82.2083,139.634,162.036596,6.90606,29.4097,190.292,192.675036,36.2919093,154.550375,0
0,nominal,1.00,1.00,8000,823643,-78.651,-83.4601,114.680286,3.61938,-2.56884,208.714,208.761186,17.3413379,-12.3079429,0
0,nominal,1.00,1.00,8000,828139,-12.4886,7.84087,14.7459951,-0.704198,-7.25132,192.719,192.856658,-3.65401439,-37.6263887,1
0,nominal,1.00,1.00,8000,831255,-120.326,-104.631,159.455299,-8.68428,-16.7778,202.16,203.040826,-42.9574594,-82.9926791,0
0,nominal,1.00,1.00,8000,837242,28.7091,-53.7381,60.9261505,-5.29906,9.20816,204.254,204.530112,-25.9434821,45.0819078,0
0,nominal,1.00,1.00,8000,837583,-35.8958,-25.334,43.9354073,-24.0505,11.2487,191.025,192.861376,-125.902369,58.8860097,0
0,nominal,1.00,1.00,8000,847528,46.5981,-13.1713,48.4238171,20.711,0.594385,196.982,198.068693,105.141587,3.01745845,0
0,nominal,1.00,1.00,8000,849125,-8.6927,-108.159,108.507752,-3.32403,-5.48855,201.154,201.256317,-16.5248019,-27.2853137,0
0,nominal,1.00,1.00,8000,852654,-96.7015,29.5957,101.129054,9.013,-11.0695,192.294,192.823107,46.8709372,-57.5654987,0
0,nominal,1.00,1.00,8000,854042,-89.9934,-5.24441,90.1460808,-24.0194,2.34437,206.477,207.882609,-116.329664,11.354146,0
0,nominal,1.00,1.00,8000,858040,-11.3979,-53.6655,54.8625374,-3.71786,6.1896,197.512,197.643932,-18.8234639,31.3378428,0
0,nominal,1.00,1.00,8000,858871,88.273,-10.1908,88.8592985,1.86963,-1.41126,199.033,199.046784,9.3935679,-7.09058297,0
0,nominal,1.00,1.00,8000,858943,-24.9425,52.4993,58.1231865,-10.3367,22.2138,198.383,199.890257,-52.104767,111.974312,0
0,nominal,1.00,1.00,8000,859678,42.772,46.445,63.1393856,2.25868,0.524959,208.854,208.866873,10.8146361,2.51352141,0
0,nominal,1.00,1.00,8000,859919,133.893,-105.46,170.438103,-22.9427,4.00667,196.965,198.337168,-116.481101,20.3420405,0
0,nominal,1.00,1.00,8000,861710,127.381,-27.3531,130.284731,-13.5674,-18.0283,207.758,208.979617,-65.3038631,-86.7754792,0
0,nominal,1.00,1.00,8000,863883,-44.7022,21.4516,49.582838,-20.1057,-3.64477,195.818,196.881215,-102.675444,-18.6130489,0
0,nominal,1.00,1.00,8000,868809,-5.66777,-26.6262,27.2227505,8.8301,4.71263,194.35,194.607559,45.4340108,24.2481605,0
0,nominal,1.00,1.00,8000,872646,43.1791,-104.512,113.080471,3.43214,-6.26755,206.449,206.57263,16.6246385,-30.3588295,0
0,nominal,1.00,1.00,8000,874398,184.898,-39.3357,189.03589,7.89225,-11.9371,190.751,191.287025,41.3746193,-62.5794884,0
0,nominal,1.00,1.00,8000,878069,-42.9907,-41.4804,59.739634,16.876,3.05388,207.296,208.004224,81.4101575,14.7319775,0
0,nominal,1.00,1.00,8000,882319,41.4213,44.8355,61.0405288,-12.2479,6.52332,195.181,195.673676,-62.7514973,33.4219007,0
0,nominal,1.00,1.00,8000,884885,-43.8351,3.40635,43.9672516,-8.62312,-17.1034,193.403,194.349183,-44.5862784,-88.4339953,0
0,nominal,1.00,1.00,8000,886345,28.6393,52.3241,59.6491487,-28.3191,24.2152,193.779,197.328782,-146.141223,124.962973,0
0,nominal,1.00,1.00,8000,890550,-155.091,7.09332,155.253127,-13.8407,-0.36261,207.085,207.547329,-66.8358404,-1.75102011,0
0,nominal,1.00,1.00,8000,892913,-95.6746,-42.25,104.5882,8.298,11.7612,204.994,205.498717,40.4792335,57.3733865,0
0,nominal,1.00,1.00,8000,893047,137.167,-35.5366,141.695574,-6.39669,0.751753,209.101,209.20017,-30.5913889,3.59516693,0
0,nominal,1.00,1.00,8000,896930,-63.0586,-6.78314,63.4223779,-11.2782,-21.1506,194.162,195.635958,-58.0865463,-108.932747,0
0,nominal,1.00,1.00,8000,899781,-30.301,52.0003,60.1845645,12.3436,-11.0835,208.275,208.934641,59.2658744,-53.2157004,0
0,nominal,1.00,1.00,8000,900669,26.4688,5.54996,27.0443974,-1.50911,-8.51713,193.801,193.993934,-7.78690512,-43.9478124,0
0,nominal,1.00,1.00,8000,903053,109.035,152.258,187.272875,10.6524,14.3551,203.621,204.404144,52.3148398,70.4991135,0
0,nominal,1.00,1.00,8000,904054,72.4087,45.933,85.7488211,23.4663,4.71185,195.513,196.972592,120.024244,24.099932,0
0,nominal,1.00,1.00,8000,904694,-44.0757,-32.2399,54.6084104,-5.41985,0.583164,199.5,199.574459,-27.1671679,2.92312782,0
0,nominal,1.00,1.00,8000,904757,39.039,35.1993,52.5645721,-4.27801,5.53905,205.22,205.339307,-20.8459702,26.9907904,0
0,nominal,1.00,1.00,8000,905310,54.9807,61.1026,82.1973546,1.97512,-15.0129,207.581,208.132553,9.51493634,-72.3230932,0
0,nominal,1.00,1.00,8000,907158,131.488,40.1126,137.470414,-5.60667,3.5827,198.682,198.793379,-28.2193153,18.0323331,0
0,nominal,1.00,1.00,8000,907609,-2.18346,-22.399,22.5051705,23.6695,2.1675,204.266,205.644212,115.875868,10.6111639,0
0,nominal,1.00,1.00,8000,912092,17.6983,-31.9987,36.5670155,-17.2066,-20.3822,207.181,208.891043,-83.051052,-98.3787123,0
0,nominal,1.00,1.00,8000,922289,51.5151,72.2158,88.7069743,-9.72824,-6.94926,194.476,194.84313,-50.0228306,-35.7332524,0
0,nominal,1.00,1.00,8000,922789,73.2623,-67.3871,99.5408753,-6.17965,5.80573,197.495,197.676932,-31.2901592,29.3968455,0
0,nominal,1.00,1.00,8000,926575,21.4572,56.6609,60.5876969,-4.32796,30.6159,195.048,197.483637,-22.1892047,156.965978,0
0,nominal,1.00,1.00,8000,928705,181.237,4.74878,181.299203,13.133,-3.35103,206.45,206.894436,63.6134657,-16.2316784,0
0,nominal,1.00,1.00,8000,929337,160.365,-59.525,171.056011,9.14062,-21.8125,203.255,204.626321,44.9711938,-107.315933,0
0,nominal,1.00,1.00,8000,929351,81.5616,16.3053,83.1754615,-9.12412,-10.7922,204.689,205.176285,-44.5755268,-52.7248655,0
0,nominal,1.00,1.00,8000,930642,-142.615,-49.7419,151.040706,-1.41032,6.54064,205.185,205.294065,-6.87340693,31.8767941,0
0,nominal,1.00,1.00,8000,931038,19.8821,-194.292,195.306629,-11.3877,-42.9666,189.175,194.327016,-60.1966433,-227.126206,0
0,nominal,1.00,1.00,8000,931497,58.331,-24.0108,63.079506,1.54619,-13.9346,194.788,195.291906,7.93780931,-71.537261,0
0,nominal,1.00,1.00,8000,938133,-28.7409,28.2206,40.2795432,4.72101,-1.03848,205.693,205.749791,22.951729,-5.04868907,0
0,nominal,1.00,1.00,8000,938315,-104.714,94.5502,141.084238,17.6133,24.7831,192.856,195.237976,91.3287634,128.505724,0
0,nominal,1.00,1.00,8000,938587,-138.817,35.6917,143.331982,6.03039,-3.00068,195.747,195.862854,30.8070622,-15.3293792,0
0,nominal,1.00,1.00,8000,942562,137.564,-64.6485,151.99764,-5.79706,-6.20247,194.045,194.230632,-29.8748229,-31.9640805,0
0,nominal,1.00,1.00,8000,943022,92.029,-6.14317,92.2338082,-0.405552,-1.70468,197.624,197.631768,-2.05213942,-8.6258754,0
0,nominal,1.00,1.00,8000,944420,-116.181,41.9139,123.510323,8.02873,-9.81314,205.118,205.509494,39.1420061,-47.8414376,0
0,nominal,1.00,1.00,8000,944809,-149.304,-11.0707,149.713876,-10.4983,-18.558,202.568,203.687035,-51.8260535,-91.6136803,0
0,nominal,1.00,1.00,8000,945108,-131.726,-76.5065,152.331821,0.539834,-19.5503,207.91,208.827857,2.59647925,-94.0325141,0
0,nominal,1.00,1.00,8000,946822,-193.61,32.9063,196.386498,0.390802,0.55824,193.769,193.770198,2.0168448,2.88095619,0
0,nominal,1.00,1.00,8000,947428,-30.169,64.6861,71.3754866,-6.09444,-25.8629,196.988,198.77199,-30.9381282,-131.291754,0
0,nominal,1.00,1.00,8000,950142,-125.635,112.996,168.974108,2.00043,11.0662,204.32,204.629238,9.7906715,54.1611198,0
0,nominal,1.00,1.00,8000,952022,-52.7323,-156.822,165.450401,-2.37976,-14.0387,203.141,203.639422,-11.7148188,-69.1081564,0
0,nominal,1.00,1.00,8000,959257,11.5477,87.0506,87.81319,26.0739,-0.28077,200.449,202.137895,130.077476,-1.40070542,0
0,nominal,1.00,1.00,8000,961527,106.913,76.5002,131.46357,-8.24411,30.2817,194.668,197.181584,-42.3495901,155.555613,0
0,nominal,1.00,1.00,8000,963272,111.423,81.8226,138.239006,5.27433,8.54351,206.047,206.291484,25.5977034,41.4638893,0
0,nominal,1.00,1.00,8000,964221,-47.7701,76.8499,90.4869581,-11.5853,35.5496,195.411,198.955905,-59.2868365,181.922205,0
0,nominal,1.00,1.00,8000,965220,18.2273,61.1588,63.8171864,0.953886,-6.16785,196.222,196.321231,4.86125919,-31.4330197,0
0,nominal,1.00,1.00,8000,965845,138.778,-108.269,176.015652,1.68945,-9.42416,195.525,195.759277,8.64058305,-48.1992584,0
0,nominal,1.00,1.00,8000,965918,75.4502,-84.5632,113.329905,-0.210065,3.72471,191.333,191.369367,-1.09790261,19.4671594,0
0,nominal,1.00,1.00,8000,968560,-58.9581,106.061,121.346583,-0.402702,-2.55605,202.804,202.820507,-1.98567089,-12.6035483,0
0,nominal,1.00,1.00,8000,980666,61.9207,-24.0494,66.427003,2.58204,-4.51278,203.773,203.839318,12.6711586,-22.1461136,0
0,nominal,1.00,1.00,8000,983558,-127.111,-26.3848,129.820507,5.42789,7.1866,199.385,199.588295,27.2231612,36.0438348,0
0,nominal,1.00,1.00,8000,985196,78.309,35.463,85.9646663,6.88585,-12.1168,195.906,196.401101,35.1487448,-61.850071,0
0,nominal,1.00,1.00,8000,992702,108.9,-68.5227,128.664565,10.0892,-9.324,194.746,195.22995,51.8069691,-47.8777485,0
0,nominal,1.00,1.00,8000,994115,0.480408,-106.442,106.443084,-0.12567,-5.87981,198.933,199.019915,-0.631720227,-29.5567352,0
0,nominal,1.00,1.00,8000,999535,23.8381,-17.4215,29.5256443,-6.65903,-9.84812,199.037,199.391714,-33.4562418,-49.4788406,0
0,nominal,1.00,1.00,11000,2485,94.229,6.16947,94.4307514,4.10306,-10.4512,194.204,194.528292,21.1275772,-53.8155754,0
0,nominal,1.00,1.00,11000,6346,-82.5187,-74.6622,111.282433,-10.8878,-1.63353,205.83,206.124238,-52.897051,-7.93630666,0
0,nominal,1.00,1.00,11000,6547,-50.1675,76.1619,91.1998523,0.73783,6.33401,193.023,193.128306,3.82249784,32.8147941,0
0,nominal,1.00,1.00,11000,6576,-9.49503,115.887,116.27533,-1.73405,26.9087,188.359,190.279263,-9.2060905,142.858584,0
0,nominal,1.00,1.00,11000,12234,-180.513,4.51392,180.569429,-4.61462,10.2044,200.821,201.133037,-22.9787721,50.8134109,0
0,nominal,1.00,1.00,11000,16842,-77.6923,80.0644,111.563442,-6.85461,21.3154,208.28,209.480048,-32.9105531,102.340119,0
0,nominal,1.00,1.00,11000,18460,-9.08424,-13.9017,16.6066456,-2.98685,-10.2475,194.311,194.60395,-15.3714921,-52.7376216,1
0,nominal,1.00,1.00,11000,29243,-81.5539,58.9523,100.630076,-9.78332,22.5653,202.852,204.337564,-48.2288565,111.240215,0
0,nominal,1.00,1.00,11000,31919,-68.9319,-8.25304,69.4241997,9.29728,3.92162,201.459,201.711545,46.1497377,19.4660948,0
0,nominal,1.00,1.00,11000,33486,36.2317,26.3678,44.8106791,0.622004,2.89331,207.046,207.067149,3.00418265,13.9742376,0
0,nominal,1.00,1.00,11000,34250,18.0753,-77.7734,79.8462161,-11.8357,-21.9395,194.667,196.256634,-60.7997247,-112.702718,0
0,nominal,1.00,1.00,11000,38510,-154.769,-116.129,193.492605,0.651585,0.0628634,206.725,206.726036,3.15194098,0.30409191,0
0,nominal,1.00,1.00,11000,41597,-1.28751,33.9431,33.9675098,24.0972,-6.61477,202.97,204.502448,118.722964,-32.5898901,0
0,nominal,1.00,1.00,11000,42075,144.65,41.6302,150.521414,7.63937,-6.89141,196.99,197.258489,38.7804965,-34.9835525,0
0,nominal,1.00,1.00,11000,43269,-28.3326,-2.36281,28.4309531,-1.44084,-11.5116,202.619,202.950861,-7.1110804,-56.8140204,0
0,nominal,1.00,1.00,11000,44959,32.0203,132.134,135.958426,4.05757,6.81891,199.635,199.792629,20.324943,34.1568863,0
0,nominal,1.00,1.00,11000,53874,3.45851,-83.4825,83.5541088,-22.9904,3.72068,197.963,199.32825,-116.134833,18.7948253,0
0,nominal,1.00,1.00,11000,55892,-5.18729,-1.60027,5.42852113,3.88317,3.88956,191.006,191.085059,20.3300943,20.3635488,1
0,nominal,1.00,1.00,11000,56575,41.5767,6.64535,42.1044257,3.77964,7.08238,205.623,205.779649,18.3814067,34.4435204,0
0,nominal,1.00,1.00,11000,58651,39.0873,9.64719,40.2602198,13.3129,-7.33957,208.773,209.325746,63.7673454,-35.1557433,0
0,nominal,1.00,1.00,11000,60991,-111.32,-8.82504,111.66926,-6.56366,8.81088,199.361,199.663521,-32.9234906,44.195605,0
0,nominal,1.00,1.00,11000,62289,99.1888,84.286,130.163543,23.4577,8.65883,191.509,193.134503,122.48876,45.2136975,0
0,nominal,1.00,1.00,11000,70954,15.583,-63.1458,65.0401564,8.78411,-5.37052,195.545,195.815858,44.921169,-27.4643688,0
0,nominal,1.00,1.00,11000,71461,94.6931,5.24728,94.8383737,4.42454,-11.2229,205.99,206.342943,21.4793922,-54.4827419,0
0,nominal,1.00,1.00,11000,71917,170.645,59.7392,180.79958,6.72958,9.47451,207.861,208.185612,32.3753855,45.5809892,0
0,nominal,1.00,1.00,11000,74482,-5.68671,15.0064,16.0477634,-5.1521,11.314,207.86,208.231435,-24.7863947,54.4308669,1
0,nominal,1.00,1.00,11000,78377,-15.3125,54.4154,56.5288282,-1.74361,-4.37557,191.863,191.920808,-9.0877866,-22.8056999,0
0,nominal,1.00,1.00,11000,78804,22.335,-62.0102,65.9099168,-8.13641,-1.69616,197.06,197.235194,-41.2889983,-8.60732772,0
0,nominal,1.00,1.00,11000,78829,-8.90771,29.7163,31.0226656,-13.3035,-19.8368,205.029,206.415534,-64.885943,-96.7511913,0
0,nominal,1.00,1.00,11000,88148,-121.339,-53.8791,132.763362,-6.24618,6.76482,194.173,194.391182,-32.1681181,34.8391383,0
0,nominal,1.00,1.00,11000,88261,51.3955,-28.28,58.662218,-3.45623,-1.6492,208.34,208.375193,-16.5893731,-7.91590669,0
0,nominal,1.00,1.00,11000,90323,122.66,116.527,169.186339,0.0198065,-1.38596,201.87,201.874759,0.0981151236,-6.86560658,0
0,nominal,1.00,1.00,11000,94775,20.2476,-152.675,154.011756,-2.45043,-20.7811,194.138,195.262443,-12.6221039,-107.042928,0
0,nominal,1.00,1.00,11000,95475,-138.49,91.175,165.808205,2.69827,-1.21952,200.488,200.509865,13.4585112,-6.08275807,0
0,nominal,1.00,1.00,11000,98758,85.5688,123.454,150.209552,-0.199038,4.56739,203.853,203.904258,-0.976380039,22.4053117,0
0,nominal,1.00,1.00,11000,99791,117.568,-49.7665,127.667299,5.87513,-4.9384,201.385,201.531197,29.1736227,-24.5221839,0
0,nominal,1.00,1.00,11000,102139,-118.28,-78.7298,142.086382,3.58384,-2.17153,207.016,207.058407,17.3118986,-10.4896723,0
0,nominal,1.00,1.00,11000,106425,99.3106,-23.0928,101.960152,9.35731,-14.9676,195.764,196.558215,47.7989314,-76.457367,0
0,nominal,1.00,1.00,11000,109260,-101.356,160.439,189.772789,-4.83182,8.00953,202.103,202.319356,-23.9077104,39.6309308,0
0,nominal,1.00,1.00,11000,113281,-65.226,-6.37674,65.5369658,-37.7191,-6.07104,201.047,204.644776,-187.613344,-30.1971181,0
0,nominal,1.00,1.00,11000,116998,-34.8453,132.003,136.524675,-2.05773,19.7533,196.907,197.906023,-10.4502633,100.317917,0
0,nominal,1.00,1.00,11000,118136,-103.47,115.593,155.137947,5.74173,31.1923,201.294,203.777333,28.5240991,154.958916,0
0,nominal,1.00,1.00,11000,120484,144.914,110.222,182.068549,5.39252,-2.70021,192.186,192.2806,28.0588596,-14.0499828,0
0,nominal,1.00,1.00,11000,121438,-44.4867,-22.3335,49.7780243,-7.04857,-6.73894,197.455,197.695657,-35.6970955,-34.1289914,0
0,nominal,1.00,1.00,11000,124459,37.6077,45.7019,59.1861704,-10.3305,6.69446,206.89,207.255898,-49.9323312,32.3575813,0
0,nominal,1.00,1.00,11000,124686,49.4954,19.1794,53.0814846,1.88181,9.70338,193.074,193.326838,9.74657385,50.2573107,0
0,nominal,1.00,1.00,11000,125523,-6.66668,75.9128,76.2049724,-4.16469,36.5111,201.393,204.71821,-20.6794179,181.292796,0
0,nominal,1.00,1.00,11000,126739,-52.4007,61.5423,80.8287576,26.7307,-19.3904,205.808,208.440521,129.881734,-94.2159683,0
0,nominal,1.00,1.00,11000,127529,-57.9258,59.1799,82.8109828,30.0155,-2.72688,192.756,195.098031,155.717591,-14.146797,0
0,nominal,1.00,1.00,11000,129996,6.22954,-126.581,126.734197,-7.88488,-23.4696,207.532,209.003647,-37.9935624,-113.089066,0
0,nominal,1.00,1.00,11000,130471,-52.1774,-91.9852,105.753289,-12.2146,-1.46966,204.933,205.30195,-59.6028946,-7.171417,0
0,nominal,1.00,1.00,11000,130484,-153.361,-52.8471,162.211012,-7.12856,-5.59327,204.065,204.266065,-34.932791,-27.4092569,0
0,nominal,1.00,1.00,11000,132651,-31.191,-48.0741,57.3061739,-13.245,-31.2914,187.32,190.3769,-70.7078796,-167.047833,0
0,nominal,1.00,1.00,11000,134665,-53.4139,-39.8195,66.6230988,-1.02499,8.10175,200.936,201.101877,-5.10107696,40.3200522,0
0,nominal,1.00,1.00,11000,135521,70.2893,-159.619,174.409893,19.5797,-18.9717,197.645,199.516506,99.0649903,-95.9887677,0
0,nominal,1.00,1.00,11000,135893,128.99,-27.8267,131.957362,5.98013,-3.41979,190.897,191.021259,31.3264745,-17.9143203,0
0,nominal,1.00,1.00,11000,138951,-95.4226,41.7389,104.151852,-3.78547,9.53296,193.17,193.442126,-19.596573,49.3501061,0
0,nominal,1.00,1.00,11000,142825,-155.058,7.85076,155.256619,5.02023,-15.2022,204.027,204.654163,24.6057139,-74.5107265,0
0,nominal,1.00,1.00,11000,143475,66.0582,96.2017,116.698127,-2.28252,-2.02945,209.632,209.654249,-10.8882232,-9.68101244,0
0,nominal,1.00,1.00,11000,146744,124.36,-64.27,139.985865,0.0558187,1.89666,198.147,198.156085,0.281703483,9.57198444,0
0,nominal,1.00,1.00,11000,149756,175.902,7.98011,176.082923,-0.685188,-9.10241,207.755,207.955436,-3.29805781,-43.8131934,0
0,nominal,1.00,1.00,11000,149986,-59.8513,25.1007,64.9016429,-5.90293,12.0502,208.561,208.992207,-28.3031343,57.7778204,0
0,nominal,1.00,1.00,11000,164527,184.702,-55.274,192.795342,18.386,-1.51499,193.385,194.262962,95.0745921,-7.83406159,0
0,nominal,1.00,1.00,11000,166373,-183.672,-50.2453,190.420571,-12.6548,-12.4192,193.729,194.5387,-65.3221769,-64.106045,0
0,nominal,1.00,1.00,11000,168595,167.911,44.7393,173.769125,-7.3131,8.57478,198.678,198.997377,-36.8088062,43.1591822,0
0,nominal,1.00,1.00,11000,168990,83.9154,-24.4993,87.418591,2.62603,1.51559,202.546,202.568692,12.9651042,7.48269529,0
0,nominal,1.00,1.00,11000,169209,115.378,88.5312,145.429902,2.59286,-1.79146,196.114,196.139321,13.2211877,-9.13478895,0
0,nominal,1.00,1.00,11000,169630,-151.152,-94.8322,178.437869,-4.3637,-2.17167,199.236,199.295614,-21.9021663,-10.899988,0
0,nominal,1.00,1.00,11000,171407,-64.9101,-73.9996,98.4340484,2.94318,-5.57958,197.426,197.526756,14.9077629,-28.2616271,0
0,nominal,1.00,1.00,11000,174456,158.796,76.0087,176.049686,-1.80995,3.63248,195.884,195.926038,-9.23990729,18.5440363,0
0,nominal,1.00,1.00,11000,175804,23.0487,57.2965,61.7586551,-0.147352,8.3328,193.93,194.108996,-0.759820554,42.9680813,0
0,nominal,1.00,1.00,11000,176657,13.7627,-188.265,188.767376,12.5135,-23.0283,201.336,203.034665,62.1523225,-114.377459,0
0,nominal,1.00,1.00,11000,177107,-10.3907,14.9192,18.1810114,-1.39455,-11.6523,199.881,200.225211,-6.97690126,-58.2961862,1
0,nominal,1.00,1.00,11000,178143,-48.892,-85.0999,98.1448962,-8.08765,1.02358,198.062,198.229699,-40.8339308,5.1679777,0
0,nominal,1.00,1.00,11000,181513,49.3195,-49.7255,70.0359795,-24.0698,7.48226,190.584,192.243597,-126.294967,39.259644,0
0,nominal,1.00,1.00,11000,181664,117.779,118.272,166.913627,7.27583,26.2528,190.773,192.708289,38.1386779,137.612765,0
0,nominal,1.00,1.00,11000,182160,-19.1156,10.0565,21.5995221,8.74371,-3.31484,192.473,192.700016,45.4282419,-17.2223637,0
0,nominal,1.00,1.00,11000,188512,-18.1648,-102.479,104.07644,-6.87801,-26.9152,207.774,209.622924,-33.1033238,-129.540751,0
0,nominal,1.00,1.00,11000,191032,-163.789,76.9197,180.951587,-7.92533,8.7693,203.417,203.760122,-38.9610013,43.1099662,0
0,nominal,1.00,1.00,11000,192176,44.4179,-11.418,45.861973,-7.53572,1.36727,201.511,201.656489,-37.3960727,6.78508866,0
0,nominal,1.00,1.00,11000,194648,86.5257,-64.7355,108.061935,9.62894,-6.26874,204.854,205.175961,47.003915,-30.6010134,0
0,nominal,1.00,1.00,11000,196539,121.894,-19.894,123.506755,17.4355,-20.1902,201.797,203.552622,86.4011853,-100.052032,0
0,nominal,1.00,1.00,11000,196905,163.563,-93.7536,188.527432,5.32634,-0.844586,207.164,207.234182,25.7107412,-4.0768956,0
0,nominal,1.00,1.00,11000,197775,22.3887,-44.3924,49.7185988,0.558235,2.26841,199.525,199.538675,2.79781982,11.3690515,0
0,nominal,1.00,1.00,11000,199479,70.5618,-153.915,169.318619,0.249379,-12.8479,204.109,204.513116,1.22179326,-62.9462689,0
0,nominal,1.00,1.00,11000,203976,30.0942,-67.5093,73.913236,7.73983,15.3183,207.746,208.453726,37.2562167,73.7357157,0
0,nominal,1.00,1.00,11000,205827,104.601,53.1293,117.320466,7.61881,-12.1403,205.882,206.380307,37.005712,-58.9672725,0
0,nominal,1.00,1.00,11000,206527,-88.4575,-61.0644,107.487628,-5.34087,-2.31051,203.506,203.589183,-26.2442876,-11.3535227,0
0,nominal,1.00,1.00,11000,212018,91.3877,-45.4496,102.065557,-7.61687,5.78043,208.245,208.46441,-36.5764844,27.7578333,0
0,nominal,1.00,1.00,11000,212985,128.455,12.7064,129.081911,10.4352,23.7567,205.496,207.127691,50.7805505,115.60663,0
0,nominal,1.00,1.00,11000,217401,112.604,-141.106,180.528569,2.24112,-11.0336,203.352,203.663445,11.0208899,-54.2586254,0
0,nominal,1.00,1.00,11000,218956,-17.3651,3.93027,17.8043175,-20.4436,8.37334,201.32,202.528507,-101.547785,41.5921915,1
0,nominal,1.00,1.00,11000,221055,-80.4724,-85.2447,117.228265,-1.6562,-4.11876,200.025,200.074256,-8.279965,-20.5912261,0
0,nominal,1.00,1.00,11000,223905,-32.8767,40.833,52.423385,-11.2121,14.6587,206.082,206.906692,-54.4060131,71.1304238,0
0,nominal,1.00,1.00,11000,224024,-94.3317,-31.321,99.3955465,9.02686,-10.1557,205.905,206.352832,43.8399262,-49.3222603,0
0,nominal,1.00,1.00,11000,224335,-103.118,-47.9546,113.723197,-16.8851,9.00216,208.928,209.802418,-80.8177937,43.0873794,0
0,nominal,1.00,1.00,11000,226312,67.7945,30.0009,74.1360117,3.14994,-14.9185,191.271,191.877772,16.4684662,-77.9966644,0
0,nominal,1.00,1.00,11000,228691,150.348,-33.9361,154.130399,-0.848885,1.91669,190.412,190.423539,-4.45814865,10.0660147,0
0,nominal,1.00,1.00,11000,245552,-17.1028,-144.01,145.022019,-1.34085,-39.6526,188.84,192.962878,-7.10045541,-209.979877,0
0,nominal,1.00,1.00,11000,250126,-21.5528,-60.4855,64.2107382,-6.91839,13.7856,202.485,203.071618,-34.1674198,68.0820802,0
0,nominal,1.00,1.00,11000,251411,-135.41,31.8701,139.109926,-6.72823,-6.71736,203.64,203.86182,-33.0398252,-32.9864467,0
0,nominal,1.00,1.00,11000,252723,-20.7823,167.076,168.363576,6.90329,36.1338,201.41,204.742021,34.2748126,179.4042,0
0,nominal,1.00,1.00,11000,256127,-144.332,-57.4145,155.332389,-6.31297,-4.58844,202.15,202.300593,-31.2291368,-22.6981944,0
0,nominal,1.00,1.00,11000,256385,122.947,-12.5228,123.583111,2.50916,-2.23039,203.639,203.666671,12.3216083,-10.9526662,0
0,nominal,1.00,1.00,11000,258098,-92.3552,116.654,148.787226,-0.0176386,21.4595,190.343,191.548866,-0.0926674477,112.741209,0
0,nominal,1.00,1.00,11000,259096,81.8175,-37.0883,89.8312045,7.05243,-0.0638512,206.395,206.515464,34.1695778,-0.309364083,0
0,nominal,1.00,1.00,11000,259772,62.5863,5.23774,62.8050863,2.36534,9.39463,198.189,198.425638,11.9347693,47.4023785,0
0,nominal,1.00,1.00,11000,262261,90.491,-111.239,143.397128,7.94923,-19.6231,188.924,190.106639,42.0763376,-103.867693,0
0,nominal,1.00,1.00,11000,263152,-9.76828,68.3026,68.9975685,-1.54477,-1.58681,208.02,208.031788,-7.4260648,-7.62816075,0
0,nominal,1.00,1.00,11000,266117,-48.6648,72.68,87.4679665,5.76258,-0.198747,197.071,197.155334,29.2411364,-1.00850455,0
0,nominal,1.00,1.00,11000,266234,140.25,-27.4847,142.917708,6.48959,-1.62247,197.428,197.541293,32.8706668,-8.21803392,0
0,nominal,1.00,1.00,11000,271896,-3.95392,-47.5462,47.7103198,0.453238,-2.99435,200.376,200.398885,2.26193756,-14.9436559,0
0,nominal,1.00,1.00,11000,273652,-32.6466,-29.7579,44.1738962,-28.7288,-4.89459,204.947,207.008632,-140.176729,-23.8822232,0
0,nominal,1.00,1.00,11000,279214,56.6625,2.48969,56.7171708,-9.23168,-12.9509,193.583,194.235238,-47.688485,-66.9010192,0
0,nominal,1.00,1.00,11000,284265,-139.069,-133.674,192.896151,-11.4256,-21.2356,204.931,206.344881,-55.7533999,-103.623171,0
0,nominal,1.00,1.00,11000,286356,-62.6712,-2.76698,62.7322524,3.75753,20.674,200.064,201.164454,18.7816399,103.336932,0
0,nominal,1.00,1.00,11000,290634,-34.4831,4.35915,34.7575369,4.49727,9.56704,190.171,190.464598,23.6485584,50.3075653,0
0,nominal,1.00,1.00,11000,291337,-113.126,-18.2105,114.582347,-15.4174,-14.7247,188.859,190.058504,-81.6344469,-77.9666312,0
0,nominal,1.00,1.00,11000,295732,12.1842,-24.0674,26.9758127,0.84982,-3.47028,209.645,209.675442,4.05361444,-16.5531255,0
0,nominal,1.00,1.00,11000,305439,-13.9941,89.4183,90.5067247,-24.8335,-12.9265,194.67,196.67284,-127.567165,-66.4021164,0
0,nominal,1.00,1.00,11000,307254,-16.9405,35.9384,39.7309594,-7.60613,6.079,203.854,204.086405,-37.3116544,29.8203616,0
0,nominal,1.00,1.00,11000,308905,113.093,-64.7504,130.317462,1.19197,-4.1732,198.514,198.561438,6.00446316,-21.0221949,0
0,nominal,1.00,1.00,11000,313617,-117.601,-62.4899,133.172755,-29.4653,3.18603,192.764,195.029009,-152.856861,16.528138,0
0,nominal,1.00,1.00,11000,317570,146.056,39.3567,151.265677,2.12827,-2.59284,204.206,204.23355,10.4221717,-12.6971783,0
0,nominal,1.00,1.00,11000,318783,-41.3793,14.6693,43.9025606,0.67014,3.00962,191.573,191.597811,3.49809211,15.7100426,0
0,nominal,1.00,1.00,11000,320189,-44.9818,35.8711,57.5334524,-13.7036,-16.2323,208.31,209.390383,-65.7846479,-77.9237675,0
0,nominal,1.00,1.00,11000,320225,161.381,-33.0117,164.722796,-0.0268375,9.48563,200.292,200.516491,-0.133991872,47.3590059,0
0,nominal,1.00,1.00,11000,321341,171.252,10.9066,171.598955,20.1687,6.38726,196.082,197.21999,102.858498,32.5744331,0
0,nominal,1.00,1.00,11000,323570,-19.5144,36.5325,41.4178146,13.2022,-8.94898,192.237,192.897503,68.6766855,-46.5518084,0
0,nominal,1.00,1.00,11000,325841,17.468,17.734,24.8922835,4.09534,11.8168,203.755,204.138454,20.099335,57.9951412,0
0,nominal,1.00,1.00,11000,332236,57.237,47.4893,74.3727624,2.07136,-4.00784,205.551,205.600503,10.0771098,-19.4980321,0
0,nominal,1.00,1.00,11000,333598,-86.518,8.15033,86.9010483,-5.22488,4.6455,204.364,204.483556,-25.5665381,22.7314987,0
0,nominal,1.00,1.00,11000,335649,0.1288,37.1382,37.1384233,-2.0482,22.8767,192.446,193.811768,-10.6429856,118.873346,0
0,nominal,1.00,1.00,11000,341902,-4.47907,-1.01669,4.59300845,-10.9831,8.00381,204.201,204.652725,-53.7857307,39.1957434,1
0,nominal,1.00,1.00,11000,343129,120.248,-110.82,163.525698,3.21905,-4.33461,197.519,197.592779,16.2974195,-21.9452812,0
0,nominal,1.00,1.00,11000,343190,56.5961,-6.73109,56.9949656,2.4116,10.0982,204.298,204.561634,11.8043251,49.4287756,0
0,nominal,1.00,1.00,11000,343399,5.24319,-93.5996,93.7463395,9.45118,-4.36473,203.569,203.835015,46.427403,-21.4410347,0
0,nominal,1.00,1.00,11000,344816,-131.587,-105.115,168.417047,-9.81791,-27.9724,203.656,205.802364,-48.2083022,-137.35122,0
0,nominal,1.00,1.00,11000,345121,-34.4211,-32.8277,47.5654288,0.0126093,-9.13341,200.077,200.28536,0.0630222364,-45.649475,0
0,nominal,1.00,1.00,11000,347671,-99.1346,-78.8302,126.656501,2.74431,-8.48789,209.371,209.560949,13.1074026,-40.5399506,0
0,nominal,1.00,1.00,11000,352155,-76.3318,104.124,129.105968,-12.2047,-3.50692,203.317,203.71317,-60.0279367,-17.2485331,0
0,nominal,1.00,1.00,11000,352803,-119.166,-28.9024,122.620897,-21.8287,0.455454,190.901,192.145495,-114.345656,2.38581254,0
0,nominal,1.00,1.00,11000,359010,-66.0508,26.2472,71.0747753,-12.8614,5.78936,207.301,207.780261,-62.0421513,27.9273134,0
0,nominal,1.00,1.00,11000,359140,-33.2475,49.5138,59.6406962,4.1315,-3.17509,205.809,205.87495,20.0744379,-15.4273623,0
0,nominal,1.00,1.00,11000,359881,94.9677,-104.098,140.908685,6.88292,-23.5113,195.256,196.786842,35.2507477,-120.412689,0
0,nominal,1.00,1.00,11000,361671,10.2129,47.3147,48.4043816,-2.96146,-2.17953,202.868,202.901321,-14.5979652,-10.743587,0
0,nominal,1.00,1.00,11000,364864,162.771,-77.8871,180.44611,4.02232,5.94543,190.028,190.16353,21.1669859,31.2871261,0
0,nominal,1.00,1.00,11000,366243,95.8875,-48.9485,107.658573,5.84018,3.34743,204.341,204.451846,28.580559,16.3815876,0
0,nominal,1.00,1.00,11000,367087,-10.5343,-20.8016,23.3169046,-7.95514,8.96136,195.133,195.500583,-40.767784,45.9243695,0
0,nominal,1.00,1.00,11000,370204,-8.09277,-164.913,165.111449,11.1634,-35.6068,192.544,196.126637,57.9784361,-184.92812,0
0,nominal,1.00,1.00,11000,378840,-115.001,-21.1563,116.93083,-4.00508,14.8563,203.3,203.881437,-19.7003443,73.0757501,0
0,nominal,1.00,1.00,11000,382341,23.0423,-3.59367,23.3208502,6.42939,-19.8586,201.028,202.108777,31.9825596,-98.7852438,0
0,nominal,1.00,1.00,11000,383965,58.1642,68.5485,89.8997832,4.01896,2.62713,199.721,199.778707,20.1228714,13.1539998,0
0,nominal,1.00,1.00,11000,384970,72.1133,124.619,143.97994,0.155654,21.8892,198.429,199.632736,0.784431711,110.312505,0
0,nominal,1.00,1.00,11000,388140,101.8,85.6283,133.02423,12.3299,19.9813,206.299,207.630817,59.7671341,96.8560197,0
0,nominal,1.00,1.00,11000,390177,-55.1676,-83.4671,100.051091,-11.0434,-21.8389,198.983,200.48224,-55.4992135,-109.752592,0
0,nominal,1.00,1.00,11000,390738,-104.057,63.6116,121.960219,-10.6164,-10.4895,203.208,203.755316,-52.2440061,-51.6195229,0
0,nominal,1.00,1.00,11000,392313,112.462,-92.8417,145.833065,1.72603,-3.57723,207.428,207.466024,8.32110419,-17.2456467,0
0,nominal,1.00,1.00,11000,394365,-82.9697,77.7059,113.675758,5.73244,-7.79683,202.543,202.774057,28.3023358,-38.49469,0
0,nominal,1.00,1.00,11000,395894,-62.5994,-157.745,169.712021,5.94441,-27.1037,194.337,196.307962,30.5881536,-139.467523,0
0,nominal,1.00,1.00,11000,396579,-0.170539,165.502,165.502088,3.69391,34.167,187.346,190.471921,19.7170476,182.37379,0
0,nominal,1.00,1.00,11000,397815,150.688,19.1165,151.895734,-1.17702,18.6783,190.097,191.016056,-6.19168109,98.2566795,0
0,nominal,1.00,1.00,11000,410010,173.049,5.43045,173.134185,4.26285,1.93165,201.991,202.045211,21.1041581,9.56304984,0
0,nominal,1.00,1.00,11000,412081,-137.759,39.2546,143.242681,-7.19725,0.801978,202.454,202.583478,-35.5500509,3.96128503,0
0,nominal,1.00,1.00,11000,417822,-47.9971,4.64342,48.2211879,-4.932,5.23208,200.052,200.181173,-24.6535901,26.1536001,0
0,nominal,1.00,1.00,11000,426207,-93.131,-97.366,134.735003,18.0792,-9.0812,205.993,206.984158,87.7660891,-44.0849932,0
0,nominal,1.00,1.00,11000,428586,-67.9324,-52.2019,85.6729207,-7.77728,-6.86385,206.117,206.377848,-37.7323559,-33.3007467,0
0,nominal,1.00,1.00,11000,431980,-130.742,38.4809,136.287381,-8.0051,-3.68358,201.485,201.677603,-39.730501,-18.282155,0
0,nominal,1.00,1.00,11000,432179,-51.3494,-47.0155,69.6219658,-0.666069,7.53328,202.092,202.233455,-3.2958702,37.2764879,0
0,nominal,1.00,1.00,11000,436487,-13.1123,-108.361,109.151449,-3.91593,-28.301,201.639,203.653057,-19.420499,-140.354792,0
0,nominal,1.00,1.00,11000,442674,-143.71,29.8285,146.772966,-6.72603,-1.14121,203.758,203.872177,-33.0098941,-5.60081077,0
0,nominal,1.00,1.00,11000,444785,15.0061,-34.1835,37.3322208,-11.0664,3.69123,196.949,197.294194,-56.1891657,18.7420601,0
0,nominal,1.00,1.00,11000,446406,58.6935,67.5547,89.4905829,-0.946767,5.71747,199.913,199.996983,-4.73589511,28.5997909,0
0,nominal,1.00,1.00,11000,447315,43.2964,-46.1457,63.2771987,11.4664,-18.0154,196.711,197.866749,58.2905887,-91.5830838,0
0,nominal,1.00,1.00,11000,453068,-170.405,-70.997,184.603462,1.39448,7.1538,199.732,199.864938,6.98175555,35.8169948,0
0,nominal,1.00,1.00,11000,455356,-56.8991,-72.2111,91.9344905,4.70502,6.01936,205.542,205.683941,22.890796,29.2853042,0
0,nominal,1.00,1.00,11000,455466,73.4462,-5.15785,73.6270854,-0.643376,6.31457,204.769,204.86735,-3.14195996,30.8375291,0
0,nominal,1.00,1.00,11000,456284,183.573,42.3666,188.398448,6.32378,2.40238,207.797,207.907082,30.4324894,11.5611871,0
0,nominal,1.00,1.00,11000,457974,-73.0511,7.12136,73.3973908,-37.255,8.78516,188.282,192.133354,-197.868091,46.6595851,0
0,nominal,1.00,1.00,11000,460853,11.6745,137.577,138.071448,1.34624,47.3059,198.893,204.445802,6.76866456,237.845977,0
0,nominal,1.00,1.00,11000,466874,135.945,121.479,182.31344,7.67215,18.0799,206.462,207.394074,37.1601069,87.5701098,0
0,nominal,1.00,1.00,11000,469541,-17.5242,-15.3509,23.2969465,25.9686,-21.4466,201.518,204.313067,128.864915,-106.425232,0
0,nominal,1.00,1.00,11000,472731,-52.1653,-153.627,162.242022,-10.5701,-41.3819,196.37,200.961105,-53.8274686,-210.734328,0
0,nominal,1.00,1.00,11000,474888,91.6415,109.224,142.576459,-3.6266,3.47237,202.935,202.997103,-17.8707468,17.1107497,0
0,nominal,1.00,1.00,11000,475235,-148.398,-61.946,160.808188,-5.83521,-2.95297,207.146,207.24921,-28.1695519,-14.255501,0
0,nominal,1.00,1.00,11000,477601,12.8992,113.767,114.495937,-5.01889,41.3849,195.848,200.235707,-25.6264552,211.311323,0
0,nominal,1.00,1.00,11000,481350,174.975,-1.11717,174.978566,2.33131,4.06764,201.874,201.928434,11.548342,20.1494001,0
0,nominal,1.00,1.00,11000,485020,9.79355,20.0154,22.28295,-6.83689,-11.4497,207.745,208.172582,-32.9100099,-55.1142025,0
0,nominal,1.00,1.00,11000,485966,4.70606,51.9172,52.1300552,2.74603,-3.01405,208.857,208.896797,13.1478954,-14.4311658,0
0,nominal,1.00,1.00,11000,486197,143.493,-137.895,199.010734,10.6577,-34.8999,204.199,207.433896,52.192714,-170.911219,0
0,nominal,1.00,1.00,11000,486745,-108.947,23.5537,111.46401,7.40615,8.70702,197.117,197.448158,37.5723555,44.171837,0
0,nominal,1.00,1.00,11000,487605,98.6376,-77.945,125.717139,3.02015,-13.6685,192.131,192.640262,15.7192228,-71.1415649,0
0,nominal,1.00,1.00,11000,488494,64.5691,68.5397,94.1640014,6.79495,24.571,196.131,197.780875,34.6449567,125.278513,0
0,nominal,1.00,1.00,11000,490002,80.0759,-33.7514,86.8982552,5.43098,-3.95164,194.233,194.349091,27.9611601,-20.3448436,0
0,nominal,1.00,1.00,11000,498264,-196.996,1.43321,197.001213,-5.02023,8.74769,203.977,204.226201,-24.6117454,42.8856685,0
0,nominal,1.00,1.00,11000,500236,-83.1256,62.4758,103.986013,-11.9551,4.13338,206.567,206.953944,-57.8751688,20.0098757,0
0,nominal,1.00,1.00,11000,500991,-62.0644,-58.7922,85.4898387,-3.07828,0.521039,200.35,200.374324,-15.3645121,2.60064387,0
0,nominal,1.00,1.00,11000,508671,146.399,-18.3681,147.546787,16.639,-24.376,202.202,204.344548,82.2889981,-120.552715,0
0,nominal,1.00,1.00,11000,508848,126.297,-2.08295,126.314175,-7.99742,-16.6135,196.372,197.235721,-40.7258672,-84.6021836,0
0,nominal,1.00,1.00,11000,511954,-23.1212,13.3644,26.7057499,-4.74074,-0.440091,190.072,190.131621,-24.9418115,-2.31539101,0
0,nominal,1.00,1.00,11000,512440,141.354,-41.6046,147.349571,-1.38902,8.38249,196.202,196.385896,-7.07954047,42.7237745,0
0,nominal,1.00,1.00,11000,515321,134.631,-91.3629,162.704289,-5.43651,-2.17794,205.142,205.225581,-26.501204,-10.6167435,0
0,nominal,1.00,1.00,11000,516311,-184.365,4.25929,184.414194,-10.967,-11.8382,204.671,205.306201,-53.583556,-57.8401434,0
0,nominal,1.00,1.00,11000,517654,65.4594,-67.3969,93.9535799,-2.91816,-0.252748,200.919,200.94035,-14.5240619,-1.25795968,0
0,nominal,1.00,1.00,11000,518430,-43.9625,-63.5078,77.239511,4.07514,-6.99245,206.82,206.978292,19.7038004,-33.8093511,0
0,nominal,1.00,1.00,11000,518487,83.7969,-4.07344,83.8958483,0.833303,10.7719,195.902,196.199699,4.25367275,54.9861666,0
0,nominal,1.00,1.00,11000,520817,24.4407,-5.48026,25.0475761,2.35341,-1.64112,194.263,194.284186,12.114556,-8.44792884,0
0,nominal,1.00,1.00,11000,521794,20.9482,34.6632,40.5014138,-4.75975,7.17732,209.219,209.396177,-22.7500848,34.3052973,0
0,nominal,1.00,1.00,11000,523372,-14.7842,-93.4493,94.6115439,1.87394,-2.95892,201.461,201.491442,9.30175071,-14.6873092,0
0,nominal,1.00,1.00,11000,525809,-88.5609,22.6584,91.4135444,-3.25137,-0.181427,205.343,205.368819,-15.8338487,-0.883531457,0
0,nominal,1.00,1.00,11000,529594,-64.9762,100.427,119.613916,-3.12003,28.1336,206.57,208.500357,-15.1039841,136.194026,0
0,nominal,1.00,1.00,11000,529724,-113.608,67.9085,132.356874,3.55586,4.19275,203.992,204.066066,17.4313699,20.5535021,0
0,nominal,1.00,1.00,11000,531061,-137.215,-83.2446,160.491806,-7.68062,15.2358,191.47,192.228724,-40.1139604,79.572779,0
0,nominal,1.00,1.00,11000,533241,105.343,-72.2577,127.743191,-6.22055,5.23178,198.856,199.022048,-31.2816812,26.3093897,0
0,nominal,1.00,1.00,11000,534685,-6.82907,86.6414,86.9101167,-2.7375,34.5099,199.245,202.23006,-13.7393661,173.203343,0
0,nominal,1.00,1.00,11000,538542,-138.591,-112.641,178.593001,5.02399,-0.0155981,203.556,203.61799,24.6811197,-0.0766280532,0
0,nominal,1.00,1.00,11000,538581,127.655,70.0906,145.631354,14.0269,14.1664,208.902,209.851105,67.1458387,67.813616,0
0,nominal,1.00,1.00,11000,540478,-63.8814,-43.9133,77.5191021,-6.12023,-1.17723,207.428,207.521609,-29.5053223,-5.67536687,0
0,nominal,1.00,1.00,11000,542430,62.1208,-74.6697,97.1316524,1.40042,-3.12132,194.766,194.796044,7.19026935,-16.0260004,0
0,nominal,1.00,1.00,11000,544588,34.3314,-73.3722,81.0069427,2.99892,-2.73089,199.246,199.28728,15.0513436,-13.7061221,0
0,nominal,1.00,1.00,11000,548655,-144.634,-39.2358,149.861409,4.59697,-18.8836,205.763,206.67882,22.3410914,-91.7735453,0
0,nominal,1.00,1.00,11000,551595,-68.6748,-19.1367,71.2912438,-3.31614,-7.29518,197.083,197.24585,-16.8261088,-37.0157751,0
0,nominal,1.00,1.00,11000,553031,-53.8727,-88.1917,103.344297,-14.1918,-20.1495,202.117,203.614074,-70.2157661,-99.6922575,0
0,nominal,1.00,1.00,11000,555547,48.4406,-10.66,49.5996706,6.38566,-5.84341,204.812,204.994823,31.1781536,-28.5306037,0
0,nominal,1.00,1.00,11000,555551,-36.8088,22.4438,43.1116216,1.90796,-3.79312,192.433,192.479837,9.91493143,-19.7113801,0
0,nominal,1.00,1.00,11000,556335,26.5603,21.5632,34.2114181,-6.09496,9.33895,194.201,194.520932,-31.3848023,48.0890933,0
0,nominal,1.00,1.00,11000,557050,18.9541,-15.9386,24.7648315,1.85118,-1.50312,192.496,192.510769,9.61671931,-7.80857784,0
0,nominal,1.00,1.00,11000,559936,-41.7816,-34.1452,53.9592141,17.2772,-23.9564,191.217,193.484759,90.3538911,-125.28384,0
0,nominal,1.00,1.00,11000,562987,57.4717,82.1424,100.251535,7.38102,33.5613,200.588,203.510162,36.7969171,167.314595,0
0,nominal,1.00,1.00,11000,565329,110.696,-6.94131,110.913418,12.6393,16.0058,200.014,201.051082,63.1920766,80.0233984,0
0,nominal,1.00,1.00,11000,568091,-89.1636,-26.3594,92.9783068,-3.98801,1.16013,199.65,199.693196,-19.9750063,5.81081893,0
0,nominal,1.00,1.00,11000,569959,125.141,65.5623,141.27521,19.9411,21.0381,199.076,201.175304,100.168277,105.678736,0
0,nominal,1.00,1.00,11000,572233,-173.387,4.79371,173.453254,-27.8905,12.0099,192.178,194.562333,-145.128475,62.4936257,0
0,nominal,1.00,1.00,11000,573121,-106.107,-4.5359,106.203907,-32.9468,-2.14429,198.641,201.366175,-165.861026,-10.7948007,0
0,nominal,1.00,1.00,11000,574376,44.9412,-87.3171,98.2038055,2.38737,-5.76744,206.599,206.693274,11.5555738,-27.916108,0
0,nominal,1.00,1.00,11000,574533,-146.126,-45.3183,152.992013,-2.53505,3.10617,193.67,193.711496,-13.0895337,16.0384675,0
0,nominal,1.00,1.00,11000,575026,-74.0843,56.255,93.0220863,-3.09022,12.6665,204.279,204.694649,-15.1274482,62.0058841,0
0,nominal,1.00,1.00,11000,580678,-81.4549,-130.015,153.4236,7.39377,-20.8406,198.922,200.147347,37.1691919,-104.767698,0
0,nominal,1.00,1.00,11000,581225,-111.545,-27.3595,114.851335,-1.47833,15.2064,205.906,206.472034,-7.17963537,73.8511748,0
0,nominal,1.00,1.00,11000,585589,-159.687,65.8986,172.750003,-5.377,0.234922,203.779,203.850063,-26.3864284,1.15282733,0
0,nominal,1.00,1.00,11000,587285,-32.5591,153.741,157.150851,-1.80058,29.1526,200.351,202.46886,-8.98712759,145.507634,0
0,nominal,1.00,1.00,11000,588212,-130.797,-34.3636,135.235765,6.21452,-7.93608,207.338,207.58287,29.9728945,-38.2760517,0
0,nominal,1.00,1.00,11000,588369,49.8091,17.8156,52.8993577,26.6868,-4.36736,192.692,194.58023,138.494592,-22.6649783,0
0,nominal,1.00,1.00,11000,590005,39.2114,-149.292,154.355548,4.1162,-42.9232,198.327,202.960447,20.7546123,-216.426407,0
0,nominal,1.00,1.00,11000,591597,51.6472,71.8724,88.5046617,-5.77839,3.21793,201.693,201.801415,-28.6494326,15.9545944,0
0,nominal,1.00,1.00,11000,593033,-49.7073,-17.9548,52.8506435,-8.58361,-7.03837,202.984,203.287288,-42.2871261,-34.6745064,0
0,nominal,1.00,1.00,11000,600018,34.5057,-97.3316,103.26705,1.13474,-5.3821,205.524,205.59759,5.52120434,-26.1872093,0
0,nominal,1.00,1.00,11000,600662,-157.491,-91.3466,182.064869,-11.105,-27.5563,205.924,208.056157,-53.9276626,-133.817816,0
0,nominal,1.00,1.00,11000,608778,35.0152,30.8282,46.6523541,-6.12928,-11.8369,193.291,193.750073,-31.7101158,-61.238754,0
0,nominal,1.00,1.00,11000,612374,158.709,-26.9856,160.986861,5.02264,2.59878,208.448,208.524697,24.0954099,12.467282,0
0,nominal,1.00,1.00,11000,613041,70.2947,-37.5535,79.69699,-11.6906,-7.19431,195.557,196.038181,-59.7810357,-36.7888135,0
0,nominal,1.00,1.00,11000,613946,-71.2897,-6.91456,71.624245,-3.86097,-0.687503,191.923,191.963063,-20.1172866,-3.5821814,0
0,nominal,1.00,1.00,11000,614466,58.4346,-11.2931,59.5158515,4.62878,2.72863,199.488,199.56035,23.2033004,13.6781661,0
0,nominal,1.00,1.00,11000,615627,-37.2703,-37.5378,52.897653,0.648461,-2.85406,197.137,197.158725,3.28939266,-14.4775461,0
0,nominal,1.00,1.00,11000,617393,-123.601,13.072,124.290323,-6.77051,-2.14742,192.151,192.282235,-35.2353618,-11.17569,0
0,nominal,1.00,1.00,11000,619096,-2.23056,33.1167,33.1917342,1.59599,7.25804,198.327,198.466182,8.04726537,36.5963283,0
0,nominal,1.00,1.00,11000,620484,-174.166,30.519,176.819696,-0.60407,-7.38163,203.776,203.910548,-2.96438246,-36.2242364,0
0,nominal,1.00,1.00,11000,621136,-32.4342,-182.947,185.799844,-5.67919,-42.1879,195.226,199.813071,-29.0903363,-216.097753,0
0,nominal,1.00,1.00,11000,621471,10.3571,12.6868,16.3775583,24.6889,-8.10532,195.7,197.417649,126.156873,-41.4170669,1
0,nominal,1.00,1.00,11000,623012,77.7373,59.4771,97.880607,-5.58763,-10.1328,200.802,201.135125,-27.8265655,-50.4616488,0
0,nominal,1.00,1.00,11000,623481,118.401,144.129,186.526045,7.39754,11.3831,204.757,205.206549,36.1283863,55.5932154,0
0,nominal,1.00,1.00,11000,623988,-180.05,-38.4765,184.1153,-8.01937,-7.87772,200.144,200.459446,-40.068001,-39.3602606,0
0,nominal,1.00,1.00,11000,624600,13.8848,48.0793,50.0440482,-7.00054,30.0887,193.104,195.559434,-36.2526928,155.816037,0
0,nominal,1.00,1.00,11000,625753,71.6291,-120.184,139.910406,9.2315,-22.1406,195.59,197.055512,47.1982208,-113.199039,0
0,nominal,1.00,1.00,11000,636304,2.66574,37.0726,37.1683177,0.643291,-0.1624,190.055,190.056158,3.38476231,-0.85448949,0
0,nominal,1.00,1.00,11000,638021,16.085,-48.2789,50.8879103,-3.21998,4.65799,201.424,201.50358,-15.9860791,23.1252979,0
0,nominal,1.00,1.00,11000,641475,0.198339,21.0666,21.0675336,18.5418,24.9462,188.069,190.620198,98.590411,132.64387,0
0,nominal,1.00,1.00,11000,641878,-24.6678,-53.7082,59.102209,1.48923,-6.17145,192.834,192.938478,7.72286008,-32.0039516,0
0,nominal,1.00,1.00,11000,644387,64.8465,7.74004,65.3067897,33.4437,-3.67617,206.311,209.036418,162.103329,-17.8185846,0
0,nominal,1.00,1.00,11000,646287,-150.074,-24.5912,152.075417,-3.11386,-3.38574,198.654,198.70725,-15.6747913,-17.0434021,0
0,nominal,1.00,1.00,11000,647416,69.3939,-158.492,173.017997,-8.30413,-50.1966,190.9,197.563831,-43.4998952,-262.947093,0
0,nominal,1.00,1.00,11000,653538,-119.207,-51.5481,129.874999,-5.50937,-3.14595,194.97,195.073194,-28.2575268,-16.1355593,0
0,nominal,1.00,1.00,11000,653541,83.7431,-2.3274,83.7754355,3.36184,2.51008,200.289,200.332938,16.7849458,12.5322908,0
0,nominal,1.00,1.00,11000,654306,62.0861,0.0388362,62.0861121,6.78001,7.13776,189.93,190.184965,35.6974148,37.5810035,0
0,nominal,1.00,1.00,11000,658083,-56.3673,-103.873,118.181524,-1.35037,-4.18901,198.913,198.961687,-6.78874684,-21.0595084,0
0,nominal,1.00,1.00,11000,661991,0.449292,5.93771,5.95468415,1.97927,-6.63368,196.283,196.405039,10.0837566,-33.7965081,1
0,nominal,1.00,1.00,11000,667436,4.6026,8.8693,9.99241759,2.52847,15.2177,196.297,196.902219,12.8808387,77.5238542,1
0,nominal,1.00,1.00,11000,668655,-12.5004,38.4053,40.3884522,-17.8588,20.4862,201.549,203.373107,-88.6077331,101.643769,0
0,nominal,1.00,1.00,11000,677117,86.0352,-72.6869,112.629663,15.3858,-8.96924,202.902,203.682085,75.8287252,-44.2047885,0
0,nominal,1.00,1.00,11000,679390,-20.3994,28.8443,35.3288715,20.1998,-9.05625,192.36,193.629588,105.010397,-47.0796943,0
0,nominal,1.00,1.00,11000,679446,14.6603,10.6774,18.1364624,0.117219,3.12215,206.005,206.028691,0.569010461,15.1557001,1
0,nominal,1.00,1.00,11000,680524,45.173,36.0156,57.7730333,5.80673,-7.5889,201.2,201.426785,28.8604871,-37.7181909,0
0,nominal,1.00,1.00,11000,681742,39.3238,55.9155,68.3586453,4.15349,10.082,204.139,204.430011,20.3463816,49.3879171,0
0,nominal,1.00,1.00,11000,685532,43.6741,15.3694,46.2995191,-6.61497,-5.43202,192.234,192.424467,-34.4110303,-28.2573322,0
0,nominal,1.00,1.00,11000,685584,119.922,-20.6303,121.683587,6.19254,-2.81945,191.538,191.658817,32.330608,-14.7200556,0
0,nominal,1.00,1.00,11000,690540,100.065,138.832,171.13541,9.14112,14.0764,200.089,200.791716,45.6852701,70.3506939,0
0,nominal,1.00,1.00,11000,693208,-161.345,-80.7234,180.411963,-5.593,-32.6897,199.262,202.003076,-28.068573,-164.053859,0
0,nominal,1.00,1.00,11000,694774,69.1059,-91.2581,114.471246,3.03948,-14.9858,195.558,196.154898,15.5426012,-76.6309739,0
0,nominal,1.00,1.00,11000,697232,29.0059,-104.122,108.086693,1.9707,-38.1534,201.521,205.110407,9.77912972,-189.327167,0
0,nominal,1.00,1.00,11000,698769,7.42354,-70.2943,70.6852004,22.0315,12.6964,202.24,203.832292,108.937401,62.7788766,0
0,nominal,1.00,1.00,11000,700441,-104.693,-69.5059,125.665009,-8.79224,14.4031,199.543,200.255241,-44.0618814,72.1804323,0
0,nominal,1.00,1.00,11000,701433,-6.58188,-31.9906,32.6606741,2.54001,-2.35646,191.614,191.645322,13.2558686,-12.2979532,0
0,nominal,1.00,1.00,11000,702575,14.0514,10.6181,17.612095,2.99058,-5.60521,198.279,198.380755,15.0826865,-28.2693074,1
0,nominal,1.00,1.00,11000,704109,-69.5805,78.4624,104.870369,8.54415,-8.5937,198.447,198.816664,43.0550726,-43.3047615,0
0,nominal,1.00,1.00,11000,706853,-66.4366,-110.662,129.073235,-2.26532,-25.88,191.802,193.553386,-11.8107215,-134.930814,0
0,nominal,1.00,1.00,11000,707591,186.329,21.9121,187.612996,-0.611951,-1.21507,203.966,203.970537,-3.00025985,-5.95721836,0
0,nominal,1.00,1.00,11000,708077,-115.804,-53.4182,127.530665,-6.95829,-4.61181,198.146,198.321769,-35.1169844,-23.2748075,0
0,nominal,1.00,1.00,11000,715327,-10.8369,-27.1268,29.2113279,-26.6762,-13.5744,204.259,206.440362,-130.599876,-66.4568024,0
0,nominal,1.00,1.00,11000,716245,-38.1579,22.3858,44.239681,-3.6875,3.21263,198.79,198.850151,-18.5497258,16.1609236,0
0,nominal,1.00,1.00,11000,721334,-125.257,-99.9037,160.218805,-2.89648,3.99797,197.974,198.035547,-14.6306081,20.1944195,0
0,nominal,1.00,1.00,11000,722498,-150.429,43.3037,156.537837,-4.57719,1.8197,196.387,196.448761,-23.3069908,9.26588827,0
0,nominal,1.00,1.00,11000,730449,120.51,-105.43,160.119159,9.00556,-29.7187,187.509,190.062954,48.027348,-158.492126,0
0,nominal,1.00,1.00,11000,733008,40.1543,-29.5939,49.8815269,-23.7646,16.0946,197.992,200.061552,-120.028082,81.289143,0
0,nominal,1.00,1.00,11000,735468,-39.7764,-80.3623,89.6675039,-4.87795,0.158873,207.146,207.203487,-23.5483669,0.766961467,0
0,nominal,1.00,1.00,11000,735761,66.5828,-54.3044,85.919946,8.77801,-5.35859,191.441,191.717043,45.8522991,-27.990817,0
0,nominal,1.00,1.00,11000,736276,9.8447,128.077,128.454802,3.60851,32.3645,194.343,197.05249,18.5677385,166.532883,0
0,nominal,1.00,1.00,11000,738044,-101.898,51.2562,114.063142,-5.08529,-0.187549,198.881,198.946092,-25.5695114,-0.943021204,0
0,nominal,1.00,1.00,11000,738316,-132.168,-87.9239,158.741905,2.14352,4.24003,201.279,201.335065,10.6494965,21.0654365,0
0,nominal,1.00,1.00,11000,740347,33.3838,37.8712,50.4847095,25.0068,-13.6859,195.938,198.000868,127.626086,-69.8481152,0
0,nominal,1.00,1.00,11000,743810,-93.8916,-45.6399,104.396518,7.99855,3.48319,191.402,191.600718,41.7892707,18.1982947,0
0,nominal,1.00,1.00,11000,744578,11.1112,-10.604,15.359153,-6.80304,-3.01227,190.737,190.882053,-35.6671228,-15.7927932,1
0,nominal,1.00,1.00,11000,748163,113.269,-74.4022,135.51957,5.38512,-4.52794,201.545,201.667768,26.7191942,-22.466149,0
0,nominal,1.00,1.00,11000,750530,126.138,-90.2543,155.102011,-8.54069,-2.25708,194.811,195.011188,-43.8409022,-11.5859987,0
0,nominal,1.00,1.00,11000,752203,40.3844,36.3969,54.3657437,-6.4035,-9.5806,208.2,208.518663,-30.7564841,-46.0163305,0
0,nominal,1.00,1.00,11000,755844,46.7016,71.0207,84.9998781,-7.19277,1.65861,196.168,196.306829,-36.6663778,8.45504873,0
0,nominal,1.00,1.00,11000,757103,1.50841,-4.70168,4.9377217,10.8623,-3.04148,209.664,209.967219,51.8081311,-14.5064484,1
0,nominal,1.00,1.00,11000,758577,83.3159,-72.7552,110.611294,16.688,3.95778,205.107,205.822824,81.3624108,19.2961722,0
0,nominal,1.00,1.00,11000,766930,-80.9048,-42.46,91.3697886,-21.1156,9.39932,189.71,191.112794,-111.304623,49.5457277,0
0,nominal,1.00,1.00,11000,767146,135.777,78.6163,156.894603,19.4924,17.4671,192.992,194.758736,101.001078,90.5068604,0
0,nominal,1.00,1.00,11000,768769,-48.7208,41.5723,64.046643,-21.5643,32.247,194.537,198.367166,-110.84935,165.762811,0
0,nominal,1.00,1.00,11000,769164,12.9134,0.638946,12.9291976,-9.91092,-8.62162,194.341,194.784453,-50.9975764,-44.3633613,1
0,nominal,1.00,1.00,11000,769375,7.06882,-21.9559,23.0657703,13.0064,-18.8489,203.912,205.193936,63.7843776,-92.4364432,0
0,nominal,1.00,1.00,11000,772027,7.79316,46.1765,46.8295045,2.08477,7.17726,207.695,207.829431,10.0376514,34.5567298,0
0,nominal,1.00,1.00,11000,774174,178.724,89.6302,199.939593,10.286,20.2149,194.794,196.110036,52.8045012,103.775784,0
0,nominal,1.00,1.00,11000,779702,34.2652,-10.0618,35.7119553,7.52005,8.09872,200.995,201.29861,37.4141148,40.2931416,0
0,nominal,1.00,1.00,11000,780431,-38.4255,146.647,151.597697,6.4178,25.0924,191.912,193.651833,33.441369,130.74951,0
0,nominal,1.00,1.00,11000,781954,-125.388,-35.6618,130.360709,-9.07344,7.1768,201.161,201.493379,-45.1053634,35.6768956,0
0,nominal,1.00,1.00,11000,787179,-1.27831,-101.95,101.958014,-11.3797,5.57717,209.424,209.807088,-54.3380892,26.6309974,0
0,nominal,1.00,1.00,11000,791972,78.3805,49.1094,92.4945185,3.39242,-17.3934,192.606,193.419518,17.6132623,-90.305598,0
0,nominal,1.00,1.00,11000,798128,21.5956,-131.575,133.335481,-6.90823,-0.961738,207.335,207.452286,-33.3191695,-4.63857043,0
0,nominal,1.00,1.00,11000,799426,-59.0372,60.2343,84.3419343,4.75388,7.53622,196.802,197.003607,24.1556488,38.2934117,0
0,nominal,1.00,1.00,11000,800455,192.143,12.6617,192.559734,0.625237,-5.80703,208.455,208.536806,2.99938596,-27.8574752,0
0,nominal,1.00,1.00,11000,801784,-68.0066,-3.02037,68.0736386,-19.6692,-1.27819,204.975,205.920523,-95.9590194,-6.23583364,0
0,nominal,1.00,1.00,11000,804887,72.7422,32.0966,79.5086121,19.4381,13.6372,201.711,203.103768,96.3660881,67.6076168,0
0,nominal,1.00,1.00,11000,805618,79.2587,-5.74913,79.4669367,-0.452203,14.2543,193.701,194.225299,-2.33454138,73.5891916,0
0,nominal,1.00,1.00,11000,806574,-75.3388,64.9998,99.5033104,-17.4328,14.9718,206.194,207.470535,-84.5456221,72.6102602,0
0,nominal,1.00,1.00,11000,812293,92.6299,-170.239,193.808193,3.61787,-43.6254,186.746,191.808063,19.3732128,-233.608217,0
0,nominal,1.00,1.00,11000,813847,79.1141,-27.7687,83.8459392,6.68512,-1.5256,203.333,203.448586,32.8776932,-7.50296312,0
0,nominal,1.00,1.00,11000,815712,-46.3311,117.703,126.493348,8.50513,31.1742,204.775,207.308872,41.5340251,152.236357,0
0,nominal,1.00,1.00,11000,821221,-130.888,36.9011,135.990293,-6.71235,-0.922345,202.936,203.049074,-33.0761915,-4.54500434,0
0,nominal,1.00,1.00,11000,823643,38.8331,-55.1373,67.4398362,5.56839,11.6347,208.363,208.761857,26.7244664,55.8386086,0
0,nominal,1.00,1.00,11000,823660,124.406,-102.4,161.129181,5.73975,-8.82047,192.007,192.295173,29.8934414,-45.9382731,0
0,nominal,1.00,1.00,11000,824497,-103.08,-43.2853,111.79939,-9.20521,-0.081978,202.974,203.182645,-45.3516707,-0.403884241,0
0,nominal,1.00,1.00,11000,827142,88.5745,175.477,196.564543,11.4654,25.4613,195.62,197.602929,58.6105715,130.156937,0
0,nominal,1.00,1.00,11000,828139,-14.8658,-45.9832,48.3264595,0.495299,-0.293704,192.856,192.85686,2.56823226,-1.52291865,0
0,nominal,1.00,1.00,11000,837242,-82.2752,41.0709,91.9566602,-3.26834,7.70228,204.359,204.530213,-15.9931297,37.6899476,0
0,nominal,1.00,1.00,11000,837903,-38.5055,-54.7354,66.9226236,-11.5766,-34.7358,199.451,202.783862,-58.0423262,-174.157061,0
0,nominal,1.00,1.00,11000,841290,90.9547,11.255,91.6484178,31.2876,-11.9173,205.701,208.407863,152.102323,-57.9350611,0
0,nominal,1.00,1.00,11000,841671,78.9008,142.64,163.007686,-1.64105,40.448,189.152,193.435294,-8.67582685,213.838606,0
0,nominal,1.00,1.00,11000,852654,144.504,-62.138,157.297607,7.30177,-2.65827,192.667,192.823637,37.8983946,-13.7972253,0
0,nominal,1.00,1.00,11000,858040,-67.805,21.8575,71.2409175,-0.451858,7.63577,197.496,197.644072,-2.28793495,38.6629096,0
0,nominal,1.00,1.00,11000,858871,53.2275,-13.3335,54.8721148,-4.17217,1.65978,198.996,199.046653,-20.9660998,8.34077067,0
0,nominal,1.00,1.00,11000,859678,49.3894,24.679,55.2120084,-1.59248,-6.46339,208.761,208.867103,-7.62824474,-30.9607158,0
0,nominal,1.00,1.00,11000,862444,124.087,-154.757,198.36157,0.847524,-17.9399,200.279,201.08266,4.23171676,-89.5745435,0
0,nominal,1.00,1.00,11000,865114,-151.16,102.705,182.750274,-7.5089,16.59,201.005,201.828198,-37.3567822,82.5352603,0
0,nominal,1.00,1.00,11000,865129,11.2963,-147.507,147.938911,-1.20164,-45.23,185.288,190.732377,-6.48525539,-244.106472,0
0,nominal,1.00,1.00,11000,867192,44.4069,94.1443,104.091892,-0.0976949,24.8766,190.267,191.886388,-0.513462135,130.745742,0
0,nominal,1.00,1.00,11000,868809,156.487,21.9844,158.023717,2.63502,3.49405,194.559,194.608212,13.5435523,17.9588197,0
0,nominal,1.00,1.00,11000,872461,-113.974,23.8723,116.447239,-13.3669,18.3759,207.259,208.500937,-64.4937011,88.6615298,0
0,nominal,1.00,1.00,11000,874531,-20.1833,-122.863,124.509768,-1.81235,-4.62272,198.304,198.366153,-9.13925085,-23.3112797,0
0,nominal,1.00,1.00,11000,877635,185.782,33.1512,188.716596,9.85638,34.716,189.474,192.880133,52.0196966,183.223028,0
0,nominal,1.00,1.00,11000,882147,99.8499,-85.3045,131.327302,18.4488,-4.38339,194.349,195.271877,94.926138,-22.5542195,0
0,nominal,1.00,1.00,11000,884885,-151.686,-108.76,186.647744,1.06672,2.91925,194.324,194.348854,5.48938886,15.0225911,0
0,nominal,1.00,1.00,11000,885330,23.5419,-40.7862,47.0928356,-1.72863,-0.0979482,203.653,203.66036,-8.48811459,-0.480956333,0
0,nominal,1.00,1.00,11000,892913,114.756,63.0131,130.918258,7.85805,5.93988,205.262,205.498223,38.2830236,28.9380402,0
0,nominal,1.00,1.00,11000,893047,-66.2709,-10.1886,67.0495321,-9.65417,5.12056,208.915,209.200622,-46.2109949,24.5102554,0
0,nominal,1.00,1.00,11000,900669,-21.7602,-55.4563,59.5727078,-1.7992,0.125758,193.986,193.994384,-9.27489613,0.648283897,0
0,nominal,1.00,1.00,11000,901787,-95.6886,-146.635,175.094636,-10.1624,-6.73042,205.417,205.77832,-49.4720495,-32.7646689,0
0,nominal,1.00,1.00,11000,904242,-162.888,77.0231,180.180627,-4.07924,11.004,197.365,197.71361,-20.6685076,55.7545664,0
0,nominal,1.00,1.00,11000,904694,-104.375,-8.18226,104.695224,0.780879,4.88155,199.514,199.575238,3.91390579,24.4672053,0
0,nominal,1.00,1.00,11000,904757,-61.2875,53.7521,81.5196045,-3.44746,-5.00563,205.25,205.339971,-16.7963946,-24.3879659,0
0,nominal,1.00,1.00,11000,905310,48.1568,-77.8362,91.5289649,-2.32989,-9.07913,207.921,208.132173,-11.2056502,-43.6662482,0
0,nominal,1.00,1.00,11000,907158,-69.1029,38.3599,79.0360216,-8.68303,-6.54801,198.495,198.792697,-43.7443261,-32.9882869,0
0,nominal,1.00,1.00,11000,922170,33.062,68.0813,75.6846038,6.10897,4.76408,208.337,208.480986,29.3225399,22.8671815,0
0,nominal,1.00,1.00,11000,922289,-163.05,-21.6752,164.484397,-5.23213,-10.5265,194.488,194.842923,-26.9020711,-54.1241619,0
0,nominal,1.00,1.00,11000,922789,-92.191,14.3459,93.3005109,-5.63487,9.80607,197.354,197.677799,-28.5520942,49.6877185,0
0,nominal,1.00,1.00,11000,927137,14.2922,107.376,108.323,-2.38661,26.6588,205.443,207.179183,-11.6168962,129.762513,0
0,nominal,1.00,1.00,11000,929351,-132.463,-66.9046,148.400377,-7.2865,-2.02399,205.037,205.176414,-35.5374884,-9.87134029,0
0,nominal,1.00,1.00,11000,930642,-62.6039,24.6508,67.2823174,7.20592,7.24962,205.039,205.293628,35.1441433,35.3572735,0
0,nominal,1.00,1.00,11000,931497,33.5159,-101.779,107.155403,-3.13577,5.39786,195.192,195.291799,-16.0650539,27.6541047,0
0,nominal,1.00,1.00,11000,934702,-79.086,-62.0969,100.551581,-11.3521,-16.7059,202.381,203.386397,-56.0927162,-82.5467806,0
0,nominal,1.00,1.00,11000,937254,-21.0125,14.4048,25.475938,-3.44758,2.74028,194.291,194.340906,-17.7444143,14.1039986,0
0,nominal,1.00,1.00,11000,938133,71.574,5.01778,71.7496731,3.11311,-4.04047,205.687,205.750234,15.1351811,-19.6437791,0
0,nominal,1.00,1.00,11000,938587,78.0027,-7.78156,78.3898838,9.01555,-5.26796,195.584,195.862535,46.0955395,-26.9345141,0
0,nominal,1.00,1.00,11000,942562,-80.4941,-60.5397,100.719191,-8.85888,11.4979,193.687,194.230109,-45.7381239,59.3633026,0
0,nominal,1.00,1.00,11000,942967,57.8593,-141.962,153.300059,-5.52948,-4.1806,205.362,205.478961,-26.9255266,-20.3572229,0
0,nominal,1.00,1.00,11000,943022,13.598,-13.7734,19.3548999,-5.02689,1.08044,197.565,197.631896,-25.4442335,5.46878243,1
0,nominal,1.00,1.00,11000,944420,104.692,-49.8054,115.935295,8.88899,-5.95661,205.231,205.509753,43.3121215,-29.0239291,0
0,nominal,1.00,1.00,11000,946416,-110.796,114.305,159.189782,-5.21745,22.9861,201.607,202.980208,-25.8793097,114.014394,0
0,nominal,1.00,1.00,11000,946822,-29.3256,12.5463,31.8967155,10.4374,-5.63991,193.406,193.769525,53.9662679,-29.1609878,0
0,nominal,1.00,1.00,11000,947428,-106.222,-149.898,183.718599,0.486571,-7.14881,198.643,198.77219,2.44947469,-35.9882301,0
0,nominal,1.00,1.00,11000,952275,-109.46,54.3004,122.188482,1.4546,11.6779,191.315,191.676599,7.60316755,61.0401694,0
0,nominal,1.00,1.00,11000,954531,59.5206,-78.0686,98.1703017,11.2679,-16.8487,205.901,206.896269,54.7248435,-81.8291315,0
0,nominal,1.00,1.00,11000,956138,154.32,121.682,196.5227,7.18782,16.704,209.188,209.976922,34.3605752,79.8516167,0
0,nominal,1.00,1.00,11000,957282,52.1026,-22.0502,56.5764284,17.0041,-11.1433,201.545,202.567765,84.3687514,-55.2893895,0
0,nominal,1.00,1.00,11000,960955,35.9074,-24.4077,43.4174757,19.4904,-3.65143,201.162,202.13698,96.8890745,-18.1516887,0
0,nominal,1.00,1.00,11000,962108,-63.8489,86.8546,107.797976,-4.48774,1.40185,191.775,191.832624,-23.401069,7.30986834,0
0,nominal,1.00,1.00,11000,964986,38.211,-112.677,118.979775,8.85249,-29.8602,188.772,191.323982,46.8951433,-158.181298,0
0,nominal,1.00,1.00,11000,965220,20.7606,-19.206,28.2820252,-0.70931,-8.7477,196.125,196.32127,-3.61662205,-44.6026769,0
0,nominal,1.00,1.00,11000,965918,8.57087,-2.49559,8.92680133,-4.11677,12.8914,190.89,191.369089,-21.56619,67.5331343,1
0,nominal,1.00,1.00,11000,967369,-101.268,92.3715,137.068238,-6.40227,0.233302,207.297,207.395973,-30.884528,1.12544803,0
0,nominal,1.00,1.00,11000,968560,-19.6486,25.6319,32.296467,3.24076,-15.4378,202.206,202.820351,16.0270219,-76.3468938,0
0,nominal,1.00,1.00,11000,969740,-131.042,-80.33,153.703984,-12.4371,7.8895,197.372,197.920772,-63.0134974,39.9727418,0
0,nominal,1.00,1.00,11000,969990,-5.7601,-147.831,147.943176,0.449485,-29.503,190.882,193.14908,2.35477939,-154.561457,0
0,nominal,1.00,1.00,11000,974672,113.101,-136.734,177.448649,9.04643,-17.0015,207.642,208.533185,43.5674382,-81.878907,0
0,nominal,1.00,1.00,11000,980666,59.106,-41.0566,71.9664063,-2.60638,3.58971,203.791,203.839277,-12.7894755,17.614664,0
0,nominal,1.00,1.00,11000,983558,64.8731,38.5335,75.454289,8.40648,3.46654,199.381,199.588249,42.1628942,17.3865113,0
0,nominal,1.00,1.00,11000,985196,136.556,-67.1611,152.178036,-2.41891,-3.77908,196.35,196.40126,-12.3193787,-19.2466514,0
0,nominal,1.00,1.00,11000,985754,83.3106,149.042,170.745934,13.5872,37.1212,199.85,203.721913,67.9869902,185.745309,0
0,nominal,1.00,1.00,11000,997975,-26.5076,84.6041,88.6594981,-25.7105,-0.0770384,194.49,196.182048,-132.194457,-0.396104684,0
0,nominal,1.00,1.00,11000,999535,-108.229,-73.242,130.682466,-2.98002,3.49051,199.339,199.391828,-14.9495081,17.5104219,0
0,nominal,1.00,1.00,13000,2485,50.4994,-103.429,115.098859,-3.02868,-4.82838,194.445,194.528518,-15.5760241,-24.8315976,0
0,nominal,1.00,1.00,13000,6346,-110.473,-142.704,180.468045,-6.85904,0.52672,206.009,206.123827,-33.294856,2.5567815,0
0,nominal,1.00,1.00,13000,8492,-46.489,125.39,133.730622,-18.2683,-19.1415,197.757,199.51932,-92.3775138,-96.7930339,0
0,nominal,1.00,1.00,13000,12234,-70.4687,114.51,134.455858,9.85174,4.58709,200.84,201.133796,49.0526787,22.839524,0
0,nominal,1.00,1.00,13000,13186,-24.822,159.399,161.320094,-3.74794,19.5238,200.584,201.56678,-18.6851394,97.3347824,0
0,nominal,1.00,1.00,13000,18460,-28.7452,-136.231,139.230643,-3.08492,-4.38401,194.53,194.603847,-15.8583252,-22.5364211,0
0,nominal,1.00,1.00,13000,23710,-73.8311,74.0452,104.564444,-14.3702,3.23915,190.049,190.619037,-75.6131314,17.0437624,0
0,nominal,1.00,1.00,13000,31919,72.0043,27.2359,76.9832025,18.1316,1.99984,200.885,201.711521,90.2586057,9.95514847,0
0,nominal,1.00,1.00,13000,33486,12.419,74.1701,75.2026282,-2.29318,1.0084,207.052,207.067154,-11.075382,4.87027413,0
0,nominal,1.00,1.00,13000,34595,-139.47,95.6454,169.115119,-22.9433,4.8892,198.856,200.234882,-115.376453,24.5866356,0
0,nominal,1.00,1.00,13000,37008,128.052,-70.1998,146.031937,28.5616,-3.99627,207.101,209.099401,137.911454,-19.2962371,0
0,nominal,1.00,1.00,13000,37232,-4.026,78.3463,78.4496743,-0.0798796,24.1369,206.255,207.662518,-0.387285642,117.024557,0
0,nominal,1.00,1.00,13000,42075,91.6927,-2.92898,91.7394689,-2.64816,-4.01447,197.2,197.258634,-13.4288032,-20.3573529,0
0,nominal,1.00,1.00,13000,43269,-17.6442,-124.587,125.830197,0.605003,-5.50046,202.876,202.951453,2.98213194,-27.1124234,0
0,nominal,1.00,1.00,13000,44041,-2.65862,9.1943,9.57096718,-3.34597,28.3634,206.042,208.01198,-16.2392619,137.658342,1
0,nominal,1.00,1.00,13000,45509,155.524,111.509,191.36868,22.2126,5.71775,199.336,200.651273,111.432957,28.6839808,0
0,nominal,1.00,1.00,13000,49956,-15.2897,185.559,186.187855,24.5813,0.248449,201.417,202.911582,122.041834,1.23350561,0
0,nominal,1.00,1.00,13000,51272,68.4392,33.5176,76.2059946,20.68,15.483,194.006,195.718455,106.594641,79.8068101,0
0,nominal,1.00,1.00,13000,53912,-147.011,61.496,159.354925,-31.1433,0.866993,207.521,209.846664,-150.073005,4.1778567,0
0,nominal,1.00,1.00,13000,55892,35.9003,40.5262,54.1405987,5.58066,1.7565,190.996,191.085586,29.2187271,9.19652768,0
0,nominal,1.00,1.00,13000,56575,41.0292,84.2522,93.7114105,1.3393,3.36074,205.748,205.779804,6.50941929,16.3342536,0
0,nominal,1.00,1.00,13000,58651,123.581,-58.2003,136.599921,13.9767,-3.78937,208.825,209.326511,66.9302047,-18.1461511,0
0,nominal,1.00,1.00,13000,60991,-77.1131,78.4061,109.972482,1.15575,4.27088,199.615,199.664029,5.78989555,21.3955865,0
0,nominal,1.00,1.00,13000,69704,-100.568,16.4984,101.912314,-2.50161,-17.0585,197.87,198.619705,-12.6426947,-86.2106434,0
0,nominal,1.00,1.00,13000,70722,-47.6595,128.429,136.986992,-4.81694,28.9455,200.653,202.787256,-24.0063194,144.256503,0
0,nominal,1.00,1.00,13000,70954,82.4556,-167.54,186.731298,9.9827,-1.20486,195.557,195.815337,51.0475207,-6.1611704,0
0,nominal,1.00,1.00,13000,71461,56.4597,-106.375,120.429807,-2.42705,-5.56314,206.253,206.342286,-11.767344,-26.9724077,0
0,nominal,1.00,1.00,13000,74482,-45.8983,140.789,148.081722,-6.17011,5.37709,208.071,208.231901,-29.6538682,25.842573,0
0,nominal,1.00,1.00,13000,78377,-18.2502,46.1459,49.623723,-0.928914,-3.05012,191.894,191.920487,-4.84076626,-15.8948169,0
0,nominal,1.00,1.00,13000,78804,-71.0282,-125.217,143.959377,-12.585,0.405035,196.833,197.235332,-63.9374495,2.05775962,0
0,nominal,1.00,1.00,13000,78829,-118.443,-154.783,194.901312,-16.4691,-10.0983,205.51,206.416005,-80.1377062,-49.1377549,0
0,nominal,1.00,1.00,13000,85186,81.8841,-64.4547,104.208513,2.97228,18.7001,191.395,192.329338,15.5295593,97.7042242,0
0,nominal,1.00,1.00,13000,86134,24.0976,-14.6042,28.1775972,-7.75323,-14.2718,204.452,205.096117,-37.9220061,-69.8051376,0
0,nominal,1.00,1.00,13000,87639,-2.73919,38.6148,38.7118321,-7.3427,8.16456,190.664,190.979937,-38.511203,42.8217178,0
0,nominal,1.00,1.00,13000,88148,-74.5168,-18.8393,76.8613863,2.51573,4.17677,194.33,194.39116,12.9456594,21.4931817,0
0,nominal,1.00,1.00,13000,88261,-19.9741,-64.4573,67.4811692,-8.86997,-0.369232,208.186,208.375198,-42.605987,-1.77356787,0
0,nominal,1.00,1.00,13000,90323,19.312,183.255,184.269771,-10.9859,-2.89047,201.555,201.874869,-54.505718,-14.3408499,0
0,nominal,1.00,1.00,13000,95475,2.90795,142.209,142.238728,15.8071,-2.40093,199.872,200.510462,79.0861151,-12.0123379,0
0,nominal,1.00,1.00,13000,99791,71.6991,-136.237,153.952204,-2.74001,-1.36172,201.508,201.531228,-13.5975247,-6.75764734,0
0,nominal,1.00,1.00,13000,102139,9.74323,-154.871,155.17718,14.9694,0.342969,206.516,207.058105,72.4854249,1.66073815,0
0,nominal,1.00,1.00,13000,112896,56.4371,78.7834,96.9121787,13.0191,16.1356,198.13,199.211826,65.7098874,81.4394589,0
0,nominal,1.00,1.00,13000,116494,90.3173,-39.5438,98.5947605,30.5747,-12.28,198.618,201.332364,153.937206,-61.8272261,0
0,nominal,1.00,1.00,13000,120484,66.7439,159.765,173.146191,-6.26162,-3.69627,192.143,192.280531,-32.5883326,-19.2370786,0
0,nominal,1.00,1.00,13000,121438,-70.8266,-110.825,131.524096,-5.26611,-2.69483,197.607,197.695525,-26.6494102,-13.6373205,0
0,nominal,1.00,1.00,13000,124459,-83.3102,146.149,168.226394,-16.6189,2.50597,206.574,207.256569,-80.450105,12.1311007,0
0,nominal,1.00,1.00,13000,124686,23.6081,140.095,142.070234,-2.01054,3.96998,193.276,193.327223,-10.4024297,20.5404706,0
0,nominal,1.00,1.00,13000,125236,17.7589,-67.091,69.4015908,27.1204,-9.89194,195.678,197.795971,138.597083,-50.5521316,0
0,nominal,1.00,1.00,13000,130484,-89.5414,-146.506,171.702272,4.2414,-1.60059,204.216,204.266312,20.7691856,-7.83773064,0
0,nominal,1.00,1.00,13000,134665,-18.1955,17.5151,25.2557904,3.28716,4.56447,201.023,201.101682,16.3521587,22.7062077,0
0,nominal,1.00,1.00,13000,135893,71.4425,-85.9239,111.745011,-3.72964,-0.851638,190.983,191.021312,-19.5286491,-4.45923459,0
0,nominal,1.00,1.00,13000,138951,-46.4008,176.857,182.842645,3.80088,3.36144,193.376,193.442558,19.6553864,17.3829224,0
0,nominal,1.00,1.00,13000,142825,18.2279,-144.323,145.469532,20.1504,-7.30069,203.529,204.654324,99.0050558,-35.8705148,0
0,nominal,1.00,1.00,13000,143475,-6.76715,141.226,141.388038,-8.65492,-2.53509,209.46,209.654062,-41.3201566,-12.1029791,0
0,nominal,1.00,1.00,13000,146744,19.1923,-89.5132,91.5475688,-10.8967,2.16972,197.844,198.155732,-55.0772326,10.9668223,0
0,nominal,1.00,1.00,13000,149756,27.665,-78.9657,83.6715842,-15.9721,-4.53301,207.292,207.955835,-77.0512128,-21.8677518,0
0,nominal,1.00,1.00,13000,149986,-62.5346,164.643,176.118976,-2.39745,5.57735,208.904,208.992191,-11.4763241,26.6981484,0
0,nominal,1.00,1.00,13000,152505,43.8004,145.092,151.559109,6.38301,12.0248,193.009,193.488534,33.0710485,62.3017579,0
0,nominal,1.00,1.00,13000,155922,68.3767,44.8437,81.7699855,10.6827,11.9103,195.516,196.169523,54.6384951,60.9172651,0
0,nominal,1.00,1.00,13000,157015,47.28,-115.441,124.747837,-8.51202,14.0559,200.63,201.301812,-42.4264567,70.0588147,0
0,nominal,1.00,1.00,13000,158187,-23.5466,3.58856,23.818483,-13.5933,28.9443,200.184,202.721938,-67.9040283,144.588479,0
0,nominal,1.00,1.00,13000,160683,-15.1606,-18.1856,23.676145,-28.9134,-3.1409,200.772,202.867558,-144.011117,-15.6441137,0
0,nominal,1.00,1.00,13000,162100,88.0178,49.0204,100.747867,23.7424,0.236361,189.072,190.557022,125.573327,1.25011107,0
0,nominal,1.00,1.00,13000,168595,-42.7262,167.863,173.215227,-24.6037,2.83039,197.45,198.997125,-124.607242,14.3347177,0
0,nominal,1.00,1.00,13000,168990,38.1502,-25.7645,46.0352823,-3.80877,1.16446,202.529,202.568158,-18.8060475,5.74959635,0
0,nominal,1.00,1.00,13000,169209,39.6085,132.438,138.234066,-6.96689,-2.63484,195.998,196.139481,-35.5457199,-13.4431984,0
0,nominal,1.00,1.00,13000,169630,-61.186,-183.92,193.830578,8.02627,0.998385,199.132,199.29619,40.3062793,5.01368439,0
0,nominal,1.00,1.00,13000,171407,17.7835,-187.436,188.277739,9.6884,-1.14763,197.286,197.527082,49.108401,-5.81708788,0
0,nominal,1.00,1.00,13000,174456,3.91578,169.346,169.391266,-16.7635,-0.0869649,195.207,195.925484,-85.8755065,-0.44550093,0
0,nominal,1.00,1.00,13000,175804,1.4413,190.819,190.824443,-2.30246,2.63637,194.077,194.108562,-11.8636418,13.5841444,0
0,nominal,1.00,1.00,13000,177107,-14.2447,-98.2002,99.2279737,-0.910661,-5.78287,200.139,200.224599,-4.55014265,-28.8942685,0
0,nominal,1.00,1.00,13000,177685,61.676,-64.9358,89.5577305,17.1884,17.5629,196.401,197.932436,87.516866,89.4236791,0
0,nominal,1.00,1.00,13000,178143,-80.5964,-135.034,157.257626,-6.14987,2.0917,198.123,198.229461,-31.0406667,10.5575829,0
0,nominal,1.00,1.00,13000,182160,79.2946,-19.1512,81.5745184,13.2124,-1.68067,192.239,192.699832,68.72903,-8.74260686,0
0,nominal,1.00,1.00,13000,187070,-104.772,-108.403,150.759353,-12.7143,10.0034,207.543,208.172569,-61.2610399,48.1991684,0
0,nominal,1.00,1.00,13000,190720,-62.9473,13.3514,64.3476686,-14.2045,3.69732,204.997,205.521794,-69.2912579,18.0359713,0
0,nominal,1.00,1.00,13000,192176,-60.1777,-5.10392,60.3937545,-13.6978,0.853733,201.189,201.65657,-68.0842392,4.24343776,0
0,nominal,1.00,1.00,13000,196905,76.2655,-165.088,181.852892,-7.50803,1.40118,207.093,207.233792,-36.2543881,6.76594573,0
0,nominal,1.00,1.00,13000,197775,8.65591,-51.9289,52.6453743,-1.22224,1.86745,199.526,199.538482,-6.12571795,9.35943185,0
0,nominal,1.00,1.00,13000,203976,73.4798,42.2086,84.739878,7.51418,8.68427,208.137,208.453568,36.1020866,41.7238165,0
0,nominal,1.00,1.00,13000,205827,86.8542,-35.0689,93.6668554,0.983251,-6.84689,206.264,206.379952,4.766954,-33.1947892,0
0,nominal,1.00,1.00,13000,206527,-62.6773,-127.494,142.067463,0.81227,-0.0136334,203.588,203.589621,3.98977346,-0.0669656365,0
0,nominal,1.00,1.00,13000,212018,-48.5685,-17.8047,51.7291652,-17.6865,3.60735,207.682,208.464957,-85.1614488,17.3695843,0
0,nominal,1.00,1.00,13000,221055,-26.8422,-189.353,191.246078,5.12087,-0.337811,200.009,200.07483,25.6031979,-1.688979,0
0,nominal,1.00,1.00,13000,222287,21.3565,41.5151,46.6862252,12.0466,7.3752,190.196,190.719775,63.3378199,38.7768407,0
0,nominal,1.00,1.00,13000,224024,62.4713,-157.809,169.724317,19.9379,-4.33013,205.341,206.352117,97.096537,-21.0875081,0
0,nominal,1.00,1.00,13000,224335,-167.61,10.6774,167.949751,-13.2236,5.2718,209.319,209.802524,-63.1743893,25.1854824,0
0,nominal,1.00,1.00,13000,226312,37.4999,-113.464,119.5003,-1.97745,-7.22501,191.731,191.877272,-10.3136686,-37.6830559,0
0,nominal,1.00,1.00,13000,228691,9.24669,-37.3789,38.5056287,-14.6003,1.61599,189.857,190.424422,-76.9015628,8.51161664,0
0,nominal,1.00,1.00,13000,250126,-65.5466,41.2749,77.4595,-7.18129,7.67581,202.799,203.071227,-35.4108748,37.8493484,0
0,nominal,1.00,1.00,13000,251411,-84.1919,-15.8796,85.6763545,2.8574,-3.80863,203.806,203.86161,14.0201957,-18.6875264,0
0,nominal,1.00,1.00,13000,253620,34.3416,-64.2409,72.843934,32.5168,20.8464,189.277,193.177891,171.794777,110.136995,0
0,nominal,1.00,1.00,13000,254284,18.5589,29.1638,34.5681935,-10.0602,15.3399,203.393,204.21859,-49.4618792,75.4199997,0
0,nominal,1.00,1.00,13000,256127,-80.0427,-144.783,165.43564,4.55653,-1.00479,202.247,202.300817,22.5295307,-4.96813303,0
0,nominal,1.00,1.00,13000,256385,44.256,-44.2986,62.6175654,-7.31866,-0.832035,203.533,203.66624,-35.9581002,-4.08796117,0
0,nominal,1.00,1.00,13000,259096,77.5382,-63.163,100.008685,2.16617,0.60279,206.503,206.515241,10.489775,2.9190375,0
0,nominal,1.00,1.00,13000,259772,30.9649,109.562,113.853664,-2.43692,4.27721,198.364,198.425073,-12.2850921,21.5624307,0
0,nominal,1.00,1.00,13000,263152,-15.3591,99.0886,100.271893,-1.16206,-1.8598,208.02,208.031559,-5.58628978,-8.94048649,0
0,nominal,1.00,1.00,13000,264856,55.3711,182.403,190.622174,7.80597,17.76,195.535,196.495005,39.9210883,90.8277291,0
0,nominal,1.00,1.00,13000,266117,45.6189,123.081,131.263158,11.8384,-1.48322,196.794,197.155335,60.1563056,-7.53691678,0
0,nominal,1.00,1.00,13000,266234,80.3932,-64.1249,102.835156,-3.8229,-0.157758,197.504,197.541058,-19.3560637,-0.798758506,0
0,nominal,1.00,1.00,13000,271896,3.44244,-113.119,113.171368,0.9373,-0.580388,200.396,200.399032,4.67723907,-2.89620551,0
0,nominal,1.00,1.00,13000,278454,9.73863,75.9166,76.53869,-5.97918,-2.5006,200.857,200.961534,-29.7683427,-12.4496532,0
0,nominal,1.00,1.00,13000,279214,-78.4009,-138.097,158.800134,-17.1835,-5.81286,193.387,194.235923,-88.8555074,-30.0581735,0
0,nominal,1.00,1.00,13000,286005,-65.1327,-51.1358,82.8078417,-12.9647,-2.09999,194.327,194.770317,-66.7158964,-10.8064757,0
0,nominal,1.00,1.00,13000,286769,-15.4443,-24.7618,29.1834395,-22.5383,-6.76833,199.284,200.668627,-113.096385,-33.9632384,0
0,nominal,1.00,1.00,13000,286847,23.7847,12.3803,26.8138729,10.5071,5.90032,201.402,201.762183,52.1697898,29.2962334,0
0,nominal,1.00,1.00,13000,290634,38.4723,114.698,120.9783,9.02756,4.10146,190.207,190.465277,47.4617653,21.5631391,0
0,nominal,1.00,1.00,13000,290843,-6.9037,16.9176,18.2720076,4.82289,14.4305,204.09,204.656365,23.6311921,70.706551,1
0,nominal,1.00,1.00,13000,295732,9.83662,-75.5741,76.2115718,0.0664298,-1.37792,209.671,209.675538,0.316828746,-6.57181966,0
0,nominal,1.00,1.00,13000,301782,47.2504,49.8391,68.6770427,23.2112,19.7796,204.861,207.118376,113.30219,96.5513202,0
0,nominal,1.00,1.00,13000,307254,-70.3352,124.398,142.905223,-8.39137,2.32311,203.9,204.08582,-41.1543404,11.3933791,0
0,nominal,1.00,1.00,13000,308905,27.3381,-155.184,157.57362,-8.57274,-0.638014,198.375,198.561173,-43.2148204,-3.21620164,0
0,nominal,1.00,1.00,13000,313726,18.9731,-18.61,26.5765051,-5.25802,-13.5009,201.546,202.066106,-26.0884364,-66.9866929,0
0,nominal,1.00,1.00,13000,316475,18.0643,48.3429,51.6077021,1.20246,21.8547,199.447,200.644411,6.0289701,109.576479,0
0,nominal,1.00,1.00,13000,317066,36.3667,76.2398,84.4691895,22.4105,-1.53511,204.563,205.792634,109.553047,-7.50433852,0
0,nominal,1.00,1.00,13000,317570,45.1875,39.4688,59.9974694,-9.79701,-1.99051,203.988,204.232827,-48.027384,-9.75797596,0
0,nominal,1.00,1.00,13000,318783,1.18248,58.9212,58.9330643,4.57631,1.03898,191.54,191.597478,23.8921896,5.42435001,0
0,nominal,1.00,1.00,13000,320189,-127.887,-104.508,165.157521,-13.9336,-8.60278,208.75,209.391298,-66.7477844,-41.2109222,0
0,nominal,1.00,1.00,13000,320225,25.7973,44.0022,51.0068063,-14.0985,5.05786,199.956,200.516213,-70.5080118,25.2948649,0
0,nominal,1.00,1.00,13000,323570,121.038,-35.4565,126.124386,19.1268,-4.70721,191.889,192.897332,99.6763754,-24.5309007,0
0,nominal,1.00,1.00,13000,325296,-16.0599,32.9921,36.6933107,2.85825,-8.86749,192.304,192.529557,14.8631854,-46.1118333,0
0,nominal,1.00,1.00,13000,325841,39.2178,153.269,158.206897,3.7686,5.42112,204.032,204.138796,18.4706321,26.5699498,0
0,nominal,1.00,1.00,13000,332236,28.9979,39.0541,48.6425835,-2.20516,-2.7532,205.57,205.600262,-10.7270516,-13.3930048,0
0,nominal,1.00,1.00,13000,333598,-62.0462,61.8823,87.6307594,0.636617,2.1022,204.472,204.483797,3.11346786,10.2811143,0
0,nominal,1.00,1.00,13000,337839,5.03738,20.8846,21.4835219,12.9882,-5.42165,207.385,207.862036,62.6284447,-26.1429226,0
0,nominal,1.00,1.00,13000,337957,-37.892,-46.5271,60.004789,-5.73454,23.5928,199.295,200.768529,-28.7741288,118.381294,0
0,nominal,1.00,1.00,13000,337960,-26.6121,189.932,191.7873,-5.61022,16.9302,199.849,200.643288,-28.0722946,84.7149598,0
0,nominal,1.00,1.00,13000,341902,-98.1347,81.4455,127.529561,-13.918,3.87898,204.142,204.652665,-68.1780329,19.0013814,0
0,nominal,1.00,1.00,13000,343190,31.5224,93.3306,98.5102157,-1.75613,5.01787,204.492,204.561094,-8.58776871,24.5382215,0
0,nominal,1.00,1.00,13000,345121,-5.23593,-153.189,153.278455,3.07412,-3.72659,200.227,200.28527,15.3531741,-18.6118256,0
0,nominal,1.00,1.00,13000,350629,-96.951,56.4737,112.199711,-19.0812,-4.04248,201.898,202.837956,-94.5091086,-20.0223875,0
0,nominal,1.00,1.00,13000,351807,10.3375,-16.3543,19.347533,-7.03531,-2.03543,191.703,191.842849,-36.6990084,-10.6176221,1
0,nominal,1.00,1.00,13000,351973,1.58598,3.33724,3.69492941,-25.2014,-17.6163,199.597,201.951497,-126.261417,-88.2593426,1
0,nominal,1.00,1.00,13000,352155,-121.159,139.921,185.087519,-9.05839,-3.58645,203.48,203.713101,-44.5173481,-17.6255652,0
0,nominal,1.00,1.00,13000,352696,80.0265,38.4992,88.8055691,34.5484,11.3502,191.123,194.551844,180.765266,59.386887,0
0,nominal,1.00,1.00,13000,353514,-41.6572,97.1255,105.682,4.38643,-22.2292,191.043,192.381927,22.960433,-116.357051,0
0,nominal,1.00,1.00,13000,358188,-52.8201,-11.5954,54.0778722,-12.7665,-2.61159,206.555,206.96563,-61.8067827,-12.6435574,0
0,nominal,1.00,1.00,13000,359010,-125.016,103.299,162.171772,-11.0013,2.3817,207.475,207.780116,-53.0247018,11.4794554,0
0,nominal,1.00,1.00,13000,359140,30.1693,51.1771,59.4077623,8.228,-2.36981,205.697,205.875136,40.0005834,-11.5208778,0
0,nominal,1.00,1.00,13000,359475,-34.2716,-126.223,130.792921,-5.54397,-9.26219,198.696,198.989005,-27.9017695,-46.614879,0
0,nominal,1.00,1.00,13000,361671,-24.6314,57.8,62.8294984,-4.74501,-1.85727,202.837,202.900993,-23.3932172,-9.15646554,0
0,nominal,1.00,1.00,13000,364864,56.2802,-68.1126,88.3560252,-9.37969,4.40545,189.881,190.163563,-49.3977281,23.2011102,0
0,nominal,1.00,1.00,13000,366243,69.235,-48.0756,84.2896704,-0.636707,2.48881,204.435,204.45114,-3.11447159,12.1740896,0
0,nominal,1.00,1.00,13000,366510,-110.308,-24.1888,112.928973,-33.6909,11.6819,188.031,191.382341,-179.17737,62.1275215,0
0,nominal,1.00,1.00,13000,367087,-74.8708,61.6222,96.9687178,-9.51554,4.48939,195.217,195.500325,-48.7433984,22.9969214,0
0,nominal,1.00,1.00,13000,373616,-23.6395,16.7064,28.9470164,24.2224,-10.1839,191.824,193.615298,126.274085,-53.0898115,0
0,nominal,1.00,1.00,13000,378840,-55.4289,118.649,130.957811,4.82298,7.48502,203.687,203.881536,23.6783889,36.7476569,0
0,nominal,1.00,1.00,13000,383898,38.4496,156.098,160.763669,-2.50588,20.5913,198.438,199.519224,-12.6280249,103.76692,0
0,nominal,1.00,1.00,13000,383965,45.1677,145.167,152.031507,0.045673,-0.0256267,199.778,199.778007,0.228618767,-0.128275886,0
0,nominal,1.00,1.00,13000,390738,-113.116,-1.48743,113.125779,-4.9071,-6.19381,203.602,203.755288,-24.1014332,-30.4211648,0
0,nominal,1.00,1.00,13000,392313,35.2718,-192.613,195.815902,-7.74343,-0.127765,207.321,207.465597,-37.3499549,-0.616266562,0
0,nominal,1.00,1.00,13000,394365,37.0086,50.6843,62.7577465,14.6729,-5.11786,202.178,202.774333,72.5741673,-25.3136345,0
0,nominal,1.00,1.00,13000,396155,48.2282,79.8747,93.305557,25.3833,17.9124,196.953,199.38819,128.879987,90.9475865,0
0,nominal,1.00,1.00,13000,398589,-55.6223,-94.1376,109.342252,-19.8204,-9.21616,194.881,196.103009,-101.705143,-47.2912187,0
0,nominal,1.00,1.00,13000,400277,188.186,-1.5744,188.192586,30.4439,5.61925,202.712,205.062337,150.183018,27.7203619,0
0,nominal,1.00,1.00,13000,400506,-139.501,-69.7918,155.985334,-18.8445,-0.285181,197.802,198.69783,-95.2695119,-1.44174983,0
0,nominal,1.00,1.00,13000,410010,67.7739,29.2613,73.8208995,-9.39954,0.784164,201.825,202.045284,-46.5727239,3.88536603,0
0,nominal,1.00,1.00,13000,410518,133.42,-34.4385,137.792985,25.6413,6.45941,193.852,195.647127,132.272558,33.3213482,0
0,nominal,1.00,1.00,13000,412081,-88.0619,74.5731,115.395171,2.56767,-0.393337,202.567,202.583655,12.6756579,-1.94176248,0
0,nominal,1.00,1.00,13000,413207,-31.8234,47.9681,57.564463,-11.1884,15.7419,204.27,205.180946,-54.7726049,77.0641798,0
0,nominal,1.00,1.00,13000,415466,-95.4583,-83.6449,126.920276,-9.80868,-12.6247,190.457,191.126822,-51.5007587,-66.2863534,0
0,nominal,1.00,1.00,13000,417809,-68.0048,65.3521,94.3162223,-20.5792,-11.2687,206.09,207.421251,-99.855403,-54.6785385,0
0,nominal,1.00,1.00,13000,417822,-52.3649,63.4081,82.235454,-2.26761,2.38765,200.154,200.181085,-11.3293264,11.9290646,0
0,nominal,1.00,1.00,13000,418199,-31.6575,82.8005,88.6460383,8.45175,12.653,209.303,209.85537,40.3804532,60.4530274,0
0,nominal,1.00,1.00,13000,422186,106.645,-8.9602,107.020751,31.4717,24.4109,191.383,195.483535,164.44355,127.549991,0
0,nominal,1.00,1.00,13000,424421,1.80374,23.3783,23.44778,16.3962,-15.1378,197.407,198.66432,83.057845,-76.6831977,0
0,nominal,1.00,1.00,13000,428373,72.6648,184.363,198.166316,13.0117,12.1929,200.891,201.680849,64.7699499,60.6941077,0
0,nominal,1.00,1.00,13000,428586,-80.3787,-158.708,177.901559,-4.0875,-2.46038,206.323,206.378152,-19.8111699,-11.9248945,0
0,nominal,1.00,1.00,13000,430839,25.5166,131.361,133.816326,0.511937,14.1625,204.325,204.815879,2.50550349,69.3135935,0
0,nominal,1.00,1.00,13000,431378,41.2728,180.838,185.488076,13.9981,3.50076,196.369,196.898416,71.2846732,17.8274575,0
0,nominal,1.00,1.00,13000,431980,-94.1626,26.4926,97.8184701,0.849751,-2.48821,201.66,201.67714,4.21378062,-12.3386393,0
0,nominal,1.00,1.00,13000,432179,-14.8489,-1.07148,14.8875082,3.56416,4.43395,202.153,202.23303,17.6310023,21.9336344,1
0,nominal,1.00,1.00,13000,437701,6.73815,20.172,21.2676338,-0.90521,-11.8003,207.321,207.658526,-4.36622436,-56.918016,0
0,nominal,1.00,1.00,13000,442251,-17.0414,-3.52047,17.4012362,-10.682,19.0812,199.648,200.842031,-53.5041673,95.5742106,1
0,nominal,1.00,1.00,13000,442674,-85.619,38.365,93.8215667,3.59423,-1.12205,203.837,203.871774,17.6328635,-5.50464342,0
0,nominal,1.00,1.00,13000,444785,-99.1614,-19.1058,100.985221,-15.834,2.35582,196.644,197.294521,-80.5211448,11.9801265,0
0,nominal,1.00,1.00,13000,445112,-4.22082,-8.35817,9.36345701,-11.743,12.733,206.924,207.647704,-56.7503045,61.5346697,1
0,nominal,1.00,1.00,13000,446406,0.351012,176.419,176.419349,-6.48601,1.44918,199.887,199.997453,-32.4483833,7.24999625,0
0,nominal,1.00,1.00,13000,447463,91.8559,-61.3557,110.462791,15.026,7.08892,197.303,198.001281,76.1569768,35.929104,0
0,nominal,1.00,1.00,13000,450872,-4.70259,-120.026,120.118088,18.2237,6.34733,190.142,191.118738,95.8425808,33.3820513,0
0,nominal,1.00,1.00,13000,451676,-17.7382,-53.5005,56.3644147,9.13468,2.42751,199.447,199.670832,45.8000371,12.1712034,0
0,nominal,1.00,1.00,13000,453068,-14.1611,-44.777,46.9629267,16.7306,4.78676,199.106,199.865018,84.0286079,24.0412645,0
0,nominal,1.00,1.00,13000,455085,29.7495,-41.1793,50.8012549,16.4693,15.6799,190.199,191.553535,86.5898349,82.439445,0
0,nominal,1.00,1.00,13000,455356,30.9622,-60.2734,67.7609074,11.0142,4.14886,205.347,205.68402,53.6370144,20.2041423,0
0,nominal,1.00,1.00,13000,455466,7.75234,56.5945,57.1229919,-7.15234,3.1557,204.718,204.86721,-34.9375238,15.4148634,0
0,nominal,1.00,1.00,13000,455480,-11.9354,30.0346,32.3192044,-21.717,13.1559,201.438,203.031952,-107.809847,65.3099217,0
0,nominal,1.00,1.00,13000,456284,90.564,94.6612,131.006034,-7.56215,0.310506,207.77,207.907805,-36.3967368,1.49446985,0
0,nominal,1.00,1.00,13000,464394,61.6664,-8.60156,62.263406,18.4442,-6.37259,204.811,205.738533,90.0547334,-31.1144909,0
0,nominal,1.00,1.00,13000,467145,-99.3577,-158.478,187.048734,-14.069,-7.19197,189.906,190.562195,-74.0840205,-37.87121,0
0,nominal,1.00,1.00,13000,470636,77.9628,153.199,171.8957,13.442,26.3202,195.682,197.901201,68.6930837,134.504962,0
0,nominal,1.00,1.00,13000,472523,-9.07373,-160.004,160.261076,1.47381,14.168,202.581,203.081181,7.27516401,69.9374571,0
0,nominal,1.00,1.00,13000,473658,47.8681,49.0707,68.5513574,1.03748,19.829,208.332,209.276104,4.97993587,95.1798092,0
0,nominal,1.00,1.00,13000,475235,-78.7227,-133.637,155.100326,5.33867,-0.270363,207.18,207.248949,25.7682691,-1.3049667,0
0,nominal,1.00,1.00,13000,481350,50.5071,40.5512,64.7716525,-12.117,1.90981,201.555,201.927925,-60.1175858,9.47537893,0
0,nominal,1.00,1.00,13000,485020,-57.7683,-83.0324,101.151154,-9.72441,-5.9954,207.859,208.1727,-46.7836851,-28.8435911,0
0,nominal,1.00,1.00,13000,485966,24.8224,56.8928,62.0720729,3.165,-2.31041,208.86,208.896756,15.1536915,-11.0620033,0
0,nominal,1.00,1.00,13000,486745,52.3295,134.38,144.209434,19.3862,3.45436,196.463,197.44738,98.6760866,17.582751,0
0,nominal,1.00,1.00,13000,490002,60.9419,-101.364,118.273309,-0.0306273,-1.09349,194.346,194.349079,-0.157591615,-5.62651148,0
0,nominal,1.00,1.00,13000,500236,-119.818,147.54,190.064212,-8.18512,0.91028,206.79,206.953929,-39.581798,4.40195367,0
0,nominal,1.00,1.00,13000,500991,-37.7738,-94.89,102.13213,1.42505,1.31562,200.365,200.374387,7.11227011,6.56611684,0
0,nominal,1.00,1.00,13000,505802,17.5341,-98.8394,100.382626,2.45449,-13.6048,195.186,195.674959,12.5751335,-69.7017204,0
0,nominal,1.00,1.00,13000,508026,-68.2726,54.8335,87.5663213,-17.7872,26.0918,201.125,203.58888,-88.4385333,129.729273,0
0,nominal,1.00,1.00,13000,508848,-56.5953,-183.356,191.891768,-21.8733,-7.36197,195.881,197.235915,-111.666267,-37.5838902,0
0,nominal,1.00,1.00,13000,511658,115.464,57.2224,128.865583,21.7712,8.93871,196.53,197.934147,110.777998,45.4826744,0
0,nominal,1.00,1.00,13000,511954,-47.5197,18.3937,50.9553735,-4.18803,-0.471874,190.085,190.131716,-22.0324066,-2.4824368,0
0,nominal,1.00,1.00,13000,512440,7.49002,19.1355,20.5491547,-14.2703,4.65783,195.811,196.385551,-72.8779282,23.7873766,0
0,nominal,1.00,1.00,13000,513814,-152.903,-120.868,194.906133,-26.1607,-8.1745,207.556,209.357822,-126.041647,-39.3845516,0
0,nominal,1.00,1.00,13000,515321,-24.923,-176.917,178.663877,-18.9372,0.692195,204.349,205.225755,-92.6708719,3.38731777,0
0,nominal,1.00,1.00,13000,517654,-15.6291,-117.802,118.834254,-9.55041,1.1023,200.71,200.940114,-47.5831299,5.49200339,0
0,nominal,1.00,1.00,13000,518349,51.1922,60.2806,79.0847146,15.5165,16.7294,195.43,196.757514,79.3967149,85.6030292,0
0,nominal,1.00,1.00,13000,518430,27.5739,-179.258,181.366343,9.11059,-2.39575,206.764,206.978487,44.0627479,-11.5868817,0
0,nominal,1.00,1.00,13000,518487,19.3964,109.639,111.341505,-6.36085,4.99752,196.033,196.199829,-32.4478532,25.4932588,0
0,nominal,1.00,1.00,13000,520817,25.1888,-27.4336,37.2434968,0.936254,-0.639741,194.281,194.284309,4.81907135,-3.29286446,0
0,nominal,1.00,1.00,13000,521794,-37.082,131.167,136.307948,-7.95396,3.04902,209.223,209.396336,-38.0166616,14.5730632,0
0,nominal,1.00,1.00,13000,523372,14.3816,-190.939,191.479848,3.73754,0.227745,201.457,201.491796,18.5525447,1.13048938,0
0,nominal,1.00,1.00,13000,525809,-45.2439,36.4003,58.0688585,3.34837,-0.480252,205.341,205.36886,16.3063879,-2.33880228,0
0,nominal,1.00,1.00,13000,526427,33.8682,94.7409,100.612589,2.27768,9.10428,193.271,193.498721,11.7849031,47.1062912,0
0,nominal,1.00,1.00,13000,529724,12.2289,158.664,159.134568,14.6212,0.746048,203.54,204.065842,71.8345288,3.66536307,0
0,nominal,1.00,1.00,13000,531061,-88.9077,24.6411,92.259216,2.12372,8.53497,192.027,192.228314,11.0594864,44.4467184,0
0,nominal,1.00,1.00,13000,533241,-40.3553,-67.9646,79.0426283,-17.3832,3.8369,198.224,199.021737,-87.6947292,19.3563847,0
0,nominal,1.00,1.00,13000,536044,-27.5995,-84.649,89.0347438,-15.5377,-11.585,192.174,193.148851,-80.8522485,-60.2839094,0
0,nominal,1.00,1.00,13000,538542,22.1926,-190.98,192.265108,18.8794,2.18897,202.729,203.617953,93.1262917,10.7975179,0
0,nominal,1.00,1.00,13000,540478,-65.8444,-86.01,108.31992,-2.46791,0.141789,207.507,207.521724,-11.893141,0.683297431,0
0,nominal,1.00,1.00,13000,542430,20.8632,-163.049,164.378373,-3.81235,0.0653761,194.759,194.79632,-19.5747051,0.335676914,0
0,nominal,1.00,1.00,13000,544588,32.2235,-154.903,158.219131,0.822121,0.0549248,199.286,199.287703,4.12533244,0.27560792,0
0,nominal,1.00,1.00,13000,551595,-40.3118,-111.412,118.480694,1.75423,-2.99874,197.215,197.245598,8.89501306,-15.2054357,0
0,nominal,1.00,1.00,13000,554905,28.5013,161.554,164.048831,19.3037,1.91031,192.984,193.956455,100.027463,9.8987999,0
0,nominal,1.00,1.00,13000,555547,65.3204,-78.5186,102.136797,4.13982,-2.66279,204.936,204.995104,20.2005504,-12.9932759,0
0,nominal,1.00,1.00,13000,555551,13.1025,-2.91633,13.4231325,5.78048,-2.15024,192.381,192.479834,30.0470421,-11.1769873,1
0,nominal,1.00,1.00,13000,556335,-52.8281,139.71,149.364294,-10.3465,3.7897,194.208,194.520331,-53.2753543,19.5136143,0
0,nominal,1.00,1.00,13000,556609,-35.6574,-62.4899,71.9474654,-2.18316,-16.0922,194.262,194.939605,-11.2382247,-82.8376111,0
0,nominal,1.00,1.00,13000,557050,19.7374,-44.2838,48.4831919,0.751337,-0.356592,192.509,192.510796,3.90286688,-1.85233937,0
0,nominal,1.00,1.00,13000,557619,152.92,57.2733,163.29347,19.9562,-3.60794,203.945,204.950799,97.8508912,-17.69075,0
0,nominal,1.00,1.00,13000,560160,-46.2572,126.483,134.676196,17.7515,-13.2725,195.886,197.135994,90.621586,-67.756246,0
0,nominal,1.00,1.00,13000,567605,121.122,115.901,167.641226,31.5855,-1.61485,204.313,206.746351,154.593687,-7.90380446,0
0,nominal,1.00,1.00,13000,568091,-50.5537,-32.6663,60.1893989,2.53738,1.04168,199.675,199.693838,12.7075498,5.21687743,0
0,nominal,1.00,1.00,13000,574533,-42.8683,-43.869,61.3366147,9.6396,2.37951,193.457,193.711628,49.8281272,12.2999426,0
0,nominal,1.00,1.00,13000,575628,-73.6585,45.9374,86.8090971,-24.4354,25.8071,202.61,205.703445,-120.603129,127.373279,0
0,nominal,1.00,1.00,13000,576086,20.3858,114.798,116.594003,19.3062,12.8515,192.007,193.402633,100.549459,66.9324556,0
0,nominal,1.00,1.00,13000,581225,-33.5229,109.987,114.982281,7.72823,7.87116,206.177,206.471877,37.4834729,38.1767122,0
0,nominal,1.00,1.00,13000,584919,112.744,150.165,187.778425,21.1572,12.1708,200.441,201.921643,105.553255,60.7201122,0
0,nominal,1.00,1.00,13000,585589,-75.5067,113.104,135.991825,6.9472,-1.20657,203.728,203.849987,34.1003691,-5.92245543,0
0,nominal,1.00,1.00,13000,588212,30.1395,-138.948,142.17924,19.4116,-3.21062,206.649,207.583543,93.9351267,-15.5365862,0
0,nominal,1.00,1.00,13000,589446,-61.1086,163.846,174.870731,-8.3574,19.2696,198.802,199.908476,-42.0388125,96.9286023,0
0,nominal,1.00,1.00,13000,591597,-43.2733,156.685,162.550816,-12.0538,0.239571,201.441,201.801457,-59.8378682,1.18928619,0
0,nominal,1.00,1.00,13000,591903,184.677,17.1811,185.474485,42.7746,3.17338,190.393,195.164626,224.664772,16.6675245,0
0,nominal,1.00,1.00,13000,593033,-85.0097,-104.022,134.339963,-6.84529,-3.05961,203.149,203.287322,-33.6959079,-15.0609159,0
0,nominal,1.00,1.00,13000,595016,-33.5477,-67.111,75.0288911,1.90847,-9.11142,190.274,190.501589,10.0301145,-47.8857858,0
0,nominal,1.00,1.00,13000,604139,18.7476,18.0133,25.999067,21.7801,10.1419,203.288,204.702813,107.139133,49.8893196,0
0,nominal,1.00,1.00,13000,608778,-52.4435,-76.6975,92.9130088,-11.1783,-5.93392,193.336,193.749773,-57.8179956,-30.6922663,0
0,nominal,1.00,1.00,13000,612374,75.3683,-18.7274,77.6601323,-6.94518,1.76901,208.401,208.524199,-33.3260397,8.48849094,0
0,nominal,1.00,1.00,13000,613041,-98.0374,-143.388,173.69931,-21.5502,-2.43981,194.835,196.038366,-110.607437,-12.5224421,0
0,nominal,1.00,1.00,13000,613653,41.9707,130.348,136.938456,15.7883,16.1047,202.043,203.297825,78.1432665,79.7092698,0
0,nominal,1.00,1.00,13000,613946,-45.2071,-19.5918,49.2698743,1.25062,-0.161779,191.959,191.963142,6.51503707,-0.842778927,0
0,nominal,1.00,1.00,13000,614466,51.4135,9.68615,52.3179652,0.984188,1.49145,199.552,199.56,4.93198765,7.47399174,0
0,nominal,1.00,1.00,13000,615627,0.430319,-95.3678,95.3687708,4.14023,-0.618954,197.114,197.158448,21.0042412,-3.14008137,0
0,nominal,1.00,1.00,13000,617393,-79.1701,-1.1146,79.1779456,2.05804,-1.2326,192.268,192.282965,10.7040173,-6.4108432,0
0,nominal,1.00,1.00,13000,619096,14.1364,134.693,135.432795,2.27528,2.7891,198.434,198.466643,11.4661802,14.055555,0
0,nominal,1.00,1.00,13000,620484,-36.2028,-25.0291,44.012482,14.2222,-4.09004,203.373,203.910707,69.9316035,-20.1110275,0
0,nominal,1.00,1.00,13000,623012,-37.4972,-5.41377,37.8859989,-14.0644,-5.87376,200.557,201.135324,-70.1266971,-29.2872351,0
0,nominal,1.00,1.00,13000,623988,-100.057,-147.511,178.243929,5.57694,-2.74408,200.363,200.459382,27.834181,-13.6955426,0
0,nominal,1.00,1.00,13000,625603,62.0383,-34.1634,70.8229381,31.5895,-13.8164,204.26,207.149552,154.653383,-67.6412416,0
0,nominal,1.00,1.00,13000,626420,114.398,78.908,138.972569,25.8329,8.1608,207.386,209.148011,124.564339,39.3507758,0
0,nominal,1.00,1.00,13000,627391,-16.3661,-87.0065,88.5323685,14.2789,-13.1402,194.039,195.006885,73.5877839,-67.719376,0
0,nominal,1.00,1.00,13000,629387,38.1133,-7.23052,38.7930929,-17.3283,-12.584,198.485,199.636976,-87.3028189,-63.4002569,0
0,nominal,1.00,1.00,13000,634575,-35.4553,-184.617,187.990731,-10.4116,-15.988,194.319,195.253403,-53.5799381,-82.2770805,0
0,nominal,1.00,1.00,13000,636304,6.38262,62.9055,63.2284728,0.607831,-0.836808,190.054,190.056814,3.19820156,-4.40300125,0
0,nominal,1.00,1.00,13000,638021,-26.1926,-33.3803,42.4299036,-5.60154,3.06832,201.402,201.503244,-27.8127327,15.234804,0
0,nominal,1.00,1.00,13000,641878,10.8426,-161.427,161.790724,4.18245,-1.69262,192.886,192.938764,21.6835333,-8.77523511,0
0,nominal,1.00,1.00,13000,645275,-35.9259,-37.9831,52.2817958,-0.284854,-18.8419,194.791,195.700363,-1.46235709,-96.7288016,0
0,nominal,1.00,1.00,13000,645994,-27.7582,-80.7626,85.3997379,-27.8553,-5.97128,194.453,196.528734,-143.249526,-30.7080888,0
0,nominal,1.00,1.00,13000,646287,-51.4135,-77.7562,93.2168151,9.10348,-1.03306,198.496,198.707329,45.8622844,-5.20443737,0
0,nominal,1.00,1.00,13000,651281,80.8582,-44.7234,92.4025487,15.1376,21.1953,192.118,193.875511,78.7932417,110.324384,0
0,nominal,1.00,1.00,13000,653091,43.4012,70.5432,82.8251606,-5.89539,22.1489,207.064,208.328657,-28.4713422,106.966445,0
0,nominal,1.00,1.00,13000,653538,-66.7792,-122.581,139.590699,3.47685,-0.322083,195.042,195.073253,17.8261605,-1.65135202,0
0,nominal,1.00,1.00,13000,653541,44.1888,22.5754,49.6215551,-2.86662,1.22637,200.309,200.333265,-14.3109895,6.12239091,0
0,nominal,1.00,1.00,13000,654306,71.1153,79.8754,106.946087,3.34365,3.11606,190.131,190.185927,17.5860328,16.389016,0
0,nominal,1.00,1.00,13000,655322,-100.56,56.1892,115.193489,-8.0328,9.20874,205.847,206.209394,-39.023158,44.7358475,0
0,nominal,1.00,1.00,13000,661991,18.2381,-61.5619,64.2066649,2.55666,-3.17535,196.363,196.405313,13.02007,-16.1708163,0
0,nominal,1.00,1.00,13000,667436,23.6551,180.176,181.722191,2.86594,6.84027,196.762,196.901721,14.5655157,34.7641821,0
0,nominal,1.00,1.00,13000,676274,-6.49558,38.7424,39.2831531,24.4613,1.37224,198.496,200.002251,123.233214,6.91318717,0
0,nominal,1.00,1.00,13000,679390,186.241,-50.0122,192.83913,28.4049,-4.53547,191.481,193.629497,148.343178,-23.6862665,0
0,nominal,1.00,1.00,13000,679446,3.80715,50.216,50.3601137,-1.1018,1.36456,206.021,206.028465,-5.34799851,6.62340247,0
0,nominal,1.00,1.00,13000,680524,59.8591,-18.5194,62.6584394,3.6871,-4.25634,201.348,201.426732,18.3120766,-21.1392216,0
0,nominal,1.00,1.00,13000,685532,-56.3873,-33.3763,65.5248426,-12.5978,-2.72907,191.992,192.42422,-65.6162757,-14.2144985,0
0,nominal,1.00,1.00,13000,685584,72.7961,-66.7487,98.765688,-2.57358,-0.77487,191.64,191.658846,-13.4292423,-4.04336255,0
0,nominal,1.00,1.00,13000,698769,198.246,13.1777,198.683488,28.1505,7.27858,201.748,203.83249,139.532982,36.0775819,0
0,nominal,1.00,1.00,13000,700441,-96.4353,34.1923,102.317547,-2.39777,8.07686,200.078,200.255315,-11.9841762,40.3685563,0
0,nominal,1.00,1.00,13000,701433,22.9924,-81.8496,85.0176892,3.92655,-0.40232,191.605,191.645651,20.4929412,-2.09973644,0
0,nominal,1.00,1.00,13000,701915,7.75938,-71.6039,72.0230968,-21.4316,-20.4028,202.913,205.059195,-105.61965,-100.549497,0
0,nominal,1.00,1.00,13000,702575,29.4216,-41.7847,51.1037347,2.6918,-2.81886,198.343,198.381293,13.5714394,-14.2120468,0
0,nominal,1.00,1.00,13000,704109,67.0978,42.8496,79.6128318,17.2856,-5.4817,197.988,198.816723,87.3063014,-27.6870315,0
0,nominal,1.00,1.00,13000,706504,-42.1388,-135.063,141.483895,-7.0202,1.29123,206.806,206.929148,-33.9458236,6.24367765,0
0,nominal,1.00,1.00,13000,707591,27.5034,24.2231,36.6496328,-16.8584,-1.02613,203.27,203.970467,-82.9359965,-5.04811335,0
0,nominal,1.00,1.00,13000,708077,-80.2356,-140.335,161.652911,1.26937,-1.03838,198.315,198.321781,6.40077654,-5.23601341,0
0,nominal,1.00,1.00,13000,715361,33.6949,69.6872,77.4057629,7.07745,18.1312,190.115,191.108723,37.2272046,95.3696447,0
0,nominal,1.00,1.00,13000,716189,-8.3364,51.7643,52.4312723,15.5672,11.8806,200.38,201.334624,77.6883921,59.2903483,0
0,nominal,1.00,1.00,13000,716245,-39.4598,72.6866,82.7068173,-1.48137,1.09599,198.841,198.849538,-7.45002288,5.51189141,0
0,nominal,1.00,1.00,13000,721334,-44.6222,-127.752,135.320783,7.39839,3.86453,197.859,198.034983,37.3922339,19.5317372,0
0,nominal,1.00,1.00,13000,722498,-63.4585,93.3771,112.899354,7.34445,-0.121722,196.311,196.448376,37.4123202,-0.620046763,0
0,nominal,1.00,1.00,13000,726582,-8.52873,40.7269,41.6103307,13.6076,7.22499,192.46,193.075682,70.7035228,37.5402161,0
0,nominal,1.00,1.00,13000,734604,188.141,-23.6702,189.624139,40.0146,-7.83196,204.298,208.3271,195.863885,-38.3359602,0
0,nominal,1.00,1.00,13000,735468,-50.0398,-134.083,143.11615,-2.84605,1.38045,207.179,207.203146,-13.7371548,6.66307879,0
0,nominal,1.00,1.00,13000,735761,89.5455,-153.702,177.883955,5.37458,-1.19877,191.637,191.7161,28.0456279,-6.2554204,0
0,nominal,1.00,1.00,13000,738044,-62.0077,85.4559,105.582507,2.30655,-1.08553,198.93,198.946333,11.5947821,-5.45684412,0
0,nominal,1.00,1.00,13000,738316,-2.1446,-104.775,104.796946,14.3987,3.70603,200.785,201.33473,71.7120303,18.4577035,0
0,nominal,1.00,1.00,13000,741910,-4.35677,-172.893,172.947885,23.1153,-3.07409,199.926,201.281327,115.619279,-15.3761392,0
0,nominal,1.00,1.00,13000,743139,-111.322,-59.1481,126.059849,-4.79105,-6.4626,194.995,195.160881,-24.5701172,-33.1423883,0
0,nominal,1.00,1.00,13000,743810,63.9788,-40.743,75.8503718,18.9303,2.51375,190.647,191.601028,99.2950322,13.1853635,0
0,nominal,1.00,1.00,13000,743920,112.849,19.5421,114.528557,18.4123,10.8276,190.954,192.144945,96.4226987,56.7026614,0
0,nominal,1.00,1.00,13000,744578,-62.736,-52.1042,81.551538,-9.95594,-1.1062,190.619,190.882025,-52.2295259,-5.80319905,0
0,nominal,1.00,1.00,13000,748163,65.9675,-173.782,185.881399,-3.15726,-0.706412,201.642,201.667954,-15.6577499,-3.50329792,0
0,nominal,1.00,1.00,13000,750530,-63.2521,-180.591,191.347687,-22.5944,0.997352,193.695,195.010909,-116.649371,5.1490849,0
0,nominal,1.00,1.00,13000,751497,57.6668,81.7512,100.043583,19.6925,2.53609,198.287,199.278601,99.3131168,12.7899963,0
0,nominal,1.00,1.00,13000,751886,108.909,-38.7277,115.589814,36.4304,-9.49622,194.881,198.484146,186.936643,-48.7283009,0
0,nominal,1.00,1.00,13000,752203,-47.8857,-36.108,59.9735602,-11.7685,-5.33651,208.118,208.518771,-56.5472472,-25.6417513,0
0,nominal,1.00,1.00,13000,752803,91.183,3.16251,91.2378264,29.0261,8.44052,188.337,190.747431,154.117884,44.8160478,0
0,nominal,1.00,1.00,13000,755844,-59.4306,140.638,152.679544,-13.5435,-0.631072,195.838,196.306767,-69.1566499,-3.22241853,0
0,nominal,1.00,1.00,13000,757103,94.4855,-38.6639,102.09019,13.9833,-1.44337,209.496,209.967117,66.7473365,-6.88972582,0
0,nominal,1.00,1.00,13000,758577,162.478,-81.936,181.968702,14.4915,3.25419,205.286,205.822582,70.5917598,15.8519821,0
0,nominal,1.00,1.00,13000,769164,-89.9376,-93.2637,129.56423,-14.145,-3.89551,194.231,194.784336,-72.825656,-20.0560673,0
0,nominal,1.00,1.00,13000,772027,19.6069,151.32,152.58497,2.01221,2.83174,207.8,207.829035,9.6833975,13.6272377,0
0,nominal,1.00,1.00,13000,779702,73.3219,68.2817,100.192273,6.84743,4.02653,201.142,201.298794,34.0427658,20.0183452,0
0,nominal,1.00,1.00,13000,781954,-102.827,14.9164,103.903277,-1.01852,4.06799,201.449,201.492644,-5.0559695,20.193647,0
0,nominal,1.00,1.00,13000,787179,-98.6929,-115.274,151.751058,-14.5773,4.40162,209.254,209.807313,-69.6631845,21.0348189,0
0,nominal,1.00,1.00,13000,791972,41.3663,-106.47,114.223604,-2.57944,-8.78164,193.203,193.419673,-13.3509314,-45.4529174,0
0,nominal,1.00,1.00,13000,799426,35.2842,185.328,188.656944,11.5054,2.28382,196.654,197.003517,58.5058021,11.613392,0
0,nominal,1.00,1.00,13000,800455,43.0939,-37.5137,57.1345946,-15.5524,-3.04357,207.934,208.53702,-74.7948868,-14.6371926,0
0,nominal,1.00,1.00,13000,801784,-186.471,-18.294,187.36623,-19.8213,-0.549995,204.963,205.919931,-96.7067227,-2.68338676,0
0,nominal,1.00,1.00,13000,802878,-76.0116,-108.021,132.084442,-18.775,-15.0104,198.966,200.412779,-94.362856,-75.4420353,0
0,nominal,1.00,1.00,13000,805618,5.79136,146.343,146.457548,-7.75114,6.51358,193.961,194.225066,-39.9623636,33.5819056,0
0,nominal,1.00,1.00,13000,806531,35.4129,112.364,117.812317,-6.70958,15.8384,201.098,201.832304,-33.3647276,78.7596097,0
0,nominal,1.00,1.00,13000,806983,12.3114,-34.0963,36.2509068,-0.979002,31.7533,190.115,192.750989,-5.14952529,167.02154,0
0,nominal,1.00,1.00,13000,813847,73.5539,-62.9528,96.8154494,1.88573,-0.237637,203.44,203.448878,9.26921943,-1.16809379,0
0,nominal,1.00,1.00,13000,821221,-82.875,52.6685,98.1948905,2.54913,-1.14754,203.029,203.048245,12.555497,-5.65209896,0
0,nominal,1.00,1.00,13000,821327,169.116,-56.434,178.283532,22.8884,-1.75976,207.123,208.391249,110.506318,-8.49620757,0
0,nominal,1.00,1.00,13000,823643,56.2695,25.3235,61.7052371,3.94835,6.67167,208.618,208.761995,18.9262192,31.9803181,0
0,nominal,1.00,1.00,13000,823931,-104.69,-23.1536,107.219799,-35.277,-7.00279,205.109,208.238343,-171.991478,-34.1417978,0
0,nominal,1.00,1.00,13000,824487,81.5561,158.264,178.041824,16.647,12.0547,207.951,208.964248,80.0525124,57.9689446,0
0,nominal,1.00,1.00,13000,824497,-100.107,-74.0644,124.526892,-3.06944,0.769246,203.158,203.182642,-15.1086347,3.78644208,0
0,nominal,1.00,1.00,13000,828139,2.70893,-83.0731,83.117256,1.97706,0.780044,192.845,192.856712,10.2520677,4.04492727,0
0,nominal,1.00,1.00,13000,837242,-43.2007,149.416,155.535981,2.98853,3.00119,204.486,204.529858,14.6148392,14.6767505,0
0,nominal,1.00,1.00,13000,847741,5.03025,-40.7255,41.0349822,-14.298,-17.0204,199.05,200.287367,-71.8311982,-85.5081638,0
0,nominal,1.00,1.00,13000,847932,9.14253,-57.4543,58.1771643,4.17192,-12.2753,191.033,191.472439,21.8387399,-64.2574843,0
0,nominal,1.00,1.00,13000,850863,-74.2067,75.6106,105.94148,-19.6267,23.2519,202.849,205.118441,-96.7552219,114.626643,0
0,nominal,1.00,1.00,13000,852179,-87.9946,18.5931,89.9374949,-20.7409,-1.90081,192.851,193.972437,-107.548833,-9.8563658,0
0,nominal,1.00,1.00,13000,852654,85.483,-135.765,160.435278,-3.5425,0.256544,192.791,192.823714,-18.3748204,1.33068452,0
0,nominal,1.00,1.00,13000,857296,12.0097,-44.5144,46.1060159,-23.9292,-19.6081,193.841,196.294212,-123.447568,-101.155586,0
0,nominal,1.00,1.00,13000,858040,-14.0755,119.621,120.446267,5.4249,3.11686,197.545,197.644052,27.461591,15.7779746,0
0,nominal,1.00,1.00,13000,858871,-29.4504,-5.161,29.899197,-10.1037,1.0234,198.788,199.047233,-50.8265086,5.14819808,0
0,nominal,1.00,1.00,13000,859678,-3.94498,-24.0165,24.3383471,-6.26058,-3.61433,208.742,208.867137,-29.9919518,-17.3148193,0
0,nominal,1.00,1.00,13000,866727,-44.1468,-77.2537,88.9779417,-29.878,-3.43576,190.495,192.854464,-156.844012,-18.0359589,0
0,nominal,1.00,1.00,13000,868114,-7.7807,22.4097,23.722014,-2.41033,18.1016,209.171,209.966628,-11.5232513,86.5397211,0
0,nominal,1.00,1.00,13000,868809,45.4652,75.5328,88.1605824,-10.4452,1.05225,194.325,194.608363,-53.75119,5.41489772,0
0,nominal,1.00,1.00,13000,870339,50.155,102.257,113.894768,-2.32307,26.4332,207.493,209.182829,-11.1958958,127.393213,0
0,nominal,1.00,1.00,13000,884885,-8.83085,-154.9,155.151519,15.1813,3.7242,193.72,194.349633,78.3672311,19.2246541,0
0,nominal,1.00,1.00,13000,885330,-11.174,-70.3888,71.2702002,-4.2855,0.639705,203.615,203.661098,-21.0470741,3.14173808,0
0,nominal,1.00,1.00,13000,888301,23.959,-49.4244,54.9254494,9.32358,14.3762,207.24,207.947161,44.9892878,69.3698128,0
0,nominal,1.00,1.00,13000,888771,47.1918,-154.002,161.070426,14.371,-16.3767,197.421,198.61967,72.7936744,-82.9531813,0
0,nominal,1.00,1.00,13000,888835,-154.959,0.696818,154.960567,-29.3485,-1.61062,195.544,197.7407,-150.086426,-8.23661171,0
0,nominal,1.00,1.00,13000,890007,71.2441,22.7423,74.7859211,24.7341,21.1412,194.456,197.159484,127.196384,108.71971,0
0,nominal,1.00,1.00,13000,892913,89.2092,167.264,189.566682,0.0254888,1.70624,205.492,205.499085,0.124037919,8.30319428,0
0,nominal,1.00,1.00,13000,892971,64.5887,173.635,185.258774,15.547,17.6661,199.535,200.917935,77.9161551,88.536347,0
0,nominal,1.00,1.00,13000,893047,-97.3411,34.7237,103.349045,-6.93455,2.71058,209.068,209.200535,-33.1688733,12.965064,0
0,nominal,1.00,1.00,13000,893673,93.1758,17.6592,94.8344718,21.1993,-3.98548,198.414,199.58309,106.843771,-20.0866874,0
0,nominal,1.00,1.00,13000,897060,5.5867,164.852,164.946637,-7.79543,25.881,205.011,206.785166,-38.0244475,126.242007,0
0,nominal,1.00,1.00,13000,900669,-19.5536,-94.6669,96.6652224,-0.414931,1.14157,193.99,193.993803,-2.13892984,5.88468478,0
0,nominal,1.00,1.00,13000,902604,85.3533,-81.3151,117.886943,9.1563,-11.7999,196.739,197.305118,46.5403402,-59.977432,0
0,nominal,1.00,1.00,13000,904694,-9.62215,37.8606,39.0641882,10.1177,2.43309,199.303,199.574481,50.7654175,12.2079949,0
0,nominal,1.00,1.00,13000,904757,-41.8558,39.3141,57.4239188,0.764268,-3.34928,205.311,205.339739,3.7224893,-16.3132029,0
0,nominal,1.00,1.00,13000,907158,-89.8851,-4.24832,89.9854401,-5.35789,-3.78051,198.685,198.79318,-26.9667564,-19.0276568,0
0,nominal,1.00,1.00,13000,911933,43.7156,-75.3099,87.0783252,20.1056,3.34272,190.367,191.454965,105.614944,17.5593459,0
0,nominal,1.00,1.00,13000,914911,-64.2482,-31.747,71.6638208,-25.5697,-18.8224,196.701,199.247022,-129.99273,-95.6904134,0
0,nominal,1.00,1.00,13000,919445,-87.1527,80.419,118.586714,-17.0771,11.9531,193.569,194.688114,-88.2222877,61.7511068,0
0,nominal,1.00,1.00,13000,919893,-17.665,-58.2616,60.8807544,-17.2159,-14.2798,207.526,208.72791,-82.9577981,-68.8096913,0
0,nominal,1.00,1.00,13000,922170,59.2215,163.282,173.689947,4.97723,1.28032,208.418,208.481354,23.8809988,6.14303947,0
0,nominal,1.00,1.00,13000,922289,-69.1105,-151.194,166.240449,7.90922,-4.13838,194.639,194.843584,40.63533,-21.2618232,0
0,nominal,1.00,1.00,13000,922789,-64.7556,129.847,145.09835,0.850153,4.22726,197.63,197.677033,4.30174063,21.3897688,0
0,nominal,1.00,1.00,13000,925857,-113.448,39.7129,120.198016,-11.5043,-3.67953,191.354,191.73482,-60.1205096,-19.228916,0
0,nominal,1.00,1.00,13000,928188,-32.8572,-135.452,139.380199,11.5088,-20.7029,194.542,195.978704,59.1584337,-106.418665,0
0,nominal,1.00,1.00,13000,929351,-87.864,-133.282,159.637633,2.13029,0.28882,205.165,205.176263,10.3833012,1.40774499,0
0,nominal,1.00,1.00,13000,930642,52.3496,116.902,128.088088,14.7905,3.08391,204.737,205.293713,72.241461,15.0627879,0
0,nominal,1.00,1.00,13000,931497,-24.3227,-117.125,119.623824,-7.08877,4.43306,195.113,195.292052,-36.331613,22.7204748,0
0,nominal,1.00,1.00,13000,934773,-3.97413,-11.5878,12.2503395,-7.30452,-14.8525,202.028,202.704873,-36.1559784,-73.5170372,1
0,nominal,1.00,1.00,13000,934864,19.9649,36.8739,41.9318701,-11.1838,-12.4548,194.581,195.29968,-57.4763209,-64.008305,0
0,nominal,1.00,1.00,13000,937254,-34.8221,54.9005,65.0126415,-2.66901,0.965093,194.32,194.340725,-13.7351276,4.966514,0
0,nominal,1.00,1.00,13000,938133,40.9382,-33.1068,52.6497524,-2.06404,-2.06041,205.729,205.749671,-10.0328102,-10.0151656,0
0,nominal,1.00,1.00,13000,938587,94.1142,-70.4508,117.561889,4.93495,-2.23623,195.788,195.862951,25.2055795,-11.4216908,0
0,nominal,1.00,1.00,13000,942562,-93.1398,21.3222,95.5492468,-4.5337,6.41355,194.072,194.230866,-23.3609176,33.0472711,0
0,nominal,1.00,1.00,13000,943022,-43.8623,-12.0835,45.4962892,-7.7827,0.758564,197.477,197.631757,-39.4106655,3.84127772,0
0,nominal,1.00,1.00,13000,944420,96.9114,-145.279,174.636214,2.34353,-1.97115,205.487,205.509817,11.4047604,-9.59257763,0
0,nominal,1.00,1.00,13000,946822,93.2875,-40.2586,101.603703,16.3319,-2.7722,193.061,193.770394,84.5945064,-14.3591922,0
0,nominal,1.00,1.00,13000,950161,86.8596,50.981,100.715701,26.14,7.68568,190.538,192.476229,137.190482,40.3367307,0
0,nominal,1.00,1.00,13000,951384,-32.3996,98.7869,103.964348,-16.8075,7.2858,190.799,191.676377,-88.0900843,38.1857347,0
0,nominal,1.00,1.00,13000,955767,19.8149,20.2425,28.3264729,14.0416,18.6973,194.29,195.692002,72.271347,96.2339801,0
0,nominal,1.00,1.00,13000,957137,-3.01482,-93.0992,93.1480015,4.12798,0.68133,199.894,199.937779,20.6508449,3.40845648,0
0,nominal,1.00,1.00,13000,958032,41.9864,-6.99607,42.5652767,20.1856,21.5393,204.915,207.030329,98.5071859,105.11334,0
0,nominal,1.00,1.00,13000,960955,180.865,-80.1919,197.845619,22.2911,-1.2078,200.901,202.137487,110.955645,-6.01191632,0
0,nominal,1.00,1.00,13000,962108,-49.0304,166.331,173.406983,0.017525,-1.18953,191.829,191.832689,0.0913574069,-6.20099151,0
0,nominal,1.00,1.00,13000,965220,-3.58615,-127.957,128.007243,-2.77761,-3.66399,196.267,196.320848,-14.1522008,-18.6683956,0
0,nominal,1.00,1.00,13000,965918,-37.5762,139.377,144.353451,-6.1714,5.74825,191.183,191.368932,-32.2800667,30.0667423,0
0,nominal,1.00,1.00,13000,967369,-74.5301,157.623,174.355229,0.613644,-1.48427,207.389,207.395219,2.95890332,-7.15693696,0
0,nominal,1.00,1.00,13000,968560,25.5978,-118.278,121.01625,5.94138,-7.85468,202.581,202.820259,29.3284168,-38.773034,0
0,nominal,1.00,1.00,13000,969740,-133.36,-52.324,143.257428,-4.76963,5.29951,197.793,197.921462,-24.1142508,26.7932131,0
0,nominal,1.00,1.00,13000,976793,-95.1892,-82.128,125.721884,-20.8016,-22.1748,199.806,202.106076,-104.108986,-110.981652,0
0,nominal,1.00,1.00,13000,980666,-12.5734,-32.4069,34.7605747,-8.48763,2.44067,203.648,203.839409,-41.6779443,11.9847482,0
0,nominal,1.00,1.00,13000,983558,86.2193,102.719,134.108019,5.2603,0.89492,199.517,199.588339,26.3651719,4.48543232,0
0,nominal,1.00,1.00,13000,985196,-3.81785,-155.961,156.007723,-15.4566,-0.263282,195.792,196.401332,-78.9439814,-1.34470254,0
0,nominal,1.00,1.00,13000,985534,28.0682,91.4841,95.693074,-1.47673,24.5378,197.593,199.116242,-7.47359471,124.183549,0
0,nominal,1.00,1.00,13000,989964,-128.464,139.385,189.55521,-12.1631,7.67513,205.359,205.862011,-59.2284731,37.3742081,0
0,nominal,1.00,1.00,13000,999535,-43.9486,-87.8037,98.1884371,5.62026,3.04747,199.29,199.392524,28.201415,15.2916353,0
0,nominal,1.00,1.00,14000,1353,24.6557,-42.7034,49.3100792,33.2341,-9.16268,191.966,195.036933,173.124928,-47.730744,0
0,nominal,1.00,1.00,14000,2485,38.3287,-127.208,132.856932,3.02927,-4.51034,194.452,194.52789,15.5784975,-23.195133,0
0,nominal,1.00,1.00,14000,5930,-1.53865,19.7493,19.8091467,2.62251,12.6968,191.526,191.964306,13.6927101,66.2928271,1
0,nominal,1.00,1.00,14000,6230,68.8373,40.4861,79.8604919,47.9184,16.0723,195.382,201.813324,245.254936,82.2609043,0
0,nominal,1.00,1.00,14000,6346,-118.995,-138.54,182.628425,13.3016,0.968584,205.692,206.123918,64.6675612,4.70890458,0
0,nominal,1.00,1.00,14000,8492,-118.126,31.9719,122.376281,-2.94122,-19.4992,198.542,199.51891,-14.8140948,-98.2119652,0
0,nominal,1.00,1.00,14000,12234,-7.93065,135.472,135.703935,22.5572,4.24153,199.819,201.132918,112.888164,21.2268603,0
0,nominal,1.00,1.00,14000,18460,-34.584,-156.469,160.24544,7.05748,-3.96349,194.436,194.604407,36.2971878,-20.3845481,0
0,nominal,1.00,1.00,14000,21298,-6.03807,4.53134,7.54926033,12.6736,-22.3441,199.416,201.063721,63.5535764,-112.047679,1
0,nominal,1.00,1.00,14000,23710,-132.991,89.0516,160.052471,-1.80661,2.99789,190.587,190.619138,-9.47918798,15.7297717,0
0,nominal,1.00,1.00,14000,31919,169.431,37.3778,173.504939,22.041,1.90978,200.495,201.711918,109.932916,9.52532482,0
0,nominal,1.00,1.00,14000,33486,16.7624,78.0919,79.8706636,11.2368,0.783519,206.76,207.066601,54.3470691,3.78950958,0
0,nominal,1.00,1.00,14000,35239,-129.103,75.5749,149.596625,-16.5876,10.6574,196.019,197.008063,-84.6224091,54.3692193,0
0,nominal,1.00,1.00,14000,37232,11.173,193.989,194.310494,13.5356,23.8594,205.843,207.662765,65.7569118,115.91067,0
0,nominal,1.00,1.00,14000,42075,80.1781,-23.9594,83.6814231,2.4728,-3.99868,197.202,197.258037,12.5394266,-20.2770763,0
0,nominal,1.00,1.00,14000,43269,-0.646199,-149.844,149.845393,13.2539,-5.11545,202.453,202.950858,65.4665527,-25.267346,0
0,nominal,1.00,1.00,14000,44041,-2.85761,145.693,145.721022,10.696,28.2866,205.802,208.012017,51.972284,137.4457,0
0,nominal,1.00,1.00,14000,54996,66.7367,64.3242,92.6897504,26.2688,21.1777,199.973,202.799767,131.361734,105.902797,0
0,nominal,1.00,1.00,14000,55892,65.5989,49.3417,82.0842192,9.18905,1.63033,190.857,191.085036,48.1462561,8.5421546,0
0,nominal,1.00,1.00,14000,56575,59.5415,99.7903,116.203675,12.157,3.10106,205.397,205.779826,59.1878168,15.0978836,0
0,nominal,1.00,1.00,14000,60991,-55.9255,98.0422,112.871318,15.2593,4.02708,199.039,199.663685,76.6648747,20.2326177,0
0,nominal,1.00,1.00,14000,69704,-95.9807,-65.4416,116.167542,12.692,-17.0774,197.477,198.619964,64.2707758,-86.4779189,0
0,nominal,1.00,1.00,14000,71461,56.3711,-132.51,144.002087,8.52987,-5.23533,206.1,206.342864,41.3870451,-25.4018923,0
0,nominal,1.00,1.00,14000,74482,-54.3185,164.065,172.823099,11.5002,4.93797,207.855,208.231456,55.3279931,23.7568016,0
0,nominal,1.00,1.00,14000,78377,-16.518,29.8255,34.0940578,7.08178,-3.18367,191.764,191.921127,36.9296635,-16.6020212,0
0,nominal,1.00,1.00,14000,78804,-115.642,-121.62,167.822813,2.5212,0.797325,197.217,197.234726,12.7838878,4.0428817,0
0,nominal,1.00,1.00,14000,85186,94.837,37.9846,102.161081,4.89566,18.8609,191.339,192.328661,25.5863154,98.573213,0
0,nominal,1.00,1.00,14000,86134,0.194615,-84.049,84.0492253,5.0211,-14.2035,204.542,205.096028,24.5480146,-69.4405061,0
0,nominal,1.00,1.00,14000,86185,8.75997,-0.569004,8.77843038,9.19298,28.2388,205.7,207.832699,44.6912008,137.281478,1
0,nominal,1.00,1.00,14000,87639,-34.7326,80.2015,87.3992798,0.54454,8.03257,190.81,190.979776,2.85383366,42.0972171,0
0,nominal,1.00,1.00,14000,88148,-50.4006,2.19801,50.4485057,13.8453,4.22564,193.851,194.390737,71.4223811,21.7983915,0
0,nominal,1.00,1.00,14000,88261,-42.2698,-65.3798,77.8540573,8.02422,-0.172556,208.221,208.375629,38.5370352,-0.828715643,0
0,nominal,1.00,1.00,14000,90323,-21.7676,166.679,168.094371,1.32737,-3.43489,201.842,201.875589,6.57628244,-17.0177168,0
0,nominal,1.00,1.00,14000,91030,86.6878,86.3744,122.373656,30.4403,15.7857,202.269,205.154938,150.494144,78.043101,0
0,nominal,1.00,1.00,14000,95475,91.0754,127.947,157.051467,23.2129,-2.82772,199.142,200.510276,116.564562,-14.1995159,0
0,nominal,1.00,1.00,14000,99791,65.108,-141.335,155.61052,5.35772,-0.952769,201.458,201.531483,26.5947245,-4.72936791,0
0,nominal,1.00,1.00,14000,102139,96.0198,-151.092,179.021212,25.2196,0.813,205.515,207.058215,122.714157,3.95591563,0
0,nominal,1.00,1.00,14000,112938,45.8734,-51.6807,69.103282,16.6776,-26.618,193.554,196.086234,86.1651012,-137.522345,0
0,nominal,1.00,1.00,14000,116381,109.998,-2.62113,110.029225,12.4654,19.6121,203.026,204.351602,61.3980475,96.5989578,0
0,nominal,1.00,1.00,14000,120484,34.8421,137.977,142.308202,-1.46712,-4.16274,192.229,192.279664,-7.63214707,-21.6551093,0
0,nominal,1.00,1.00,14000,121438,-81.2973,-122.433,146.96629,8.80926,-2.34992,197.485,197.695347,44.607236,-11.8992329,0
0,nominal,1.00,1.00,14000,122797,93.5814,-2.63602,93.6185186,15.5831,26.7256,205.26,207.578318,75.9188346,130.203644,0
0,nominal,1.00,1.00,14000,124413,167.31,68.3187,180.721003,5.36619,17.1726,206.675,207.456622,25.9643885,83.0898754,0
0,nominal,1.00,1.00,14000,124686,17.7681,158.792,159.782992,4.6989,3.54175,193.238,193.327567,24.3166458,18.3284344,0
0,nominal,1.00,1.00,14000,130484,-50.7035,-152.251,160.471841,20.4878,-1.16092,203.233,204.26637,100.809416,-5.7122613,0
0,nominal,1.00,1.00,14000,134665,10.3411,39.8777,41.1967148,14.6272,4.50374,200.519,201.102233,72.9467033,22.4604152,0
0,nominal,1.00,1.00,14000,135893,50.7314,-89.2707,102.678785,-0.167357,-0.594411,191.021,191.021998,-0.876118333,-3.11175735,0
0,nominal,1.00,1.00,14000,138951,-18.4551,191.553,192.439971,13.0244,2.82513,192.982,193.441642,67.4902322,14.6393446,0
0,nominal,1.00,1.00,14000,140848,32.8598,25.2522,41.4420084,-4.96102,-10.3954,192.839,193.182701,-25.7262276,-53.9071453,0
0,nominal,1.00,1.00,14000,143475,-28.0997,127.56,130.618325,8.09587,-2.95819,209.477,209.654257,38.6480139,-14.121789,0
0,nominal,1.00,1.00,14000,145583,90.4114,-151.348,176.29645,24.3291,-21.9293,199.617,202.286297,121.878898,-109.856876,0
0,nominal,1.00,1.00,14000,146744,-25.0031,-77.4806,81.4149764,-0.248879,2.43425,198.141,198.156109,-1.25607017,12.2854432,0
0,nominal,1.00,1.00,14000,149756,-31.3302,-99.5606,104.373821,-0.597924,-4.2896,207.911,207.956106,-2.87586515,-20.631905,0
0,nominal,1.00,1.00,14000,149986,-52.4558,188.428,195.593257,15.8054,5.06823,208.332,208.992153,75.8664055,24.3276597,0
0,nominal,1.00,1.00,14000,155922,125.037,107.869,165.136224,13.7296,11.7493,195.336,196.170081,70.2870951,60.1491789,0
0,nominal,1.00,1.00,14000,157015,14.3254,-43.4182,45.7204241,1.49152,14.3744,200.782,201.301415,7.42855435,71.592075,0
0,nominal,1.00,1.00,14000,158187,-73.9249,143.219,161.172494,0.780511,28.8802,200.652,202.721238,3.88987401,143.931782,0
0,nominal,1.00,1.00,14000,160683,-133.77,-32.7551,137.721855,-11.8624,-3.07792,202.497,202.867506,-58.5806209,-15.1998301,0
0,nominal,1.00,1.00,14000,168990,29.9806,-19.6182,35.828901,6.65401,1.23959,202.455,202.568111,32.8666123,6.12279272,0
0,nominal,1.00,1.00,14000,169209,10.4968,117.146,117.61534,1.07603,-3.02508,196.113,196.139281,5.48678568,-15.4251885,0
0,nominal,1.00,1.00,14000,169630,-8.62399,-176.62,176.83042,19.8203,1.54236,198.302,199.296027,99.9500761,7.77783381,0
0,nominal,1.00,1.00,14000,174456,-68.8938,166.664,180.342021,-5.41124,-0.600325,195.85,195.92566,-27.6295124,-3.06522849,0
0,nominal,1.00,1.00,14000,177107,-6.53888,-125.515,125.685211,10.6118,-5.47645,199.869,200.22542,53.0937764,-27.4001971,0
0,nominal,1.00,1.00,14000,177685,152.887,30.198,155.840797,19.7339,17.7339,196.146,197.932239,100.60822,90.4117341,0
0,nominal,1.00,1.00,14000,178143,-93.9832,-123.237,154.984516,8.82013,2.50416,198.017,198.229155,44.5422868,12.6461869,0
0,nominal,1.00,1.00,14000,182160,146.69,-28.0741,149.352306,13.7196,-1.61739,192.204,192.699821,71.3804083,-8.41496535,0
0,nominal,1.00,1.00,14000,183472,70.9758,-40.9068,81.920269,21.7784,-17.3488,199.608,201.540649,109.105847,-86.9143521,0
0,nominal,1.00,1.00,14000,185031,-36.361,98.9039,105.376011,4.3801,14.9314,203.623,204.216694,21.5108313,73.3286515,0
0,nominal,1.00,1.00,14000,187070,-137.791,-62.1226,151.147534,8.91529,10.3301,207.725,208.17269,42.9187146,49.7296907,0
0,nominal,1.00,1.00,14000,190720,-108.027,30.2844,112.1917,4.42999,3.64865,205.441,205.521147,21.5633199,17.7600868,0
0,nominal,1.00,1.00,14000,192176,-106.726,-1.00872,106.730767,3.00537,0.868112,201.633,201.657265,14.9051495,4.30540636,0
0,nominal,1.00,1.00,14000,192268,40.339,-78.0688,87.8747544,19.1085,-10.5482,207.461,208.606006,92.1064682,-50.8442551,0
0,nominal,1.00,1.00,14000,196905,51.3303,-156.041,164.266836,3.74207,1.88567,207.192,207.234369,18.0608807,9.10107533,0
0,nominal,1.00,1.00,14000,197775,12.7554,-41.8774,43.7768987,8.91073,2.02046,199.329,199.538301,44.7036307,10.1363073,0
0,nominal,1.00,1.00,14000,203976,121.154,85.1996,148.112334,16.6247,8.53984,207.614,208.45355,80.0750431,41.1332569,0
0,nominal,1.00,1.00,14000,205827,100.794,-69.1149,122.214156,9.7642,-6.72953,206.039,206.379979,47.3900572,-32.6614379,0
0,nominal,1.00,1.00,14000,206527,-41.4389,-125.946,132.587999,16.0367,0.370673,202.956,203.588927,79.0156487,1.82637123,0
0,nominal,1.00,1.00,14000,212018,-107.552,-1.07949,107.557417,2.04988,3.65667,208.423,208.465153,9.83519093,17.5444649,0
0,nominal,1.00,1.00,14000,212986,75.2742,-162.711,179.27932,17.7665,-33.2413,186.516,190.286234,95.2545626,-178.222244,0
0,nominal,1.00,1.00,14000,217927,68.2978,33.8316,76.2178893,50.2945,-10.2555,187.995,194.876453,267.531051,-54.5519828,0
0,nominal,1.00,1.00,14000,221055,10.3817,-188.539,188.824612,16.1014,0.230941,199.425,200.074084,80.739125,1.15803435,0
0,nominal,1.00,1.00,14000,222287,85.0064,80.6836,117.20039,14.805,7.23473,190.006,190.71919,77.918592,38.0763239,0
0,nominal,1.00,1.00,14000,222927,-63.3929,-186.724,197.191562,-16.9431,-18.1606,195.091,196.665641,-86.8471636,-93.0878411,0
0,nominal,1.00,1.00,14000,226312,29.36,-149.957,152.80416,3.32609,-6.87132,191.726,191.877922,17.3481427,-35.8392706,0
0,nominal,1.00,1.00,14000,228691,-59.8641,-28.5503,66.3236768,-6.30626,1.72576,190.312,190.424275,-33.1364286,9.06805666,0
0,nominal,1.00,1.00,14000,250126,-81.0949,76.9865,111.818174,9.30959,7.53486,202.718,203.07149,45.9238449,37.169171,0
0,nominal,1.00,1.00,14000,251411,-52.2063,-33.7081,62.1428497,18.9006,-3.7544,202.949,203.861779,93.1298011,-18.4992289,0
0,nominal,1.00,1.00,14000,254284,-16.4545,103.547,104.846229,2.95037,15.2257,203.629,204.218746,14.488948,74.7717663,0
0,nominal,1.00,1.00,14000,256127,-41.2941,-147.778,153.439043,19.3691,-0.571251,201.37,202.300186,96.1866216,-2.83682276,0
0,nominal,1.00,1.00,14000,256385,19.8608,-47.8383,51.7972424,3.93485,-0.69869,203.627,203.666213,19.3238127,-3.43122474,0
0,nominal,1.00,1.00,14000,259096,98.0071,-59.2816,114.541258,11.3075,0.792675,206.204,206.51532,54.8364726,3.84413008,0
0,nominal,1.00,1.00,14000,259772,26.5975,129.817,132.513699,6.26775,3.94076,198.287,198.425171,31.6094852,19.874021,0
0,nominal,1.00,1.00,14000,263152,-3.24679,88.9785,89.0377173,14.0108,-2.1555,207.548,208.031538,67.5063118,-10.3855494,0
0,nominal,1.00,1.00,14000,266117,110.217,113.491,158.202384,16.4005,-1.8591,196.463,197.155124,83.478823,-9.46285051,0
0,nominal,1.00,1.00,14000,266234,64.329,-64.0652,90.7886011,2.23111,0.0330614,197.528,197.540603,11.2951582,0.167375764,0
0,nominal,1.00,1.00,14000,271896,18.9013,-114.514,116.063411,11.3272,-0.238654,200.079,200.399523,56.6136376,-1.19279884,0
0,nominal,1.00,1.00,14000,278454,-7.76141,62.5544,63.0340578,5.58187,-2.72461,200.865,200.961014,27.7891619,-13.564384,0
0,nominal,1.00,1.00,14000,282840,22.708,1.4304,22.7530066,24.97,-9.37944,193.946,195.771616,128.747177,-48.3610902,0
0,nominal,1.00,1.00,14000,285194,-38.4339,143.036,148.109628,-3.90486,-10.3664,192.074,192.393169,-20.329977,-53.9708654,0
0,nominal,1.00,1.00,14000,286005,-114.391,-60.686,129.491666,0.795749,-1.93553,194.76,194.771243,4.08579277,-9.93802629,0
0,nominal,1.00,1.00,14000,286769,-107.802,-56.8958,121.89505,-7.31341,-6.67889,200.424,200.668566,-36.4896919,-33.3238035,0
0,nominal,1.00,1.00,14000,286847,85.239,42.2542,95.1372931,18.5356,5.85216,200.824,201.762472,92.2977333,29.1407402,0
0,nominal,1.00,1.00,14000,290634,85.3178,135.198,159.867527,11.4942,3.74359,190.081,190.465004,60.4700102,19.6947091,0
0,nominal,1.00,1.00,14000,290843,30.1435,87.6094,92.6500813,16.6924,14.3545,203.469,204.656595,82.039033,70.5488305,0
0,nominal,1.00,1.00,14000,295732,27.0797,-81.2081,85.6041217,14.4764,-1.14802,209.172,209.675487,69.2081158,-5.48840189,0
0,nominal,1.00,1.00,14000,298367,56.2011,-23.0972,60.7621946,15.6784,-9.74691,201.103,201.948585,77.9620394,-48.4672531,0
0,nominal,1.00,1.00,14000,307254,-90.0791,133.685,161.2015,9.06001,1.93412,203.876,204.086374,44.4388256,9.48674685,0
0,nominal,1.00,1.00,14000,308905,-6.12449,-156.33,156.449923,1.46525,-0.172754,198.556,198.561482,7.37953021,-0.870051774,0
0,nominal,1.00,1.00,14000,313726,4.69712,-85.2577,85.3869917,6.01213,-13.4213,201.53,202.065875,29.8324319,-66.5970327,0
0,nominal,1.00,1.00,14000,316475,33.1388,158.139,161.573895,10.3799,21.6702,199.2,200.643913,52.1079317,108.786145,0
0,nominal,1.00,1.00,14000,317066,158.123,67.2705,171.837724,29.0325,-1.77078,203.727,205.792887,142.506884,-8.69192596,0
0,nominal,1.00,1.00,14000,317570,9.54161,29.163,30.684245,2.07005,-2.10427,204.212,204.233332,10.1367696,-10.3043406,0
0,nominal,1.00,1.00,14000,318783,28.6014,63.5471,69.6869715,10.3934,0.859535,191.314,191.598038,54.3263954,4.49279718,0
0,nominal,1.00,1.00,14000,320225,-31.875,68.4102,75.4716575,-2.24349,4.91741,200.444,200.51686,-11.1926024,24.5325877,0
0,nominal,1.00,1.00,14000,325296,4.49761,-13.3042,14.0438682,10.2245,-8.95039,192.05,192.530134,53.2387399,-46.604478,1
0,nominal,1.00,1.00,14000,325841,68.3686,178.37,191.023879,13.4602,4.94816,203.634,204.138353,66.0999637,24.299282,0
0,nominal,1.00,1.00,14000,326546,59.9077,113.176,128.053659,2.89432,-12.4773,203.992,204.393728,14.1883995,-61.1656339,0
0,nominal,1.00,1.00,14000,332236,31.4657,25.0369,40.2111507,9.79516,-2.86576,205.347,205.600458,47.7005264,-13.9556945,0
0,nominal,1.00,1.00,14000,333598,-41.1017,71.0893,82.1160052,16.2603,1.91193,203.827,204.483493,79.7750053,9.38016063,0
0,nominal,1.00,1.00,14000,337839,82.2415,-6.09513,82.4670536,24.2388,-5.47555,206.371,207.861711,117.452549,-26.5325554,0
0,nominal,1.00,1.00,14000,337957,-51.7025,69.1141,86.3128457,7.5054,23.6917,199.225,200.769092,37.6729828,118.919312,0
0,nominal,1.00,1.00,14000,341902,-139.768,98.129,170.77586,6.0722,3.61158,204.53,204.651988,29.6885542,17.6579475,0
0,nominal,1.00,1.00,14000,343190,35.1272,116.893,122.056928,9.55263,4.72889,204.284,204.561892,46.7615183,23.1486068,0
0,nominal,1.00,1.00,14000,345121,20.958,-169.772,171.060719,13.4358,-3.25877,199.808,200.285739,67.2435538,-16.3095071,0
0,nominal,1.00,1.00,14000,350629,-163.022,37.2229,167.217573,0.804231,-4.21884,202.793,202.838473,3.96577298,-20.8036767,0
0,nominal,1.00,1.00,14000,351807,-20.4005,-26.6434,33.5566858,0.590697,-1.98246,191.831,191.842153,3.07925726,-10.3344089,0
0,nominal,1.00,1.00,14000,351973,-104.24,-81.3689,132.23795,-10.2058,-17.5939,200.924,201.950879,-50.7943302,-87.5649499,0
0,nominal,1.00,1.00,14000,352155,-140.4,121.787,185.86079,10.9212,-4.01771,203.38,203.712638,53.6984954,-19.7546956,0
0,nominal,1.00,1.00,14000,353514,-12.6041,-18.802,22.6357801,12.1934,-22.479,190.675,192.382276,63.9486036,-117.891701,0
0,nominal,1.00,1.00,14000,358188,-91.0823,-23.5282,94.0721083,5.78395,-2.57087,206.869,206.96581,27.9594816,-12.4275266,0
0,nominal,1.00,1.00,14000,359010,-149.323,112.644,187.045527,11.3114,2.0489,207.462,207.780238,54.522756,9.87602549,0
0,nominal,1.00,1.00,14000,359140,82.3671,38.6766,90.9957062,18.3028,-2.5212,205.044,205.874697,89.2627924,-12.2958975,0
0,nominal,1.00,1.00,14000,359475,-47.9755,-169.944,176.58599,7.21348,-8.86143,198.661,198.989327,36.3104988,-44.6057857,0
0,nominal,1.00,1.00,14000,361430,27.8672,-49.1995,56.5435375,17.8723,13.6644,206.212,207.43559,86.669544,66.263845,0
0,nominal,1.00,1.00,14000,361671,-32.0904,48.0829,57.8079497,9.22834,-2.02917,202.681,202.901128,45.5313522,-10.0116439,0
0,nominal,1.00,1.00,14000,364864,7.63911,-43.8057,44.4667893,-4.46665,4.59861,190.056,190.16409,-23.5017574,24.1960791,0
0,nominal,1.00,1.00,14000,366243,75.3,-34.902,82.9954192,8.51128,2.6288,204.257,204.451154,41.6694654,12.8700608,0
0,nominal,1.00,1.00,14000,367087,-106.6,82.6119,134.863954,4.49018,4.28893,195.402,195.500635,22.9791916,21.9492636,0
0,nominal,1.00,1.00,14000,370966,43.8715,47.3705,64.5652599,6.79363,-7.40667,204.032,204.27939,33.2968848,-36.3015115,0
0,nominal,1.00,1.00,14000,373616,106.468,-37.9486,113.028896,27.7105,-10.215,191.349,193.614715,144.816539,-53.3841306,0
0,nominal,1.00,1.00,14000,378840,-15.9436,153.183,154.010486,18.9845,7.11727,202.871,203.881606,93.579171,35.0827373,0
0,nominal,1.00,1.00,14000,383965,52.8406,143.063,152.509511,8.19486,-0.462182,199.61,199.778681,41.054356,-2.31542508,0
0,nominal,1.00,1.00,14000,390738,-114.586,-30.048,118.460262,13.9477,-6.17795,203.183,203.754845,68.6459989,-30.405841,0
0,nominal,1.00,1.00,14000,392313,12.9228,-190.77,191.207196,5.74313,0.447457,207.386,207.465989,27.6929494,2.15760466,0
0,nominal,1.00,1.00,14000,394365,118.918,23.6916,121.255031,21.6019,-5.26478,201.551,202.773681,107.178332,-26.1213291,0
0,nominal,1.00,1.00,14000,398589,-136.399,-137.357,193.575909,-5.00992,-8.89813,195.837,196.103051,-25.5820912,-45.4364089,0
0,nominal,1.00,1.00,14000,410010,29.8881,32.8187,44.3888003,0.277105,0.696684,202.044,202.045391,1.37150819,3.4481796,0
0,nominal,1.00,1.00,14000,412081,-57.908,71.7717,92.2199186,18.3017,-0.616235,201.754,202.583337,90.7129475,-3.05438802,0
0,nominal,1.00,1.00,14000,413207,-66.8427,121.861,138.989388,4.98499,15.5665,204.528,205.180089,24.3731421,76.1093836,0
0,nominal,1.00,1.00,14000,415466,-131.052,-144.653,195.189951,3.16939,-12.3365,190.702,191.126887,16.619595,-64.6899351,0
0,nominal,1.00,1.00,14000,416397,-118.365,-5.26847,118.482193,-9.57449,-21.3076,189.911,191.342292,-50.4156684,-112.197819,0
0,nominal,1.00,1.00,14000,417809,-139.094,13.3115,139.729513,-0.0311886,-11.4571,207.104,207.420667,-0.150593905,-55.3205153,0
0,nominal,1.00,1.00,14000,417822,-48.3541,74.1666,88.5370179,11.4538,2.19104,199.841,200.180957,57.3145651,10.9639163,0
0,nominal,1.00,1.00,14000,418199,26.4797,142.078,144.524505,23.2842,12.3841,208.192,209.855733,111.840032,59.484034,0
0,nominal,1.00,1.00,14000,424421,92.0655,-55.5078,107.504289,22.6222,-15.1812,196.788,198.664918,114.957213,-77.1449479,0
0,nominal,1.00,1.00,14000,427209,-76.7121,36.8068,85.0851739,-17.0544,-6.81963,192.719,193.592285,-88.4936099,-35.3863916,0
0,nominal,1.00,1.00,14000,427894,69.2614,-27.8036,74.6336499,26.282,-4.31456,207.63,209.331259,126.580937,-20.7800414,0
0,nominal,1.00,1.00,14000,428586,-78.4428,-168.135,185.533423,14.1717,-1.97086,205.882,206.378582,68.8340894,-9.57276498,0
0,nominal,1.00,1.00,14000,431980,-72.0998,14.3559,73.5151211,16.8029,-2.56367,200.96,201.677543,83.6131568,-12.7571158,0
0,nominal,1.00,1.00,14000,432179,15.5068,20.813,25.9546107,15.1929,4.4294,201.613,202.233147,75.3567478,21.9698135,0
0,nominal,1.00,1.00,14000,435193,-31.1829,97.0284,101.916062,8.47831,2.2139,196.779,196.974003,43.085441,11.2506924,0
0,nominal,1.00,1.00,14000,437615,43.7821,-66.5222,79.6371482,51.017,18.2782,187.292,194.974665,272.392841,97.5919954,0
0,nominal,1.00,1.00,14000,437701,18.0978,-37.0463,41.2305555,12.7792,-11.8409,206.927,207.659091,61.7570448,-57.2225954,0
0,nominal,1.00,1.00,14000,442251,-55.1828,89.5619,105.197316,2.57812,19.0573,199.919,200.841813,12.8958228,95.3251067,0
0,nominal,1.00,1.00,14000,442674,-50.1528,32.5752,59.8034029,19.5887,-1.23478,202.925,203.872012,96.5317235,-6.08490822,0
0,nominal,1.00,1.00,14000,444785,-155.961,-7.73927,156.152905,1.22667,2.41284,197.276,197.294568,6.2180397,12.2307833,0
0,nominal,1.00,1.00,14000,445112,-41.7308,51.9903,66.6667156,4.31078,12.7362,207.212,207.647794,20.8037179,61.464587,0
0,nominal,1.00,1.00,14000,446406,-19.5671,181.261,182.314074,5.21516,0.914362,199.927,199.997098,26.0853211,4.57347932,0
0,nominal,1.00,1.00,14000,447463,170.611,-22.218,172.051599,16.8554,7.27015,197.149,198.001737,85.4957418,36.8764234,0
0,nominal,1.00,1.00,14000,450359,-94.6465,59.8055,111.958286,-6.05335,4.37285,199.314,199.453843,-30.3709223,21.9395025,0
0,nominal,1.00,1.00,14000,450872,92.6388,-84.1131,125.127778,21.103,6.69842,189.832,191.118795,111.166716,35.2860424,0
0,nominal,1.00,1.00,14000,451676,38.1412,-40.563,55.6786144,18.6475,2.5837,198.782,199.671451,93.8087956,12.9976557,0
0,nominal,1.00,1.00,14000,453068,79.0488,-19.6974,81.4659459,24.4878,4.91273,198.299,199.865657,123.489276,24.7743559,0
0,nominal,1.00,1.00,14000,455085,116.208,44.9032,124.581687,17.9485,15.7769,190.057,191.553445,94.4374582,83.0114124,0
0,nominal,1.00,1.00,14000,455356,96.4833,-38.644,103.934527,20.3744,4.32555,204.626,205.683316,99.5689697,21.1388093,0
0,nominal,1.00,1.00,14000,455466,-11.8099,71.144,72.1175601,6.46153,2.97982,204.744,204.867607,31.5590689,14.5538819,0
0,nominal,1.00,1.00,14000,455480,-98.6005,92.279,135.046186,-5.8691,13.039,202.528,203.032147,-28.9792029,64.3812214,0
0,nominal,1.00,1.00,14000,456284,64.7394,94.9765,114.94227,3.27672,0.0320817,207.882,207.907825,15.7624037,0.154326493,0
0,nominal,1.00,1.00,14000,464394,162.54,-41.3207,167.710023,24.6225,-6.33392,204.161,205.73794,120.603347,-31.0241427,0
0,nominal,1.00,1.00,14000,472523,11.2549,-88.2042,88.9193661,13.3755,14.625,202.112,203.0814,66.1786534,72.3608692,0
0,nominal,1.00,1.00,14000,473658,66.286,145.749,160.114349,12.7388,19.6476,207.962,209.27613,61.2554217,94.4768756,0
0,nominal,1.00,1.00,14000,475235,-33.8281,-133.264,137.490487,22.1741,0.127953,206.06,207.249682,107.609919,0.620950209,0
0,nominal,1.00,1.00,14000,481350,1.22344,49.5209,49.5360106,-1.17637,1.78676,201.917,201.928332,-5.82600772,8.8489825,0
0,nominal,1.00,1.00,14000,485020,-81.2081,-109.626,136.428059,9.10387,-5.72829,207.894,208.172066,43.7909223,-27.5538977,0
0,nominal,1.00,1.00,14000,485966,55.0278,44.9205,71.0345697,15.8762,-2.47818,208.278,208.896913,76.2260056,-11.8984242,0
0,nominal,1.00,1.00,14000,490002,62.7345,-105.704,122.918482,4.87994,-0.786863,194.286,194.348869,25.1173013,-4.05002419,0
0,nominal,1.00,1.00,14000,494498,174.885,-83.8947,193.966708,6.45024,-18.9777,201.12,202.116336,32.071599,-94.3600835,0
0,nominal,1.00,1.00,14000,497294,67.7418,-170.645,183.599203,29.0193,-8.39144,204.772,206.988183,141.715176,-40.9794308,0
0,nominal,1.00,1.00,14000,500991,-17.2748,-87.1993,88.8939629,13.8109,1.59895,199.891,200.373924,69.0921552,7.99910951,0
0,nominal,1.00,1.00,14000,505802,35.7522,-167.811,171.577247,9.50056,-13.282,194.992,195.674608,48.7228194,-68.115615,0
0,nominal,1.00,1.00,14000,506442,87.4307,-64.8635,108.86414,23.5528,-16.2435,201.31,203.332983,116.997665,-80.6889871,0
0,nominal,1.00,1.00,14000,511954,-60.7905,15.7394,62.7950126,5.11947,-0.526976,190.062,190.131666,26.9357894,-2.77265313,0
0,nominal,1.00,1.00,14000,512440,-53.4227,42.1494,68.0481947,-3.29874,4.59149,196.304,196.385396,-16.8042424,23.3896915,0
0,nominal,1.00,1.00,14000,515321,-94.8805,-171.42,195.926327,-1.65452,1.23842,205.215,205.225406,-8.06237361,6.03474405,0
0,nominal,1.00,1.00,14000,517654,-47.7261,-110.909,120.741819,3.90119,1.45845,200.897,200.940168,19.4188564,7.25969029,0
0,nominal,1.00,1.00,14000,518487,-4.91251,133.556,133.646316,2.62175,4.65948,196.127,196.199858,13.3676138,23.7574633,0
0,nominal,1.00,1.00,14000,520817,34.6069,-30.3794,46.0493808,7.45685,-0.555951,194.14,194.28395,38.4096528,-2.86366025,0
0,nominal,1.00,1.00,14000,521794,-53.1829,143.673,153.200365,10.1093,2.64309,209.135,209.395874,48.3386329,12.6382002,0
0,nominal,1.00,1.00,14000,523372,43.3017,-187.238,192.179879,13.5272,0.803317,201.035,201.491195,67.2877857,3.99590619,0
0,nominal,1.00,1.00,14000,525809,-12.2258,33.6393,35.7920758,18.0087,-0.588659,204.577,205.368958,88.0289573,-2.87744468,0
0,nominal,1.00,1.00,14000,526427,48.593,141.269,149.392804,7.65493,8.80175,193.146,193.497923,39.6328684,45.5704493,0
0,nominal,1.00,1.00,14000,529724,95.5389,160.269,186.584656,23.4511,0.262065,202.714,204.066138,115.685646,1.29278195,0
0,nominal,1.00,1.00,14000,531061,-67.2575,66.975,94.9169212,13.2203,8.44514,191.588,192.229182,69.0037998,44.0796918,0
0,nominal,1.00,1.00,14000,533241,-108.173,-48.6409,118.605797,-2.32311,4.04206,198.968,199.022612,-11.6757971,20.3151261,0
0,nominal,1.00,1.00,14000,536044,-94.6632,-141.342,170.113734,-4.15737,-11.301,192.773,193.148714,-21.5661426,-58.6233549,0
0,nominal,1.00,1.00,14000,540478,-56.7847,-84.2821,101.626643,15.2867,0.402909,206.957,207.521193,73.864136,1.9468247,0
0,nominal,1.00,1.00,14000,542430,7.64092,-160.489,160.67079,4.03892,0.55488,194.754,194.796667,20.7385728,2.84913275,0
0,nominal,1.00,1.00,14000,543065,27.3419,-89.709,93.7831764,10.1617,-7.01516,198.748,199.131213,51.1285648,-35.2967577,0
0,nominal,1.00,1.00,14000,544588,44.2794,-152.521,158.818515,9.26395,0.521309,199.071,199.287118,46.5359093,2.6187089,0
0,nominal,1.00,1.00,14000,544594,-23.3069,38.5114,45.0148811,-3.03385,18.7877,192.055,192.995609,-15.796777,97.8245815,0
0,nominal,1.00,1.00,14000,551595,-20.162,-124.873,126.490207,12.7871,-2.65811,196.813,197.245868,64.9708099,-13.5057644,0
0,nominal,1.00,1.00,14000,555547,95.1323,-90.8956,131.575699,12.8345,-2.41984,204.578,204.994483,62.7364624,-11.8284469,0
0,nominal,1.00,1.00,14000,555551,46.3393,-14.1877,48.4625789,11.1419,-2.13746,192.146,192.480638,57.9866352,-11.1241452,0
0,nominal,1.00,1.00,14000,556335,-91.2362,156.512,181.163049,2.24275,3.35027,194.479,194.520785,11.5320934,17.2268985,0
0,nominal,1.00,1.00,14000,556609,-36.8473,-142.617,147.300143,8.02225,-15.8734,194.126,194.939029,41.3249642,-81.7685421,0
0,nominal,1.00,1.00,14000,557050,27.3027,-45.5319,53.0904073,6.78499,-0.22258,192.391,192.510733,35.2666705,-1.15691482,0
0,nominal,1.00,1.00,14000,560160,52.2209,56.7202,77.0986607,25.4785,-13.6212,195.007,197.13554,130.654284,-69.8498003,0
0,nominal,1.00,1.00,14000,568091,-24.4406,-27.1356,36.5196347,15.0568,1.13795,199.122,199.693698,75.615954,5.71483814,0
0,nominal,1.00,1.00,14000,573399,93.0132,-133.586,162.777992,50.7135,-7.47716,194.282,200.930989,261.030358,-38.4861181,0
0,nominal,1.00,1.00,14000,574533,13.7586,-31.0644,33.9749322,17.6163,2.50568,192.892,193.71096,91.3272712,12.990067,0
0,nominal,1.00,1.00,14000,581225,19.798,146.59,147.920887,21.3681,7.52881,205.225,206.47174,104.120356,36.6856377,0
0,nominal,1.00,1.00,14000,582016,-123.451,-31.5322,127.414399,-5.47644,24.5745,189.78,191.4428,-28.8567815,129.489409,0
0,nominal,1.00,1.00,14000,585589,-25.0651,105.917,108.84241,21.7585,-1.53992,202.68,203.850401,107.353957,-7.59778962,0
0,nominal,1.00,1.00,14000,588248,18.4381,-35.8297,40.2955448,14.6866,-17.1789,197.19,198.480999,74.4794361,-87.1185151,0
0,nominal,1.00,1.00,14000,591597,-83.7158,155.803,176.869754,3.59682,-0.244963,201.769,201.801205,17.8264253,-1.21407649,0
0,nominal,1.00,1.00,14000,593033,-97.3587,-117.001,152.210218,10.7314,-2.73236,202.986,203.287838,52.8676855,-13.4608298,0
0,nominal,1.00,1.00,14000,595016,-17.8872,-113.326,114.72896,9.43291,-8.89249,190.06,190.5016,49.6312217,-46.7878039,0
0,nominal,1.00,1.00,14000,604139,137.531,69.701,154.184971,28.8378,10.0682,202.411,204.702712,142.471506,49.7413678,0
0,nominal,1.00,1.00,14000,608778,-95.5743,-104.99,141.976572,1.15855,-5.68475,193.663,193.74988,5.98229915,-29.353826,0
0,nominal,1.00,1.00,14000,612374,54.2843,-9.80482,55.162666,4.83677,1.8214,208.46,208.52406,23.2023889,8.73740766,0
0,nominal,1.00,1.00,14000,613946,-30.7571,-20.1515,36.7706697,10.2532,-0.102487,191.689,191.963047,53.4887239,-0.534652484,0
0,nominal,1.00,1.00,14000,614466,63.0349,17.1983,65.3389634,8.5382,1.45964,199.372,199.560081,42.825472,7.32118853,0
0,nominal,1.00,1.00,14000,615627,29.4172,-97.2267,101.57954,12.6019,-0.330552,196.755,197.158432,64.04869,-1.6800183,0
0,nominal,1.00,1.00,14000,617393,-58.2965,-7.28088,58.7494096,12.7794,-1.22697,191.854,192.283062,66.6100264,-6.39533187,0
0,nominal,1.00,1.00,14000,619096,33.9677,147.033,150.905625,10.9866,2.37816,198.148,198.466599,55.446434,12.0019379,0
0,nominal,1.00,1.00,14000,620484,47.0229,-44.8995,65.016292,25.523,-4.00864,202.267,203.910353,126.184696,-19.8185567,0
0,nominal,1.00,1.00,14000,623012,-88.3374,-33.4327,94.4523248,1.27066,-5.84614,201.046,201.134995,6.32024512,-29.0786188,0
0,nominal,1.00,1.00,14000,623988,-56.5596,-158.833,168.602818,20.3678,-2.30206,199.409,200.459712,102.140826,-11.5444137,0
0,nominal,1.00,1.00,14000,627391,62.5937,-154.362,166.5701,20.3005,-12.8552,193.521,195.007036,104.90076,-66.4279329,0
0,nominal,1.00,1.00,14000,629387,-37.4016,-69.7619,79.1555581,-6.1506,-12.5403,199.148,199.637208,-30.8845683,-62.9697511,0
0,nominal,1.00,1.00,14000,636304,12.3734,57.6189,58.9324924,6.24097,-1.0247,189.951,190.05626,32.8556838,-5.39454912,0
0,nominal,1.00,1.00,14000,638021,-38.6159,-18.0546,42.6281165,7.96556,3.16417,201.321,201.503368,39.5664635,15.717039,0
0,nominal,1.00,1.00,14000,641878,36.5231,-168.024,171.947671,10.1923,-1.2026,192.666,192.939153,52.9013941,-6.24189011,0
0,nominal,1.00,1.00,14000,645275,-27.5621,-132.306,135.146391,9.81463,-18.6927,194.558,195.700177,50.4457797,-96.0777763,0
0,nominal,1.00,1.00,14000,645994,-148.19,-108.562,183.7008,-13.137,-5.70284,196.007,196.529507,-67.0231165,-29.0950833,0
0,nominal,1.00,1.00,14000,646287,5.54142,-81.8873,82.0745834,19.9094,-0.800342,197.706,198.707542,100.702053,-4.04814219,0
0,nominal,1.00,1.00,14000,651281,158.308,72.6926,174.199991,15.1327,21.2955,192.107,193.875208,78.7722467,110.852285,0
0,nominal,1.00,1.00,14000,653091,28.7681,177.622,179.936596,6.74116,21.9009,207.065,208.329083,32.5557675,105.768237,0
0,nominal,1.00,1.00,14000,653538,-38.0784,-122.576,128.354355,14.5534,0.0455157,194.53,195.073638,74.8131394,0.233977793,0
0,nominal,1.00,1.00,14000,653541,38.2435,28.4781,47.6819407,6.11531,1.15661,200.237,200.333699,30.5403597,5.7762052,0
0,nominal,1.00,1.00,14000,654306,85.9484,95.6551,128.596367,5.19223,2.86803,190.093,190.185524,27.3141568,15.0875098,0
0,nominal,1.00,1.00,14000,655322,-115.032,97.5723,150.84003,11.7619,9.0167,205.676,206.209263,57.1865458,43.8393395,0
0,nominal,1.00,1.00,14000,661991,37.7153,-77.0463,85.7821438,10.0688,-2.984,196.124,196.40496,51.3389488,-15.2148641,0
0,nominal,1.00,1.00,14000,676274,125.642,45.3449,133.57422,30.1039,1.25223,197.72,200.002528,152.255209,6.33335019,0
0,nominal,1.00,1.00,14000,679446,13.5462,56.184,57.7939563,12.184,1.21098,205.665,206.029145,59.2419712,5.88811903,0
0,nominal,1.00,1.00,14000,680524,85.4277,-40.0631,94.3554127,11.1189,-4.19271,201.075,201.425828,55.2972771,-20.8514733,0
0,nominal,1.00,1.00,14000,685532,-107.055,-46.4439,116.695368,-0.392109,-2.6196,192.406,192.424232,-2.03792501,-13.61496,0
0,nominal,1.00,1.00,14000,685584,58.4134,-69.9496,91.1321669,0.99486,-0.57429,191.656,191.659442,5.1908628,-2.99646241,0
0,nominal,1.00,1.00,14000,694962,-29.8461,-12.5381,32.3727298,6.05072,-15.8917,193.447,194.192943,31.278438,-82.1501497,0
0,nominal,1.00,1.00,14000,700441,-90.1332,72.1223,115.436649,13.5587,7.95782,199.638,200.256077,67.9164287,39.8612489,0
0,nominal,1.00,1.00,14000,701433,45.6153,-82.8195,94.5506487,8.78335,-0.154382,191.444,191.645444,45.8794739,-0.80640814,0
0,nominal,1.00,1.00,14000,701915,-78.1163,-168.085,185.350273,-5.97683,-20.149,203.979,205.058863,-29.3012026,-98.7797763,0
0,nominal,1.00,1.00,14000,702575,50.1557,-55.6434,74.9118295,10.5027,-2.68773,198.085,198.381445,53.0211778,-13.568569,0
0,nominal,1.00,1.00,14000,704109,159.229,12.9799,159.757166,20.2727,-5.60655,197.701,198.816753,102.542223,-28.3587336,0
0,nominal,1.00,1.00,14000,706504,-55.5762,-127.314,138.915689,10.0452,1.70152,206.679,206.929965,48.602906,8.23266999,0
0,nominal,1.00,1.00,14000,706969,-7.42469,-25.7511,26.8000965,7.60341,-23.34,202.215,203.699469,37.6006231,-115.421705,0
0,nominal,1.00,1.00,14000,707591,-39.5676,18.9433,43.8684805,-3.10513,-1.09663,203.944,203.970585,-15.225405,-5.37711333,0
0,nominal,1.00,1.00,14000,708077,-59.1453,-143.576,155.281146,14.9243,-0.613979,197.759,198.322298,75.467109,-3.10468297,0
0,nominal,1.00,1.00,14000,715361,70.7177,166.259,180.673872,10.1291,17.8854,190.001,191.109566,53.310772,94.1331888,0
0,nominal,1.00,1.00,14000,716189,79.2953,111.463,136.79088,23.8326,11.7036,199.576,201.334415,119.416162,58.6423217,0
0,nominal,1.00,1.00,14000,716245,-33.6116,77.123,84.1290484,10.845,0.874198,198.552,198.84988,54.6204521,4.40286676,0
0,nominal,1.00,1.00,14000,721334,3.39139,-106.753,106.806856,17.885,4.23865,197.18,198.034825,90.7039253,21.4963485,0
0,nominal,1.00,1.00,14000,722498,-15.5347,91.5496,92.8582585,18.1014,-0.398758,195.613,196.449142,92.5367946,-2.0385046,0
0,nominal,1.00,1.00,14000,722822,83.5639,-24.1411,86.9811364,-3.98305,-1.30605,203.596,203.639146,-19.5634983,-6.41490992,0
0,nominal,1.00,1.00,14000,726582,65.9255,78.2519,102.320728,18.6288,7.08905,192.044,193.075593,97.0027702,36.913676,0
0,nominal,1.00,1.00,14000,735468,-43.9035,-125.928,133.361833,14.0246,1.78497,206.72,207.202881,67.8434598,8.6347233,0
0,nominal,1.00,1.00,14000,735761,114.614,-157.961,195.161591,6.57721,-0.726217,191.602,191.716232,34.32746,-3.79023705,0
0,nominal,1.00,1.00,14000,738044,-36.7546,79.0399,87.1676913,15.1164,-1.34026,198.367,198.946647,76.2042074,-6.75646655,0
0,nominal,1.00,1.00,14000,738316,79.5622,-84.5271,116.081757,22.7424,4.01591,200.006,201.334906,113.708589,20.0789476,0
0,nominal,1.00,1.00,14000,743139,-118.638,-89.5,148.610986,10.0844,-6.26743,194.799,195.160514,51.7682329,-32.1738305,0
0,nominal,1.00,1.00,14000,743810,162.087,-26.1786,164.187438,18.3999,2.63801,190.697,191.600786,96.4876217,13.833516,0
0,nominal,1.00,1.00,14000,744578,-101.759,-56.9217,116.597487,1.4604,-0.94225,190.874,190.881912,7.65112063,-4.93650261,0
0,nominal,1.00,1.00,14000,748163,57.9374,-175.031,184.370804,5.36926,-0.18663,201.596,201.667575,26.6337626,-0.925762416,0
0,nominal,1.00,1.00,14000,751497,162.886,94.0249,188.075865,22.8534,2.27311,197.951,199.278808,115.449783,11.4831953,0
0,nominal,1.00,1.00,14000,752035,8.19809,5.493,9.86821811,35.0965,3.47152,206.998,209.980922,169.549947,16.7707901,1
0,nominal,1.00,1.00,14000,752203,-80.8438,-60.2567,100.829509,7.04602,-5.21542,208.334,208.518351,33.8207878,-25.0339359,0
0,nominal,1.00,1.00,14000,755844,-110.405,135.712,174.948595,0.70844,-1.07025,196.303,196.307196,3.60891071,-5.45203079,0
0,nominal,1.00,1.00,14000,757103,173.46,-45.4424,179.313645,21.4481,-1.31885,208.865,209.967494,102.688818,-6.31436574,0
0,nominal,1.00,1.00,14000,769164,-142.366,-110.745,180.367771,1.05567,-3.59002,194.749,194.784947,5.42066968,-18.434087,0
0,nominal,1.00,1.00,14000,772027,44.0651,163.133,168.97961,14.7261,2.37081,207.294,207.829933,71.0396828,11.4369446,0
0,nominal,1.00,1.00,14000,772796,15.9419,-186.225,186.906112,1.48411,-14.7916,207.373,207.905159,7.15671761,-71.3284757,0
0,nominal,1.00,1.00,14000,779702,113.526,88.1827,143.75097,12.9132,3.81024,200.848,201.298753,64.293396,18.970764,0
0,nominal,1.00,1.00,14000,779832,175.018,-87.2279,195.550523,21.1016,-30.148,194.573,198.022301,108.450813,-154.944417,0
0,nominal,1.00,1.00,14000,781954,-88.9223,33.9092,95.1683208,15.6264,4.01537,200.846,201.492986,77.8028938,19.9922826,0
0,nominal,1.00,1.00,14000,787179,-138.709,-94.2293,167.688245,7.84362,4.76204,209.607,209.807755,37.4206014,22.7188977,0
0,nominal,1.00,1.00,14000,791972,31.1583,-150.972,154.153769,3.30519,-8.44661,193.207,193.419788,17.1069889,-43.7179295,0
0,nominal,1.00,1.00,14000,795332,79.7019,46.7542,92.4031822,39.6216,6.18686,189.335,193.535244,209.267172,32.6767898,0
0,nominal,1.00,1.00,14000,800455,-14.8803,-51.6063,53.7087845,-0.756169,-2.92752,208.515,208.536921,-3.62644894,-14.0398532,0
0,nominal,1.00,1.00,14000,805618,-25.8671,177.519,179.393707,1.25977,6.06062,194.127,194.225668,6.48941157,31.2198715,0
0,nominal,1.00,1.00,14000,806531,12.5692,189.928,190.343453,3.80717,15.4751,201.202,201.832153,18.922128,76.9132514,0
0,nominal,1.00,1.00,14000,806983,9.89636,133.503,133.869298,4.67895,31.7967,190.052,192.750319,24.6193147,167.305264,0
0,nominal,1.00,1.00,14000,813847,90.7882,-63.3022,110.678208,9.89868,-0.0471145,203.208,203.448955,48.7120586,-0.231853569,0
0,nominal,1.00,1.00,14000,816657,-42.025,3.99968,42.2149034,-1.30542,-13.0426,202.665,203.088443,-6.44127008,-64.3554634,0
0,nominal,1.00,1.00,14000,821221,-52.8205,46.5567,70.4097403,18.231,-1.30349,202.224,203.048306,90.1525042,-6.445773,0
0,nominal,1.00,1.00,14000,823643,88.1028,57.956,105.456158,14.8059,6.58357,208.132,208.761796,71.1370669,31.6317049,0
0,nominal,1.00,1.00,14000,824497,-94.5083,-69.5477,117.34011,14.5849,0.994544,202.656,203.182585,71.9687549,4.90754777,0
0,nominal,1.00,1.00,14000,828139,17.9227,-77.8738,79.9096484,8.79797,1.02884,192.653,192.85653,45.6674435,5.34037882,0
0,nominal,1.00,1.00,14000,837242,-12.4762,161.949,162.428859,17.2257,2.54728,203.787,204.529594,84.527963,12.4997178,0
0,nominal,1.00,1.00,14000,847741,-52.4142,-123.789,134.428289,-1.74943,-16.8665,199.568,200.287109,-8.76608474,-84.5150525,0
0,nominal,1.00,1.00,14000,847932,33.6251,-121.386,125.957169,9.43604,-12.0793,190.858,191.472516,49.4401073,-63.2894613,0
0,nominal,1.00,1.00,14000,852179,-171.66,9.23041,171.907987,-5.00984,-1.95783,193.898,193.972591,-25.8375022,-10.0972161,0
0,nominal,1.00,1.00,14000,852654,66.0736,-132.48,148.042801,0.0791761,0.659342,192.822,192.823144,0.410617564,3.41943347,0
0,nominal,1.00,1.00,14000,855248,-44.1038,20.3907,48.5893591,35.7618,-19.7559,204.532,208.572628,174.846968,-96.5907535,0
0,nominal,1.00,1.00,14000,857296,-96.3868,-141.483,171.195369,-12.2365,-19.4363,194.946,196.294281,-62.7686641,-99.7009428,0
0,nominal,1.00,1.00,14000,858040,22.3907,133.788,135.64871,14.5828,2.75171,197.086,197.643926,73.9920644,13.961976,0
0,nominal,1.00,1.00,14000,858871,-64.6153,-0.106988,64.6153886,3.29566,1.03732,199.017,199.046989,16.5596909,5.21221805,0
0,nominal,1.00,1.00,14000,859678,-15.2997,-40.8181,43.5912618,9.5895,-3.53563,208.617,208.867211,45.9670113,-16.9479477,0
0,nominal,1.00,1.00,14000,860138,72.6733,-174.205,188.755902,31.9341,-9.50787,202.899,205.616611,157.389144,-46.8601127,0
0,nominal,1.00,1.00,14000,864453,97.9261,2.92059,97.9696428,29.838,-1.21796,192.792,195.09112,154.767833,-6.31748205,0
0,nominal,1.00,1.00,14000,866727,-176.709,-92.9395,199.659263,-15.6821,-3.17682,192.189,192.853914,-81.5972818,-16.5296661,0
0,nominal,1.00,1.00,14000,868114,-1.07208,107.977,107.982322,13.1269,18.0032,208.781,209.966513,62.8740163,86.2300688,0
0,nominal,1.00,1.00,14000,868809,-2.65632,79.934,79.9781245,-2.78962,0.826462,194.586,194.60775,-14.3361804,4.24728398,0
0,nominal,1.00,1.00,14000,880116,23.3661,20.1248,30.8379994,-12.2047,0.246371,192.099,192.48647,-63.5333864,1.28252099,0
0,nominal,1.00,1.00,14000,884885,74.2487,-133.171,152.470931,20.4894,4.18387,193.221,194.349364,106.041269,21.6532882,0
0,nominal,1.00,1.00,14000,885330,-16.9146,-66.3796,68.5007663,9.26672,0.851244,203.448,203.660712,45.5483465,4.18408635,0
0,nominal,1.00,1.00,14000,888301,82.5638,22.2965,85.52143,20.2106,14.5015,206.454,207.947147,97.8939619,70.2408285,0
0,nominal,1.00,1.00,14000,892913,97.7707,173.634,199.268351,8.51428,1.20088,205.319,205.49897,41.4685441,5.84884984,0
0,nominal,1.00,1.00,14000,893047,-104.884,46.5423,114.746848,13.941,2.59806,208.719,209.200197,66.7931525,12.4476449,0
0,nominal,1.00,1.00,14000,897164,-44.7896,-49.7152,66.9156886,-1.93062,-4.38618,205.707,205.762814,-9.38529073,-21.3224635,0
0,nominal,1.00,1.00,14000,900669,-13.6091,-87.5732,88.6243362,8.51006,1.42495,193.802,193.993987,43.9111051,7.3526073,0
0,nominal,1.00,1.00,14000,902604,133.803,-143.145,195.94319,12.188,-11.5263,196.591,197.305408,61.9967343,-58.6308631,0
0,nominal,1.00,1.00,14000,903497,66.4327,-1.1427,66.442527,38.1519,-10.8392,203.233,207.066917,187.724927,-53.3338582,0
0,nominal,1.00,1.00,14000,904694,50.5913,49.6738,70.9011004,18.9688,2.31491,198.658,199.574986,95.4847024,11.6527399,0
0,nominal,1.00,1.00,14000,904757,-21.0025,22.8139,31.0093379,15.7133,-3.46194,204.708,205.339373,76.7595795,-16.9116009,0
0,nominal,1.00,1.00,14000,907158,-98.5414,-22.2417,101.020299,10.1894,-3.76041,198.496,198.792924,51.3330243,-18.9445127,0
0,nominal,1.00,1.00,14000,911933,149.017,-55.7335,159.098364,20.2568,3.57251,190.347,191.455168,106.42038,18.7684072,0
0,nominal,1.00,1.00,14000,919893,-77.6171,-123.907,146.209982,0.79679,-14.0754,208.251,208.727647,3.82610408,-67.588631,0
0,nominal,1.00,1.00,14000,920691,-15.8371,83.972,85.4523874,21.9765,2.48055,197.306,198.541626,111.382827,12.5720961,0
0,nominal,1.00,1.00,14000,922170,95.6637,167.447,192.847197,15.4048,0.782012,207.91,208.481384,74.0935982,3.76130056,0
0,nominal,1.00,1.00,14000,922289,-19.0377,-170.012,171.074587,18.0896,-3.68327,193.967,194.84352,93.2612248,-18.9891579,0
0,nominal,1.00,1.00,14000,922789,-47.0562,148.895,156.153793,13.4853,3.82826,197.18,197.67767,68.3908104,19.4150522,0
0,nominal,1.00,1.00,14000,924610,-49.2288,96.4395,108.277661,18.8289,16.4414,194.85,196.446862,96.6327945,84.3797793,0
0,nominal,1.00,1.00,14000,925857,-154.426,21.3548,155.895532,3.11542,-3.79902,191.672,191.734958,16.2539129,-19.8204224,0
0,nominal,1.00,1.00,14000,929351,-58.2253,-130.28,142.699208,19.1088,0.688518,204.284,205.176931,93.5403654,3.37039612,0
0,nominal,1.00,1.00,14000,930642,135.245,131.004,188.290356,22.0899,2.71563,204.084,205.293978,108.239254,13.3064326,0
0,nominal,1.00,1.00,14000,931497,-49.1209,-93.4057,105.534296,3.83833,4.78104,195.196,195.292267,19.6639788,24.4935347,0
0,nominal,1.00,1.00,14000,934773,-25.5354,-83.8562,87.6579656,5.72922,-14.7912,202.083,202.704569,28.3508261,-73.1936877,0
0,nominal,1.00,1.00,14000,934864,-28.9021,-26.8935,39.4790036,-1.97994,-12.5427,194.887,195.300236,-10.1594257,-64.3588336,0
0,nominal,1.00,1.00,14000,937254,-38.3591,59.017,70.3876896,7.60829,0.797043,194.191,194.341621,39.1794161,4.10442811,0
0,nominal,1.00,1.00,14000,938133,43.3115,-42.8307,60.9126825,9.37508,-1.95758,205.527,205.750023,45.6148341,-9.52468532,0
0,nominal,1.00,1.00,14000,938587,119.579,-81.3951,144.65234,7.86921,-2.01683,195.694,195.862538,40.2118103,-10.306039,0
0,nominal,1.00,1.00,14000,942562,-101.284,52.3565,114.016015,8.95374,6.3358,193.921,194.230961,46.172101,32.6720675,0
0,nominal,1.00,1.00,14000,943022,-68.2173,-8.21603,68.7102843,5.3311,0.794178,197.559,197.632512,26.9848501,4.01995353,0
0,nominal,1.00,1.00,14000,944420,116.166,-153.324,192.361089,10.0096,-1.52792,205.26,205.509596,48.7654682,-7.44382734,0
0,nominal,1.00,1.00,14000,946180,37.5997,-80.3266,88.6910374,26.8173,-17.1884,198.231,200.773848,135.283079,-86.7089406,0
0,nominal,1.00,1.00,14000,946822,176.911,-54.927,185.241673,15.9086,-2.63812,193.098,193.770175,82.3861459,-13.6620783,0
0,nominal,1.00,1.00,14000,951384,-106.378,133.906,171.017823,-5.55444,6.96429,191.469,191.67611,-29.0096047,36.3729377,0
0,nominal,1.00,1.00,14000,955767,95.9116,118.939,152.792411,18.3727,18.6009,193.938,195.692354,94.7349153,95.91158,0
0,nominal,1.00,1.00,14000,957137,27.9074,-88.436,92.734832,14.0255,0.960463,199.443,199.937859,70.3233505,4.8157268,0
0,nominal,1.00,1.00,14000,958032,152.388,103.4,184.156625,27.0982,21.5223,204.118,207.030625,132.757523,105.440481,0
0,nominal,1.00,1.00,14000,962108,-40.4096,158.043,163.127329,9.38903,-1.68935,191.595,191.832353,49.0045669,-8.8172969,0
0,nominal,1.00,1.00,14000,965220,-8.53775,-144.744,144.995582,6.80662,-3.27154,196.176,196.321308,34.696497,-16.6765557,0
0,nominal,1.00,1.00,14000,965918,-60.3152,166.636,177.215913,3.50082,5.31238,191.263,191.368786,18.303697,27.7752623,0
0,nominal,1.00,1.00,14000,967369,-51.1754,148.763,157.319267,18.1944,-1.95715,206.587,207.39589,88.0713694,-9.47373262,0
0,nominal,1.00,1.00,14000,967768,69.7248,-59.5743,91.7095685,29.2109,20.7827,199.867,203.056679,146.151691,103.982648,0
0,nominal,1.00,1.00,14000,968560,65.2237,-156.201,169.271626,15.2686,-7.48283,202.106,202.820014,75.547485,-37.0242843,0
0,nominal,1.00,1.00,14000,969740,-136.965,-26.7518,139.553108,12.4841,5.45202,197.452,197.921372,63.2259992,27.6118753,0
0,nominal,1.00,1.00,14000,971561,7.47317,110.752,111.003846,24.7253,-16.9396,203.411,205.607212,121.553407,-83.2776988,0
0,nominal,1.00,1.00,14000,980666,-37.5039,-20.2498,42.6215546,5.92673,2.53465,203.737,203.838946,29.0901015,12.4407938,0
0,nominal,1.00,1.00,14000,983558,116.52,105.945,157.484137,10.2248,0.579497,199.325,199.58792,51.2971278,2.90729713,0
0,nominal,1.00,1.00,14000,985196,-69.1141,-155.197,169.890752,-3.69608,0.211904,196.367,196.401896,-18.8223072,1.07912226,0
0,nominal,1.00,1.00,14000,988170,-66.0798,92.4676,113.652088,-10.5649,15.6508,194.974,195.886256,-54.1861992,80.2712156,0
0,nominal,1.00,1.00,14000,993375,29.3489,132.216,135.434222,22.4703,25.1919,191.133,194.091138,117.563686,131.802985,0
0,nominal,1.00,1.00,14000,999535,-3.76215,-71.5679,71.6667153,17.0538,3.30465,198.634,199.392123,85.8553923,16.6368799,0
0,nominal,1.00,1.00,14500,1353,70.9111,-66.6286,97.3023866,21.324,-9.16266,193.651,195.036861,110.11562,-47.315325,0
0,nominal,1.00,1.00,14500,2485,6.37124,-138.884,139.030062,-8.53262,-4.51031,194.289,194.528569,-43.9171543,-23.2144383,0
0,nominal,1.00,1.00,14500,5930,-34.2505,52.7867,62.9248158,-8.71192,12.6968,191.345,191.963578,-45.5299067,66.3555358,0
0,nominal,1.00,1.00,14500,6230,152.143,82.161,172.910157,35.6566,16.0723,197.988,201.814172,180.094753,81.1781522,0
0,nominal,1.00,1.00,14500,6346,-119.686,-136.262,181.361714,5.39708,0.968618,206.051,206.123946,26.1929328,4.70086532,0
0,nominal,1.00,1.00,14500,6634,-126.921,135.107,185.372171,-7.43484,21.2777,203.991,205.232418,-36.4469021,104.307053,0
0,nominal,1.00,1.00,14500,8492,-159.116,-15.5205,159.871159,-11.6272,-19.4992,198.223,199.518842,-58.6571689,-98.3700176,0
0,nominal,1.00,1.00,14500,12234,11.2763,146.034,146.468714,12.1996,4.24149,200.718,201.13313,60.7798005,21.1315876,0
0,nominal,1.00,1.00,14500,18460,-54.2728,-166.543,175.163089,-3.45862,-3.96345,194.533,194.604109,-17.7790915,-20.3741782,0
0,nominal,1.00,1.00,14500,21298,-11.4397,-51.2437,52.505081,2.31457,-22.3441,199.805,201.063806,11.5841445,-111.829534,0
0,nominal,1.00,1.00,14500,23710,-173.371,96.6299,198.481337,-11.2767,2.99787,190.262,190.619463,-59.2693234,15.7565357,0
0,nominal,1.00,1.00,14500,31919,184.494,42.3269,189.28709,9.12939,1.90977,201.496,201.711752,45.3080458,9.4779549,0
0,nominal,1.00,1.00,14500,33486,8.57953,79.9893,80.4480979,1.46888,0.7835,207.06,207.066692,7.09398242,3.78392736,0
0,nominal,1.00,1.00,14500,39822,-17.4542,-57.5994,60.1858786,6.09039,-19.8557,196.715,197.808324,30.9604758,-100.93638,0
0,nominal,1.00,1.00,14500,42075,46.4077,-34.2727,57.6913562,-9.36569,-3.99867,196.995,197.258043,-47.5427803,-20.2983324,0
0,nominal,1.00,1.00,14500,43269,-4.21016,-162.439,162.493551,3.18998,-5.11541,202.862,202.951557,15.724877,-25.2162061,0
0,nominal,1.00,1.00,14500,54996,94.2056,117.997,150.990023,14.7841,21.1776,201.149,202.800347,73.4982525,105.283148,0
0,nominal,1.00,1.00,14500,55892,48.0531,53.67,72.0386654,-3.28483,1.63032,191.05,191.085192,-17.1935619,8.53347291,0
0,nominal,1.00,1.00,14500,56575,52.4561,107.43,119.552697,1.56904,3.10103,205.75,205.77935,7.62595383,15.0718348,0
0,nominal,1.00,1.00,14500,60295,106.583,-154.154,187.412357,42.1551,-27.1128,198.744,204.966665,212.107535,-136.420722,0
0,nominal,1.00,1.00,14500,60991,-53.8997,107.988,120.692112,5.57213,4.02705,199.545,199.663399,27.9241775,20.1811621,0
0,nominal,1.00,1.00,14500,69704,-99.6592,-107.516,146.600295,3.42313,-17.0774,197.855,198.620131,17.3012054,-86.3127037,0
0,nominal,1.00,1.00,14500,71461,40.6138,-145.354,150.92139,-1.88528,-5.2353,206.268,206.343041,-9.13995385,-25.3810577,0
0,nominal,1.00,1.00,14500,74482,-60.2254,175.749,185.781619,2.92101,4.93793,208.153,208.232051,14.032995,23.7225983,0
0,nominal,1.00,1.00,14500,78377,-37.2287,21.5837,43.0329201,-4.03615,-3.18367,191.852,191.920859,-21.0378312,-16.5944061,0
0,nominal,1.00,1.00,14500,78804,-143.804,-119.663,187.079726,-6.41063,0.797351,197.129,197.234821,-32.5199742,4.04481837,0
0,nominal,1.00,1.00,14500,85186,65.2252,88.3029,109.780366,-7.92019,18.8609,191.238,192.328978,-41.4153568,98.6252732,0
0,nominal,1.00,1.00,14500,86134,-23.1652,-118.668,120.907902,-4.72961,-14.2034,204.549,205.096073,-23.122137,-69.4376409,0
0,nominal,1.00,1.00,14500,86185,-4.37718,68.0251,68.1657827,-0.572193,28.2388,205.905,207.833169,-2.77891746,137.1448,0
0,nominal,1.00,1.00,14500,87639,-72.0551,101.006,124.073162,-10.3717,8.03255,190.529,190.980088,-54.4363325,42.1591989,0
0,nominal,1.00,1.00,14500,88148,-52.6615,12.9267,54.2248389,3.43828,4.22563,194.314,194.39035,17.6944533,21.7464002,0
0,nominal,1.00,1.00,14500,88261,-56.5686,-65.7886,86.7648915,-0.661147,-0.17254,208.374,208.37512,-3.17288625,-0.828030368,0
0,nominal,1.00,1.00,14500,90323,-54.1533,158.242,167.251638,-8.40748,-3.43492,201.671,201.875399,-41.6890877,-17.0322952,0
0,nominal,1.00,1.00,14500,91030,124.324,126.125,177.098765,18.9199,15.7857,203.67,205.155112,92.894879,77.5062601,0
0,nominal,1.00,1.00,14500,95475,110.428,120.708,163.599402,11.2876,-2.82774,200.172,200.509939,56.389505,-14.1265512,0
0,nominal,1.00,1.00,14500,99791,40.2377,-143.731,149.25707,-5.75318,-0.952734,201.447,201.531389,-28.5592737,-4.72945241,0
0,nominal,1.00,1.00,14500,102139,120.464,-149.072,191.661255,14.005,0.81303,206.583,207.058777,67.7935745,3.93560942,0
0,nominal,1.00,1.00,14500,112938,48.8447,-121.012,130.497927,4.78242,-26.618,194.212,196.085926,24.62474,-137.056413,0
0,nominal,1.00,1.00,14500,115205,-84.3715,-20.7484,86.8852468,0.907486,-0.249841,193.849,193.851285,4.68140666,-1.28884338,0
0,nominal,1.00,1.00,14500,116381,102.178,46.8679,112.414162,0.833497,19.6121,203.406,204.350997,4.09770115,96.4184931,0
0,nominal,1.00,1.00,14500,120484,-9.41378,127.085,127.433184,-13.2202,-4.16277,191.78,192.280188,-68.9341954,-21.7059652,0
0,nominal,1.00,1.00,14500,121438,-94.8401,-128.244,159.502878,-0.646794,-2.34989,197.68,197.695025,-3.27192432,-11.8873432,0
0,nominal,1.00,1.00,14500,122797,94.1999,63.8051,113.77483,4.44977,26.7256,205.803,207.578739,21.6215021,129.860109,0
0,nominal,1.00,1.00,14500,124413,141.025,111.487,179.770414,-6.61219,17.1725,206.638,207.455727,-31.9989063,83.1042693,0
0,nominal,1.00,1.00,14500,124622,15.2011,37.3831,40.35554,13.5947,25.5939,201.908,203.977215,67.3311607,126.760208,0
0,nominal,1.00,1.00,14500,124686,-9.71892,167.97,168.250938,-6.7238,3.54171,193.178,193.327424,-34.8062409,18.33392,0
0,nominal,1.00,1.00,14500,130484,-35.6971,-155.064,159.119851,11.2075,-1.16088,203.955,204.265997,54.950847,-5.69184379,0
0,nominal,1.00,1.00,14500,134665,9.62183,51.1044,52.002301,4.14791,4.50373,201.009,201.10223,20.6354442,22.4056137,0
0,nominal,1.00,1.00,14500,135893,8.972,-90.8421,91.2840836,-12.3264,-0.594389,190.623,191.022045,-64.6637604,-3.11813894,0
0,nominal,1.00,1.00,14500,140848,-20.184,-1.85095,20.2686919,-16.5811,-10.3954,192.188,193.181843,-86.2754178,-54.0897455,0
0,nominal,1.00,1.00,14500,143475,-42.314,120.569,127.778552,-0.642906,-2.95822,209.632,209.653857,-3.0668314,-14.1114906,0
0,nominal,1.00,1.00,14500,146744,-62.2873,-71.3949,94.7467123,-10.3863,2.43427,197.869,198.156358,-52.4907894,12.3024324,0
0,nominal,1.00,1.00,14500,149756,-66.3505,-109.763,128.258742,-9.41689,-4.28958,207.698,207.955614,-45.3393388,-20.6529673,0
0,nominal,1.00,1.00,14500,155922,118.854,138.791,182.72716,0.904362,11.7493,195.816,196.170257,4.6184275,60.0017363,0
0,nominal,1.00,1.00,14500,157015,-19.0529,-7.60045,20.5129188,-8.91165,14.3744,200.59,201.301736,-44.4271898,71.6606012,0
0,nominal,1.00,1.00,14500,160683,-194.117,-40.0717,198.209866,-19.737,-3.07792,201.881,202.866855,-97.7655153,-15.2462094,0
0,nominal,1.00,1.00,14500,168990,9.44121,-16.5428,19.0473273,-3.81212,1.23959,202.529,202.568667,-18.8225884,6.12055557,1
0,nominal,1.00,1.00,14500,169209,-25.1321,109.435,112.283755,-9.85092,-3.02511,195.869,196.139892,-50.2934104,-15.4445573,0
0,nominal,1.00,1.00,14500,169630,3.68915,-172.751,172.790387,9.30452,1.5424,199.073,199.296293,46.7392364,7.74791157,0
0,nominal,1.00,1.00,14500,177107,-16.8996,-139.152,140.174447,0.332369,-5.47642,200.15,200.225184,1.66059955,-27.3615788,0
0,nominal,1.00,1.00,14500,177685,161.935,76.9816,179.301732,6.54063,17.7339,197.028,197.932574,33.1964492,90.0070041,0
0,nominal,1.00,1.00,14500,178143,-107.104,-117.082,158.680375,-0.381385,2.50419,198.213,198.229185,-1.92411699,12.6338333,0
0,nominal,1.00,1.00,14500,182160,139.447,-32.4225,143.166631,0.180312,-1.61738,192.693,192.699872,0.935747536,-8.39355867,0
0,nominal,1.00,1.00,14500,183472,87.0292,-85.003,121.653572,10.2195,-17.3488,200.532,201.540324,50.9619412,-86.5138731,0
0,nominal,1.00,1.00,14500,185031,-60.4751,135.124,148.039634,-4.93958,14.9314,203.61,204.216498,-24.2600069,73.3333333,0
0,nominal,1.00,1.00,14500,187070,-147.999,-38.1859,152.845893,1.59084,10.3301,207.91,208.172548,7.65158001,49.6854408,0
0,nominal,1.00,1.00,14500,190720,-129.812,38.8971,135.514352,-3.60071,3.64864,205.458,205.521939,-17.525285,17.7585687,0
0,nominal,1.00,1.00,14500,192176,-132.821,1.07977,132.825389,-5.50999,0.868112,201.58,201.65716,-27.3340113,4.30653835,0
0,nominal,1.00,1.00,14500,192268,50.7991,-103.68,115.456013,9.02226,-10.5482,208.144,208.606305,43.3462411,-50.6774156,0
0,nominal,1.00,1.00,14500,196905,24.2861,-151.445,153.379929,-6.42799,1.8857,207.126,207.234299,-31.0342014,9.1041202,0
0,nominal,1.00,1.00,14500,197775,-2.43607,-36.808,36.8885253,-1.70809,2.02047,199.521,199.538541,-8.56095348,10.1266032,0
0,nominal,1.00,1.00,14500,203976,124.084,106.332,163.411546,5.3704,8.53981,208.209,208.45325,25.7933134,41.0155661,0
0,nominal,1.00,1.00,14500,205827,86.9982,-85.811,122.197441,-1.33856,-6.72951,206.266,206.380088,-6.48948445,-32.6253963,0
0,nominal,1.00,1.00,14500,206527,-37.3686,-125.045,130.50925,6.61879,0.370704,203.481,203.588956,32.5278036,1.82181137,0
0,nominal,1.00,1.00,14500,212018,-134.205,7.42868,134.410443,-5.59616,3.65667,208.357,208.464212,-26.8585169,17.5500223,0
0,nominal,1.00,1.00,14500,217927,160.125,6.23298,160.246266,37.0977,-10.2555,191.038,194.87671,194.190161,-53.6830369,0
0,nominal,1.00,1.00,14500,221055,13.2061,-187.96,188.42336,5.47328,0.230985,200,200.075011,27.3664,1.154925,0
0,nominal,1.00,1.00,14500,222287,81.7506,100.064,129.212866,1.90366,7.23471,190.573,190.719777,9.98913802,37.9629328,0
0,nominal,1.00,1.00,14500,226312,-2.40469,-167.957,167.974213,-8.44635,-6.87128,191.568,191.877185,-44.0906101,-35.8686211,0
0,nominal,1.00,1.00,14500,228691,-114.191,-24.0974,116.705909,-16.8589,1.72576,189.668,190.423609,-88.8863699,9.09884641,0
0,nominal,1.00,1.00,14500,250126,-92.4666,95.1401,132.671439,0.501418,7.53484,202.931,203.071455,2.47087926,37.130059,0
0,nominal,1.00,1.00,14500,251411,-41.0233,-42.8123,59.294217,9.61937,-3.75439,203.6,203.861688,47.2464145,-18.4400295,0
0,nominal,1.00,1.00,14500,254284,-44.5455,140.665,147.549801,-6.65203,15.2257,203.542,204.219042,-32.6813631,74.803726,0
0,nominal,1.00,1.00,14500,256127,-29.2565,-149.178,152.019796,9.725,-0.571215,202.066,202.300693,48.1278394,-2.8268734,0
0,nominal,1.00,1.00,14500,256385,-6.86852,-49.5574,50.0311149,-6.21368,-0.698678,203.571,203.667008,-30.5234046,-3.43210968,0
0,nominal,1.00,1.00,14500,259096,88.1135,-57.3179,105.115796,0.254059,0.792688,206.513,206.514678,1.23023248,3.83844116,0
0,nominal,1.00,1.00,14500,259772,4.20004,139.791,139.854081,-4.66644,3.94073,198.331,198.425025,-23.5285457,19.8694606,0
0,nominal,1.00,1.00,14500,263152,-4.25097,83.804,83.9117463,4.61661,-2.15551,207.969,208.031402,22.1985488,-10.3645736,0
0,nominal,1.00,1.00,14500,266117,111.488,108.644,155.66982,3.91096,-1.85912,197.107,197.154562,19.8418118,-9.43203438,0
0,nominal,1.00,1.00,14500,266234,30.5099,-63.9804,70.8826183,-9.3202,0.0330771,197.321,197.540994,-47.2336953,0.167630916,0
0,nominal,1.00,1.00,14500,271896,9.77891,-115.111,115.525622,0.682711,-0.238626,200.398,200.399305,3.40677552,-1.19076039,0
0,nominal,1.00,1.00,14500,278454,-30.326,55.8055,63.5131491,-4.51583,-2.72462,200.892,200.96122,-22.4788941,-13.5626108,0
0,nominal,1.00,1.00,14500,282840,47.5301,-22.8079,52.7191683,13.4049,-9.37944,195.086,195.770817,68.7127728,-48.0784885,0
0,nominal,1.00,1.00,14500,285194,-86.626,116.388,145.086975,-14.5733,-10.3665,191.56,192.393033,-76.0769472,-54.1162038,0
0,nominal,1.00,1.00,14500,286005,-147.515,-65.4972,161.401854,-8.44853,-1.93552,194.578,194.770947,-43.4197597,-9.9472705,0
0,nominal,1.00,1.00,14500,286769,-159.015,-73.0505,174.991845,-15.8828,-6.67888,199.928,200.669071,-79.4425993,-33.4064263,0
0,nominal,1.00,1.00,14500,286847,92.9335,57.0917,109.069233,6.94123,5.85214,201.558,201.762374,34.4378789,29.0345211,0
0,nominal,1.00,1.00,14500,290634,73.2335,145.225,162.645154,-1.38263,3.74355,190.423,190.464812,-7.26083509,19.6591273,0
0,nominal,1.00,1.00,14500,290843,34.5374,123.051,127.806027,6.26712,14.3544,204.057,204.657237,30.712595,70.3450506,0
0,nominal,1.00,1.00,14500,295732,26.7857,-83.9635,88.1325312,4.83198,-1.148,209.617,209.675827,23.0514701,-5.47665504,0
0,nominal,1.00,1.00,14500,298367,57.3116,-47.6008,74.5013802,4.57707,-9.7469,201.661,201.948287,22.6968526,-48.3330937,0
0,nominal,1.00,1.00,14500,307254,-101.645,138.308,171.641513,0.531812,1.93409,204.076,204.085858,2.60595072,9.47730257,0
0,nominal,1.00,1.00,14500,308905,-39.5571,-156.763,161.676845,-8.91323,-0.172718,198.361,198.561229,-44.9343873,-0.870725596,0
0,nominal,1.00,1.00,14500,309200,136.785,-120.168,182.072745,-8.61194,13.0446,199.847,200.457353,-43.0926659,65.2729338,0
0,nominal,1.00,1.00,14500,313726,-17.0216,-118.497,119.713299,-4.18923,-13.4213,201.576,202.065744,-20.7823848,-66.5818351,0
0,nominal,1.00,1.00,14500,317570,-21.2341,24.0141,32.0556392,-7.83789,-2.10428,204.072,204.233302,-38.4074738,-10.3114587,0
0,nominal,1.00,1.00,14500,318783,15.2208,65.8027,67.540122,-1.47449,0.859519,191.59,191.597602,-7.69606973,4.48624145,0
0,nominal,1.00,1.00,14500,320225,-73.1452,80.5404,108.797869,-11.9754,4.91739,200.098,200.516335,-59.8476746,24.5749083,0
0,nominal,1.00,1.00,14500,322046,-43.3766,27.0584,51.1242256,8.93615,24.2149,194.639,196.342956,45.9114052,124.409291,0
0,nominal,1.00,1.00,14500,325296,-8.65564,-36.5616,37.5722065,-1.1929,-8.95038,192.318,192.529856,-6.20274753,-46.5394815,0
0,nominal,1.00,1.00,14500,326546,29.7121,82.2238,87.4274681,-7.80317,-12.4773,203.863,204.393481,-38.2765387,-61.2043382,0
0,nominal,1.00,1.00,14500,329228,45.2294,-87.5407,98.5346273,33.1087,-26.2781,189.324,193.985313,174.878515,-138.799624,0
0,nominal,1.00,1.00,14500,332236,19.2022,18.0241,26.3361475,-0.355883,-2.86576,205.58,205.600281,-1.73111684,-13.9398774,0
0,nominal,1.00,1.00,14500,332441,142.291,27.8512,144.991096,16.5546,23.1244,196.067,198.118806,84.4333825,117.941316,0
0,nominal,1.00,1.00,14500,333598,-36.4106,75.7184,84.0179022,6.9445,1.91191,204.357,204.483899,33.9821978,9.35573531,0
0,nominal,1.00,1.00,14500,337839,104.476,-19.5982,106.298279,13.34,-5.47554,207.361,207.861785,64.3322515,-26.4058333,0
0,nominal,1.00,1.00,14500,337957,-68.8055,127.627,144.992579,-2.16095,23.6917,199.354,200.768483,-10.8397624,118.842361,0
0,nominal,1.00,1.00,14500,341902,-157.122,106.622,189.883053,-1.6006,3.61155,204.614,204.65213,-7.82253414,17.6505518,0
0,nominal,1.00,1.00,14500,343190,22.0053,128.536,130.406045,-0.783722,4.72886,204.505,204.561168,-3.83228772,23.1234444,0
0,nominal,1.00,1.00,14500,345121,17.0107,-177.946,178.757218,2.7117,-3.25872,200.241,200.285872,13.5421817,-16.2739898,0
0,nominal,1.00,1.00,14500,350629,-192.544,27.2797,194.466897,-6.70392,-4.21885,202.683,202.837718,-33.075887,-20.8150166,0
0,nominal,1.00,1.00,14500,351807,-57.7061,-31.7692,65.8731815,-10.4105,-1.98245,191.55,191.842933,-54.348734,-10.3495171,0
0,nominal,1.00,1.00,14500,352155,-146.567,112.284,184.633643,3.06311,-4.01773,203.65,203.712659,15.0410508,-19.728603,0
0,nominal,1.00,1.00,14500,353514,-20.4956,-77.3781,80.0464864,0.842589,-22.4789,191.063,192.382642,4.41000612,-117.651769,0
0,nominal,1.00,1.00,14500,358188,-109.79,-29.5817,113.705414,-2.32977,-2.57086,206.937,206.966082,-11.258354,-12.4233946,0
0,nominal,1.00,1.00,14500,359010,-153.812,117.384,193.486782,4.10494,2.04887,207.729,207.779657,19.7610348,9.86318713,0
0,nominal,1.00,1.00,14500,359140,89.922,32.4193,95.5875363,7.29343,-2.52121,205.73,205.874679,35.4514655,-12.2549458,0
0,nominal,1.00,1.00,14500,361430,35.4411,-15.926,38.8549745,7.81479,13.6644,206.837,207.435126,37.78236,66.0636153,0
0,nominal,1.00,1.00,14500,361671,-44.7635,43.1318,62.1620713,-0.310097,-2.02918,202.891,202.901384,-1.52839209,-10.0013308,0
0,nominal,1.00,1.00,14500,364864,-44.3486,-31.7168,54.5229651,-16.0651,4.59862,189.428,190.163619,-84.808476,24.2763477,0
0,nominal,1.00,1.00,14500,366243,58.6676,-28.3642,65.1645236,-2.41911,2.6288,204.42,204.451214,-11.8340182,12.8597985,0
0,nominal,1.00,1.00,14500,367087,-130.628,93.26,160.502654,-4.81817,4.28891,195.394,195.500447,-24.6587408,21.9500599,0
0,nominal,1.00,1.00,14500,369141,-15.0852,32.2896,35.6396062,8.66699,29.1093,189.629,192.045895,45.7049818,153.506584,0
0,nominal,1.00,1.00,14500,370966,23.7186,29.0732,37.5209667,-3.68723,-7.40667,204.112,204.27962,-18.064739,-36.2872835,0
0,nominal,1.00,1.00,14500,373616,137.245,-65.248,151.965429,14.5546,-10.215,192.797,193.615252,75.4918386,-52.9831896,0
0,nominal,1.00,1.00,14500,378840,-5.16775,170.606,170.684249,9.15505,7.11723,203.551,203.881043,44.9766889,34.9653404,0
0,nominal,1.00,1.00,14500,383965,34.991,141.893,146.143743,-2.97662,-0.462216,199.756,199.778711,-14.9012796,-2.31390296,0
0,nominal,1.00,1.00,14500,390738,-114.133,-44.7738,122.601121,5.65892,-6.17794,203.583,203.755315,27.7966235,-30.3460505,0
0,nominal,1.00,1.00,14500,392313,-8.3663,-189.691,189.875408,-3.84675,0.447502,207.43,207.466148,-18.5448103,2.15736393,0
0,nominal,1.00,1.00,14500,394365,133.821,10.2824,134.215453,9.5844,-5.26478,202.479,202.774072,47.3352792,-26.00161,0
0,nominal,1.00,1.00,14500,410010,-6.53962,34.5506,35.1640525,-10.1893,0.696676,201.787,202.045293,-50.4953243,3.45253163,0
0,nominal,1.00,1.00,14500,412081,-48.1625,70.2708,85.1916178,8.96022,-0.616253,202.385,202.584189,44.2731428,-3.04495392,0
0,nominal,1.00,1.00,14500,413207,-88.5304,159.164,182.128555,-3.77449,15.5665,204.554,205.180169,-18.4522913,76.0997096,0
0,nominal,1.00,1.00,14500,416397,-179.123,-59.5307,188.756333,-19.2844,-21.3076,189.172,191.342487,-101.941091,-112.63612,0
0,nominal,1.00,1.00,14500,417809,-170.061,-13.2938,170.579802,-7.34566,-11.4571,206.974,207.420974,-35.490738,-55.355262,0
0,nominal,1.00,1.00,14500,417822,-55.7219,79.5663,97.1376664,1.78397,2.19102,200.161,200.180941,8.9126753,10.9462882,0
0,nominal,1.00,1.00,14500,418199,47.2532,171.943,178.317863,13.4643,12.3841,209.057,209.855861,64.4049231,59.2379112,0
0,nominal,1.00,1.00,14500,424421,109.797,-94.8425,145.087839,10.3942,-15.1812,197.811,198.664793,52.5461173,-76.7459848,0
0,nominal,1.00,1.00,14500,427209,-156.618,19.5082,157.828286,-26.9716,-6.81963,191.583,193.592408,-140.782846,-35.5962168,0
0,nominal,1.00,1.00,14500,427894,96.6715,-38.3466,103.999234,15.7202,-4.31455,208.695,209.330703,75.3261937,-20.67395,0
0,nominal,1.00,1.00,14500,428586,-77.8297,-172.815,189.532283,5.68276,-1.97082,206.291,206.378668,27.5472997,-9.55359177,0
0,nominal,1.00,1.00,14500,431980,-65.8076,8.1099,66.3054349,7.58407,-2.56367,201.519,201.677956,37.6345159,-12.7217285,0
0,nominal,1.00,1.00,14500,432179,16.2437,31.8089,35.7164375,4.76944,4.42939,202.129,202.233775,23.5960204,21.9136789,0
0,nominal,1.00,1.00,14500,435193,-46.8735,102.593,112.793833,-1.80615,2.21387,196.953,196.973723,-9.17046199,11.2406005,0
0,nominal,1.00,1.00,14500,437615,137.775,-17.4444,138.874972,38.0894,18.2781,190.342,194.974276,200.110328,96.0276765,0
0,nominal,1.00,1.00,14500,437701,13.634,-65.7079,67.1074815,3.00498,-11.8409,207.299,207.658643,14.4958731,-57.1199089,0
0,nominal,1.00,1.00,14500,438736,97.829,0.684561,97.8313951,41.3433,-20.9615,198.447,203.788775,208.334215,-105.627699,0
0,nominal,1.00,1.00,14500,442251,-84.1204,136.42,160.270578,-6.91161,19.0572,199.816,200.841682,-34.5898727,95.3737438,0
0,nominal,1.00,1.00,14500,442674,-37.3425,29.5789,47.6379432,10.2687,-1.23479,203.61,203.872517,50.4331811,-6.06448603,0
0,nominal,1.00,1.00,14500,444785,-186.141,-1.8823,186.150517,-7.07618,2.41284,197.153,197.294702,-35.8918201,12.2384138,0
0,nominal,1.00,1.00,14500,445112,-65.0319,82.3088,104.899412,-4.47985,12.7362,207.209,207.64838,-21.6199586,61.4654769,0
0,nominal,1.00,1.00,14500,446406,-42.9584,183.53,188.490544,-4.82219,0.91432,199.937,199.997234,-24.1185473,4.57304051,0
0,nominal,1.00,1.00,14500,447463,171.858,-3.05196,171.885097,3.54716,7.27015,197.836,198.001314,17.9298004,36.7483673,0
0,nominal,1.00,1.00,14500,450359,-143.654,70.4788,160.011665,-14.9666,4.37284,198.844,199.454399,-75.2680493,21.9913098,0
0,nominal,1.00,1.00,14500,450872,106.003,-66.1249,124.936538,8.00555,6.69843,190.834,191.119265,41.9503338,35.1008206,0
0,nominal,1.00,1.00,14500,451676,46.8233,-34.0216,57.8782402,7.50689,2.58371,199.513,199.670895,37.6260695,12.9500835,0
0,nominal,1.00,1.00,14500,452564,-30.7564,52.3859,60.7473346,-15.226,-3.10081,202.861,203.455232,-75.0563194,-15.2853925,0
0,nominal,1.00,1.00,14500,453068,101.818,-7.10471,102.065577,12.6234,4.91273,199.406,199.86555,63.3050159,24.6368214,0
0,nominal,1.00,1.00,14500,455085,120.674,87.4713,149.041748,4.56139,15.7768,190.848,191.553316,23.9006434,82.6668343,0
0,nominal,1.00,1.00,14500,455356,108.876,-27.8497,112.381445,9.07768,4.32556,205.438,205.683948,44.1869566,21.0553062,0
0,nominal,1.00,1.00,14500,455466,-31.2506,78.3781,84.3784721,-3.09802,2.9798,204.822,204.8671,-15.125426,14.5482419,0
0,nominal,1.00,1.00,14500,455480,-145.879,123.565,191.177906,-14.323,13.039,202.106,203.032015,-70.868752,64.5156502,0
0,nominal,1.00,1.00,14500,456284,36.383,95.0547,101.779756,-7.00873,0.0320586,207.789,207.907171,-33.7300338,0.154284394,0
0,nominal,1.00,1.00,14500,464394,184.452,-57.4157,193.181528,12.2519,-6.33391,205.275,205.737826,59.6853002,-30.8557301,0
0,nominal,1.00,1.00,14500,472523,7.65976,-52.0257,52.5865514,3.09181,14.625,202.531,203.081895,15.2658605,72.2111677,0
0,nominal,1.00,1.00,14500,475235,-14.916,-132.957,133.791072,12.984,0.127986,206.842,207.249158,62.772551,0.618762147,0
0,nominal,1.00,1.00,14500,478413,186.728,7.26771,186.869381,54.4126,0.127626,193.221,200.7364,281.608107,0.660518267,0
0,nominal,1.00,1.00,14500,481350,-37.9379,53.9332,65.9399296,-11.2227,1.78675,201.608,201.928025,-55.6659458,8.86249554,0
0,nominal,1.00,1.00,14500,485020,-92.1715,-123.084,153.770142,0.946608,-5.72826,208.091,208.17198,4.54900981,-27.5276682,0
0,nominal,1.00,1.00,14500,485966,57.475,38.9055,69.4047085,5.68689,-2.47819,208.805,208.897128,27.235411,-11.8684418,0
0,nominal,1.00,1.00,14500,490002,34.8319,-107.755,113.244873,-7.09112,-0.786837,194.218,194.349002,-36.511137,-4.05130832,0
0,nominal,1.00,1.00,14500,494567,-3.8233,14.6334,15.1246163,-6.14371,-15.8969,200.064,200.788597,-30.7087232,-79.4590731,1
0,nominal,1.00,1.00,14500,497687,24.0066,64.3189,68.6530243,0.466785,-0.0559588,205.007,205.007539,2.27692225,-0.272960435,0
0,nominal,1.00,1.00,14500,500991,-19.4805,-83.2286,85.4780073,3.66866,1.59897,200.334,200.373969,18.3127178,7.98152086,0
0,nominal,1.00,1.00,14500,506442,107.764,-105.968,151.136682,11.9518,-16.2435,202.331,203.333545,59.0705329,-80.2818154,0
0,nominal,1.00,1.00,14500,511954,-85.8019,14.3784,86.9983013,-5.54042,-0.526979,190.05,190.131472,-29.1524336,-2.77284399,0
0,nominal,1.00,1.00,14500,512440,-98.0507,53.6517,111.769605,-13.2209,4.59148,195.886,196.385333,-67.4928275,23.4395516,0
0,nominal,1.00,1.00,14500,517654,-73.3763,-107.334,130.017956,-5.5875,1.45848,200.857,200.939995,-27.8182986,7.26128539,0
0,nominal,1.00,1.00,14500,518487,-36.179,145.385,149.818952,-8.08741,4.65945,195.978,196.200135,-41.2669279,23.7753727,0
0,nominal,1.00,1.00,14500,520817,14.081,-31.8194,34.7958155,-4.12362,-0.555943,194.24,194.284562,-21.2295099,-2.86214477,0
0,nominal,1.00,1.00,14500,521794,-62.1848,149.89,162.277421,1.68409,2.64305,209.373,209.396454,8.04349176,12.623643,0
0,nominal,1.00,1.00,14500,522952,-6.46606,-174.987,175.106425,-7.357,-23.4105,191.699,193.263249,-38.3778736,-122.121138,0
0,nominal,1.00,1.00,14500,523372,39.296,-185.224,189.346523,2.62981,0.80336,201.473,201.491764,13.0529153,3.98743256,0
0,nominal,1.00,1.00,14500,525809,-3.75523,32.2089,32.4270719,8.34505,-0.588666,205.198,205.368463,40.6682814,-2.86877065,0
0,nominal,1.00,1.00,14500,526427,28.0008,164.264,166.63345,-4.26114,8.80171,193.251,193.498259,-22.0497695,45.5454823,0
0,nominal,1.00,1.00,14500,529724,115.534,160.928,198.105846,11.9059,0.262032,203.718,204.06578,58.4430438,1.28624864,0
0,nominal,1.00,1.00,14500,531061,-71.0699,88.5762,113.563524,2.78476,8.44512,192.023,192.228789,14.5022211,43.9797316,0
0,nominal,1.00,1.00,14500,533241,-147.826,-38.7915,152.830974,-11.1086,4.04207,198.671,199.022375,-55.9145522,20.3455462,0
0,nominal,1.00,1.00,14500,540478,-53.817,-83.3251,99.1934563,6.6026,0.40293,207.416,207.521454,31.8326455,1.94261773,0
0,nominal,1.00,1.00,14500,542430,-20.8187,-159.066,160.4226,-7.03788,0.554917,194.668,194.79597,-36.1532455,2.8505815,0
0,nominal,1.00,1.00,14500,543065,14.8472,-107.426,108.447152,-0.756202,-7.01514,199.006,199.131042,-3.79989548,-35.250897,0
0,nominal,1.00,1.00,14500,543322,53.6449,-99.6804,113.198752,18.039,-20.2548,195.024,196.901049,92.4963081,-103.857987,0
0,nominal,1.00,1.00,14500,544588,29.2116,-151.201,153.996948,-1.86483,0.521345,199.278,199.287407,-9.35793214,2.61616937,0
0,nominal,1.00,1.00,14500,544594,-69.7662,86.9977,111.516467,-13.935,18.7877,191.573,192.995793,-72.7398955,98.0707093,0
0,nominal,1.00,1.00,14500,545049,14.5378,-11.5608,18.5741682,25.0626,-26.866,192.566,196.039741,130.150702,-139.515802,1
0,nominal,1.00,1.00,14500,551595,-25.2988,-131.572,133.982165,2.31056,-2.65808,197.214,197.245446,11.7160039,-13.4781506,0
0,nominal,1.00,1.00,14500,555547,88.8155,-96.9336,131.469829,1.60815,-2.41981,204.974,204.994591,7.8456292,-11.8054485,0
0,nominal,1.00,1.00,14500,555551,34.679,-19.7972,39.9319693,-0.894817,-2.13745,192.466,192.479948,-4.64922116,-11.1055979,0
0,nominal,1.00,1.00,14500,556609,-54.1046,-183.001,190.831532,-2.50613,-15.8733,194.276,194.939495,-12.8998435,-81.7048941,0
0,nominal,1.00,1.00,14500,557050,4.77721,-46.1126,46.3593962,-4.90084,-0.222569,192.448,192.51052,-25.4657882,-1.15651501,0
0,nominal,1.00,1.00,14500,560160,77.9178,21.4555,80.8178324,13.6038,-13.6212,196.194,197.136212,69.3385119,-69.4271996,0
0,nominal,1.00,1.00,14500,568091,-23.517,-24.3039,33.8190604,4.91492,1.13796,199.63,199.693736,24.6201473,5.70034564,0
0,nominal,1.00,1.00,14500,574533,19.6986,-24.5677,31.4897876,6.10959,2.50568,193.599,193.711585,31.5579626,12.9426288,0
0,nominal,1.00,1.00,14500,581225,35.9299,164.975,168.842259,11.2792,7.52877,206.026,206.471827,54.7464883,36.542815,0
0,nominal,1.00,1.00,14500,582016,-173.699,31.0106,176.445459,-15.1594,24.5745,189.252,191.441983,-80.1016634,129.850675,0
0,nominal,1.00,1.00,14500,585589,-7.39498,102.152,102.419319,12.019,-1.53995,203.49,203.850455,59.0643275,-7.56769374,0
0,nominal,1.00,1.00,14500,588248,17.3327,-79.4593,81.3277495,3.6732,-17.1789,197.702,198.480951,18.5794782,-86.8928994,0
0,nominal,1.00,1.00,14500,591597,-108.953,155.21,189.633595,-5.24713,-0.244997,201.733,201.801377,-26.010271,-1.21446169,0
0,nominal,1.00,1.00,14500,593033,-104.932,-123.549,162.095898,2.18702,-2.73233,203.257,203.287129,10.7598754,-13.4427351,0
0,nominal,1.00,1.00,14500,595016,-32.8562,-136.544,140.441425,-1.89586,-8.89246,190.284,190.501104,-9.96331799,-46.7325682,0
0,nominal,1.00,1.00,14500,598988,166.157,6.50453,166.284267,19.3224,8.81292,206.581,207.669767,93.5342553,42.6608449,0
0,nominal,1.00,1.00,14500,604139,170.482,95.3479,195.333905,16.5848,10.0681,203.782,204.703507,81.3850095,49.4062282,0
0,nominal,1.00,1.00,14500,606154,15.2251,52.342,54.5113624,1.49434,15.5334,196.191,196.81064,7.61676122,79.1748857,0
0,nominal,1.00,1.00,14500,608778,-128.658,-119.27,175.437208,-8.50458,-5.68472,193.48,193.750237,-43.9558611,-29.3814348,0
0,nominal,1.00,1.00,14500,612374,30.1277,-5.38955,30.6059726,-5.22265,1.8214,208.451,208.52437,-25.0545692,8.7377849,0
0,nominal,1.00,1.00,14500,613946,-42.9679,-20.4159,47.5715188,-0.687621,-0.102483,191.962,191.963259,-3.58206833,-0.533871287,0
0,nominal,1.00,1.00,14500,614466,45.738,20.906,50.2894172,-2.8278,1.45963,199.535,199.560375,-14.1719498,7.31515774,0
0,nominal,1.00,1.00,14500,615627,22.706,-98.0703,100.664523,1.3849,-0.330529,197.153,197.158141,7.02449367,-1.67651012,0
0,nominal,1.00,1.00,14500,617393,-63.3863,-10.4221,64.2373972,2.24768,-1.22696,192.266,192.283052,11.6904705,-6.38157553,0
0,nominal,1.00,1.00,14500,619096,23.3109,153.067,154.831859,-0.110901,2.37813,198.452,198.46628,-0.558830347,11.9834015,0
0,nominal,1.00,1.00,14500,620484,72.9005,-54.8971,91.2588324,14.628,-4.00863,203.345,203.909874,71.9368561,-19.7134427,0
0,nominal,1.00,1.00,14500,623012,-119.246,-47.6047,128.397103,-7.577,-5.84613,200.907,201.134808,-37.7139672,-29.0986875,0
0,nominal,1.00,1.00,14500,623275,179.243,-73.379,193.681519,58.3904,3.88458,193.755,202.399429,301.362029,20.0489278,0
0,nominal,1.00,1.00,14500,623988,-41.9403,-164.508,169.770053,10.6971,-2.30202,200.161,200.459854,53.4424788,-11.5008418,0
0,nominal,1.00,1.00,14500,629387,-88.5757,-100.853,134.227353,-15.9319,-12.5403,198.605,199.637247,-80.2190277,-63.1419149,0
0,nominal,1.00,1.00,14500,636304,-11.7847,54.9213,56.1714193,-5.52358,-1.02471,189.974,190.057046,-29.0754524,-5.39394865,0
0,nominal,1.00,1.00,14500,638021,-54.4754,-10.2952,55.4397001,-1.63662,3.16417,201.472,201.503492,-8.12331242,15.7052593,0
0,nominal,1.00,1.00,14500,641878,22.728,-171.164,172.666374,-1.62222,-1.20256,192.928,192.938568,-8.40842179,-6.23320617,0
0,nominal,1.00,1.00,14500,642576,171.018,-1.58389,171.025334,55.057,4.355,200.052,207.53564,275.213445,21.76934,0
0,nominal,1.00,1.00,14500,645275,-40.4147,-179.87,184.354454,-0.810961,-18.6927,194.804,195.700468,-4.16295867,-95.9564485,0
0,nominal,1.00,1.00,14500,646287,17.8487,-83.9081,85.7854611,9.10832,-0.800322,198.497,198.707476,45.8864366,-4.0319098,0
0,nominal,1.00,1.00,14500,646941,114.481,-62.7208,130.536578,45.1809,5.54444,191.448,196.78514,235.995675,28.9605533,0
0,nominal,1.00,1.00,14500,653538,-38.7137,-122.461,128.434602,4.04318,0.0455452,195.031,195.07291,20.7309607,0.233528003,0
0,nominal,1.00,1.00,14500,653541,15.6695,31.3854,35.0795747,-4.74632,1.1566,200.274,200.333573,-23.6991322,5.77508813,0
0,nominal,1.00,1.00,14500,654306,57.0422,103.34,118.037995,-7.63962,2.86801,190.01,190.185145,-40.2064102,15.0939951,0
0,nominal,1.00,1.00,14500,655322,-119.409,118.801,168.440455,3.80844,9.01667,205.977,206.20943,18.4896372,43.7751302,0
0,nominal,1.00,1.00,14500,658969,198.606,-22.0912,199.830839,53.476,12.7939,196.231,203.789038,272.515556,65.1981593,0
0,nominal,1.00,1.00,14500,659373,-1.89472,66.038,66.0651755,-20.8319,10.3237,196.387,197.75844,-106.075759,52.5681435,0
0,nominal,1.00,1.00,14500,661991,24.2736,-84.7028,88.1122692,-1.32291,-2.98398,196.378,196.405125,-6.7365489,-15.195083,0
0,nominal,1.00,1.00,14500,671697,22.1854,99.8909,102.324894,10.8873,24.0905,199.914,201.65439,54.4599178,120.504317,0
0,nominal,1.00,1.00,14500,676274,162.197,48.6,169.321667,17.4446,1.25222,199.236,200.002165,87.5574695,6.28510912,0
0,nominal,1.00,1.00,14500,679446,7.48595,59.1297,59.6016851,2.31963,1.21097,206.012,206.028618,11.2596839,5.87815273,0
0,nominal,1.00,1.00,14500,680524,74.4599,-50.6812,90.0714202,-0.373752,-4.1927,201.382,201.425987,-1.85593549,-20.8196363,0
0,nominal,1.00,1.00,14500,685532,-144.073,-53.0478,153.528819,-10.0302,-2.61959,192.145,192.424448,-52.2012022,-13.6334019,0
0,nominal,1.00,1.00,14500,685584,19.6999,-71.4657,74.1311833,-11.1986,-0.574272,191.331,191.659307,-58.5299821,-3.00145821,0
0,nominal,1.00,1.00,14500,694962,-52.4457,-53.1832,74.692732,-4.65108,-15.8917,193.486,194.193231,-24.0383284,-82.1335911,0
0,nominal,1.00,1.00,14500,700441,-91.5232,91.5468,129.45004,4.46668,7.95779,200.048,200.256036,22.3280413,39.7794029,0
0,nominal,1.00,1.00,14500,701433,27.648,-83.2261,87.6983217,-3.31583,-0.154363,191.617,191.645749,-17.3044667,-0.805580924,0
0,nominal,1.00,1.00,14500,702575,37.8965,-62.4928,73.0855305,-0.838163,-2.68771,198.361,198.380978,-4.2254425,-13.5495889,0
0,nominal,1.00,1.00,14500,704109,169.703,-1.7175,169.711691,7.17502,-5.60655,198.608,198.816629,36.1265407,-28.2292254,0
0,nominal,1.00,1.00,14500,706504,-65.077,-123.266,139.389823,1.34855,1.70155,206.918,206.92939,6.51731604,8.22330585,0
0,nominal,1.00,1.00,14500,706969,-24.8148,-83.1853,86.8076519,-2.34557,-23.34,202.344,203.699169,-11.5919919,-115.34812,0
0,nominal,1.00,1.00,14500,707591,-81.5525,16.29,83.1635398,-12.2785,-1.09664,203.598,203.970855,-60.3075669,-5.38630045,0
0,nominal,1.00,1.00,14500,708077,-58.031,-145.101,156.275069,5.12729,-0.613943,198.255,198.32224,25.8620968,-3.096734,0
0,nominal,1.00,1.00,14500,716189,100.419,141.274,173.327201,12.1302,11.7036,200.628,201.334822,60.461152,58.3348286,0
0,nominal,1.00,1.00,14500,716245,-43.0173,79.2994,90.2157577,0.800202,0.874179,198.846,198.849532,4.02422981,4.39626143,0
0,nominal,1.00,1.00,14500,721334,10.5822,-96.0275,96.608818,7.06592,4.23867,197.864,198.035492,35.7109934,21.4221384,0
0,nominal,1.00,1.00,14500,722498,-7.52313,90.5374,90.8494264,7.36508,-0.39878,196.31,196.448516,37.5175997,-2.03137894,0
0,nominal,1.00,1.00,14500,722822,35.4937,-27.4063,44.8431491,-15.0203,-1.30604,203.08,203.6389,-73.9624778,-6.43116013,0
0,nominal,1.00,1.00,14500,726582,73.4359,96.9516,121.624192,6.23187,7.08903,192.845,193.075852,32.3154347,36.7602479,0
0,nominal,1.00,1.00,14500,735468,-44.1949,-121.67,129.447974,5.12949,1.785,207.132,207.203193,24.7643532,8.61769307,0
0,nominal,1.00,1.00,14500,735761,88.9933,-159.905,183.001138,-6.51097,-0.726177,191.605,191.716969,-33.9812113,-3.78996895,0
0,nominal,1.00,1.00,14500,738044,-35.5315,75.7025,83.6262877,5.06206,-1.34028,198.877,198.945927,25.4532198,-6.73924084,0
0,nominal,1.00,1.00,14500,738316,97.9338,-74.3186,122.940162,11.0971,4.01593,200.989,201.335172,55.2124743,19.9808447,0
0,nominal,1.00,1.00,14500,743139,-128.671,-105.061,166.114539,0.836111,-6.26741,195.058,195.160454,4.28647377,-32.1310072,0
0,nominal,1.00,1.00,14500,743810,166.86,-19.0058,167.938918,4.39759,2.63801,191.532,191.600639,22.9600798,13.7732076,0
0,nominal,1.00,1.00,14500,744578,-134.734,-59.3195,147.214313,-8.46234,-0.942237,190.692,190.882,-44.3770059,-4.94114593,0
0,nominal,1.00,1.00,14500,748163,33.3332,-175.5,178.637488,-5.60384,-0.186588,201.59,201.66796,-27.7982043,-0.925581626,0
0,nominal,1.00,1.00,14500,752035,57.6113,13.8768,59.2589864,25.3022,3.47152,208.422,209.980911,121.398893,16.6562071,0
0,nominal,1.00,1.00,14500,752203,-96.5443,-72.4838,120.725735,-1.04584,-5.2154,208.451,208.518857,-5.01719829,-25.0197888,0
0,nominal,1.00,1.00,14500,755844,-143.408,133.07,195.636089,-8.40118,-1.07027,196.124,196.306772,-42.8360629,-5.45710877,0
0,nominal,1.00,1.00,14500,757103,187.443,-48.7277,193.673093,9.52918,-1.31884,209.747,209.967494,45.4317821,-6.28776574,0
0,nominal,1.00,1.00,14500,772027,43.8342,168.899,174.494439,4.5945,2.37077,207.765,207.829317,22.1139268,11.4108247,0
0,nominal,1.00,1.00,14500,774250,108.024,-92.546,142.246078,40.5657,-25.7011,200.165,205.844965,202.661304,-128.39957,0
0,nominal,1.00,1.00,14500,779702,106.406,97.9096,144.59781,0.950406,3.81022,201.26,201.298308,4.72227964,18.9318295,0
0,nominal,1.00,1.00,14500,781954,-85.1845,43.6554,95.7193449,6.65174,4.01535,201.343,201.492859,33.0368575,19.9428339,0
0,nominal,1.00,1.00,14500,787179,-151.043,-83.2968,172.48868,0.775005,4.76206,209.752,209.807482,3.69486346,22.7032877,0
0,nominal,1.00,1.00,14500,791972,-0.265727,-172.938,172.938204,-8.30844,-8.44657,193.056,193.419218,-43.0364247,-43.7519165,0
0,nominal,1.00,1.00,14500,795332,142.67,63.3438,156.099859,26.521,6.18685,191.61,193.535611,138.411356,32.2887636,0
0,nominal,1.00,1.00,14500,798706,7.63665,-141.77,141.975531,-4.50192,-22.9565,206.996,208.313735,-21.7488261,-110.903109,0
0,nominal,1.00,1.00,14500,798916,27.6766,-134.35,137.171122,-3.58463,-22.7021,198.366,199.693027,-18.0707883,-114.44552,0
0,nominal,1.00,1.00,14500,800455,-50.5602,-58.5778,77.3801814,-9.74202,-2.92751,208.289,208.53725,-46.771649,-14.0550389,0
0,nominal,1.00,1.00,14500,813847,77.0276,-63.4205,99.7768058,-1.40234,-0.0470993,203.444,203.448839,-6.8930025,-0.2315099,0
0,nominal,1.00,1.00,14500,816657,-79.9972,-27.738,84.6696442,-10.6164,-13.0426,202.391,203.088489,-52.4549017,-64.4425889,0
0,nominal,1.00,1.00,14500,821221,-43.298,43.3851,61.2942388,8.87343,-1.3035,202.851,203.049169,43.7435852,-6.42589881,0
0,nominal,1.00,1.00,14500,823643,87.2998,74.0768,114.492914,4.12687,6.58355,208.617,208.761651,19.7820408,31.5580705,0
0,nominal,1.00,1.00,14500,824497,-92.9768,-67.1587,114.695145,5.92741,0.994561,203.093,203.181914,29.1856933,4.89707178,0
0,nominal,1.00,1.00,14500,828139,0.973035,-75.1996,75.205895,-2.7294,1.02885,192.834,192.85606,-14.1541429,5.33541803,0
0,nominal,1.00,1.00,14500,837242,-5.96716,168.162,168.267838,7.47306,2.54724,204.377,204.529443,36.5650734,12.4634377,0
0,nominal,1.00,1.00,14500,847741,-92.1391,-165.36,189.2975,-11.2902,-16.8665,199.256,200.287046,-56.6617818,-84.6473883,0
0,nominal,1.00,1.00,14500,847932,17.5583,-153.2,154.202898,-2.54988,-12.0792,191.074,191.472406,-13.3449868,-63.2173922,0
0,nominal,1.00,1.00,14500,852654,25.1031,-130.747,133.135058,-12.0868,0.659375,192.443,192.823323,-62.8071689,3.42633923,0
0,nominal,1.00,1.00,14500,855248,7.48314,-27.2658,28.2740382,26.4269,-19.7559,205.946,208.572365,128.319559,-95.9275732,0
0,nominal,1.00,1.00,14500,858040,20.9151,140.787,142.332079,3.48624,2.75167,197.594,197.643908,17.6434507,13.9258783,0
0,nominal,1.00,1.00,14500,858871,-91.7795,2.449,91.8121682,-6.17326,1.03732,198.948,199.046457,-31.0295153,5.21402578,0
0,nominal,1.00,1.00,14500,859678,-26.4227,-49.2358,55.8777512,0.541886,-3.53562,208.836,208.86663,2.59479209,-16.930127,0
0,nominal,1.00,1.00,14500,864453,134.395,-0.30345,134.395343,16.9704,-1.21796,194.348,195.09132,87.3196534,-6.26690267,0
0,nominal,1.00,1.00,14500,868114,-4.13442,150.963,151.019604,3.86184,18.0031,209.158,209.966889,18.4637451,86.074164,0
0,nominal,1.00,1.00,14500,868809,-48.2955,82.0501,95.2085828,-13.6808,0.826443,194.125,194.608229,-70.474179,4.25727238,0
0,nominal,1.00,1.00,14500,880116,-48.5386,20.7682,52.795017,-23.7205,0.246366,191.02,192.487307,-124.178097,1.28973929,0
0,nominal,1.00,1.00,14500,884885,86.5723,-122.179,149.741348,8.10139,4.1839,194.135,194.349005,41.7307029,21.5514977,0
0,nominal,1.00,1.00,14500,885330,-29.6972,-64.3025,70.828915,-0.400946,0.851259,203.659,203.661174,-1.96871241,4.1798251,0
0,nominal,1.00,1.00,14500,888301,94.9082,58.0456,111.251329,9.34887,14.5015,207.23,207.947031,45.1134971,69.9778024,0
0,nominal,1.00,1.00,14500,891691,41.7064,88.352,97.7010732,-9.53514,6.54934,202.159,202.489689,-47.1665372,32.3969747,0
0,nominal,1.00,1.00,14500,892913,80.827,176.622,194.237831,-2.60938,1.20084,205.479,205.499076,-12.6990106,5.84410086,0
0,nominal,1.00,1.00,14500,893047,-103.998,52.5867,116.537312,6.20109,2.59804,209.093,209.201066,29.6570904,12.4252844,0
0,nominal,1.00,1.00,14500,897164,-83.2481,-60.2225,102.747242,-10.8154,-4.38616,205.431,205.762259,-52.6473609,-21.3510132,0
0,nominal,1.00,1.00,14500,900669,-30.2705,-83.9205,89.2129671,-2.40706,1.42497,193.974,193.994168,-12.4091889,7.34619073,0
0,nominal,1.00,1.00,14500,903497,123.383,-28.1765,126.559393,26.993,-10.8392,205.014,207.067261,131.664179,-52.8705357,0
0,nominal,1.00,1.00,14500,904694,59.8393,55.5563,81.6531952,7.61669,2.3149,199.416,199.574833,38.1949793,11.6083965,0
0,nominal,1.00,1.00,14500,904757,-17.9095,14.4256,22.9966981,6.21395,-3.46194,205.216,205.339243,30.2800464,-16.8697373,0
0,nominal,1.00,1.00,14500,907158,-108.128,-31.4526,112.609637,1.10498,-3.7604,198.755,198.793641,5.55950794,-18.9197756,0
0,nominal,1.00,1.00,14500,911933,159.042,-46.0338,165.570132,6.389,3.57252,191.315,191.454985,33.3951859,18.6734966,0
0,nominal,1.00,1.00,14500,913076,35.8449,-86.4579,93.5939385,-12.0195,9.50925,193.282,193.888694,-62.1863391,49.198839,0
0,nominal,1.00,1.00,14500,918646,98.9666,-51.5643,111.594198,34.1773,-21.2796,189.066,193.3051,180.769149,-112.551173,0
0,nominal,1.00,1.00,14500,919893,-108.006,-156.936,190.510378,-7.30446,-14.0754,208.125,208.728263,-35.0965045,-67.6295495,0
0,nominal,1.00,1.00,14500,920691,2.03537,90.2145,90.2374575,11.4265,2.48053,198.197,198.541605,57.6522349,12.515477,0
0,nominal,1.00,1.00,14500,922170,96.1329,169.368,194.748694,4.56819,0.781973,208.43,208.481521,21.9171424,3.7517296,0
0,nominal,1.00,1.00,14500,922289,-11.1346,-179.432,179.777145,7.19953,-3.68322,194.675,194.842898,36.9823038,-18.9198408,0
0,nominal,1.00,1.00,14500,922789,-49.829,158.46,166.109906,3.44776,3.82822,197.61,197.677147,17.4472952,19.3726026,0
0,nominal,1.00,1.00,14500,924610,-38.8376,137.983,143.344576,8.49144,16.4414,195.573,196.446488,43.4182633,84.0678417,0
0,nominal,1.00,1.00,14500,925857,-181.54,11.8587,181.926909,-5.9399,-3.79902,191.605,191.734689,-31.0007568,-19.8273531,0
0,nominal,1.00,1.00,14500,929351,-46.3569,-128.624,136.722696,10.0822,0.68855,204.927,205.176022,49.1989831,3.35997697,0
0,nominal,1.00,1.00,14500,931497,-76.3564,-81.3464,111.568529,-6.3423,4.78106,195.13,195.291577,-32.5029468,24.5019218,0
0,nominal,1.00,1.00,14500,934773,-47.0073,-120.11,128.981,-3.95384,-14.7911,202.126,202.70503,-19.5612638,-73.1776219,0
0,nominal,1.00,1.00,14500,934864,-71.482,-58.7444,92.5234071,-12.4528,-12.5427,194.498,195.29942,-64.025337,-64.4875526,0
0,nominal,1.00,1.00,14500,937254,-56.6138,61.0433,83.2550709,-2.88685,0.797029,194.318,194.341077,-14.856318,4.10167355,0
0,nominal,1.00,1.00,14500,938133,29.803,-47.631,56.1865729,-0.932444,-1.95756,205.739,205.750426,-4.5321694,-9.51477357,0
0,nominal,1.00,1.00,14500,938587,98.2741,-86.6873,131.043835,-4.78902,-2.01681,195.794,195.862944,-24.4594829,-10.3006732,0
0,nominal,1.00,1.00,14500,942562,-114.686,68.2291,133.446951,-0.653109,6.33578,194.126,194.230462,-3.36435614,32.6374623,0
0,nominal,1.00,1.00,14500,943022,-90.6398,-6.24645,90.8547824,-4.28282,0.794179,197.584,197.632007,-21.6759454,4.01944996,0
0,nominal,1.00,1.00,14500,944420,102.468,-157.143,187.599609,-1.41756,-1.52788,205.499,205.509569,-6.89813576,-7.43497535,0
0,nominal,1.00,1.00,14500,946180,66.8868,-123.955,140.849871,15.554,-17.1884,199.432,200.774726,77.9914958,-86.1867704,0
0,nominal,1.00,1.00,14500,946822,174.955,-62.0378,185.628502,2.00756,-2.63811,193.742,193.77036,10.3620279,-13.6166138,0
0,nominal,1.00,1.00,14500,955767,102.327,167.887,196.613478,5.76457,18.6008,194.721,195.69233,29.6042543,95.5253927,0
0,nominal,1.00,1.00,14500,957137,25.2268,-86.0184,89.641266,3.15585,0.960483,199.911,199.938215,15.7862749,4.80455303,0
0,nominal,1.00,1.00,14500,962108,-54.6257,153.692,163.110999,-1.414,-1.68939,191.82,191.832651,-7.37149411,-8.80716297,0
0,nominal,1.00,1.00,14500,965220,-29.1223,-153.04,155.786232,-3.8756,-3.27151,196.255,196.320524,-19.7477771,-16.6696899,0
0,nominal,1.00,1.00,14500,967369,-41.4479,144.099,149.941489,9.35833,-1.95718,207.175,207.395491,45.1711355,-9.44698926,0
0,nominal,1.00,1.00,14500,967768,104.582,-6.83808,104.805315,17.6502,20.7826,201.217,203.05597,87.7172406,103.284514,0
0,nominal,1.00,1.00,14500,968429,-6.93495,9.17187,11.4985534,7.33076,20.283,197.598,198.771501,37.0993634,102.6478,1
0,nominal,1.00,1.00,14500,968560,65.2552,-174.961,186.734016,4.16514,-7.48279,202.639,202.819883,20.5544836,-36.9267022,0
0,nominal,1.00,1.00,14500,969740,-140.312,-13.4589,140.956019,3.82128,5.45203,197.809,197.921013,19.318029,27.5620927,0
0,nominal,1.00,1.00,14500,971561,31.9355,69.146,76.1645946,14.5751,-16.9397,204.389,205.607029,71.3105891,-82.8797049,0
0,nominal,1.00,1.00,14500,974328,127.28,21.0136,129.002984,25.9988,-26.0401,206.517,209.769625,125.891815,-126.091799,0
0,nominal,1.00,1.00,14500,980666,-57.8298,-14.1064,59.5254256,-3.37395,2.53465,203.796,203.839686,-16.5555261,12.4371921,0
0,nominal,1.00,1.00,14500,983558,102.19,107.437,148.275099,-1.95215,0.579471,199.578,199.588388,-9.78138873,2.90348135,0
0,nominal,1.00,1.00,14500,985196,-114.214,-154.669,192.268919,-13.375,0.211936,195.945,196.401066,-68.2589502,1.08160964,0
0,nominal,1.00,1.00,14500,988170,-128.963,131.813,184.40749,-20.4085,15.6508,194.191,195.886699,-105.094984,80.5948782,0
0,nominal,1.00,1.00,14500,999535,1.583,-63.2818,63.3015963,6.52896,3.30466,199.258,199.392323,32.7663632,16.5848297,0
0,nominal,1.00,1.00,14500,999889,-17.0845,-15.1874,22.8590739,-5.91548,-7.0684,190.068,190.291355,-31.1229665,-37.1887956,0
0,nominal,1.00,1.00,15000,1353,126.055,-90.2259,155.017986,21.4966,-9.04322,193.638,195.037326,111.014367,-46.7016805,0
0,nominal,1.00,1.00,15000,2485,-15.5935,-150.37,151.176368,-8.54938,-4.28081,194.293,194.528114,-44.0025117,-22.0327547,0
0,nominal,1.00,1.00,15000,5930,-57.0545,85.9031,103.123996,-8.78996,12.576,191.35,191.964168,-45.936556,65.722498,0
0,nominal,1.00,1.00,15000,6346,-106.677,-133.803,171.123421,5.22599,1.18249,206.054,206.123653,25.3622351,5.73873839,0
0,nominal,1.00,1.00,15000,8492,-188.583,-64.6714,199.363833,-11.8991,-19.4216,198.214,199.518362,-60.031582,-97.9829881,0
0,nominal,1.00,1.00,15000,12234,41.69,156.479,161.937437,12.2533,4.00539,200.72,201.13355,61.0467318,19.9551116,0
0,nominal,1.00,1.00,15000,18460,-63.2102,-176.588,187.56026,-3.55141,-3.69426,194.537,194.604482,-18.2557046,-18.9900122,0
0,nominal,1.00,1.00,15000,21298,-5.65334,-107.087,107.236122,2.30483,-22.1953,199.822,201.064107,11.5344156,-111.075357,0
0,nominal,1.00,1.00,15000,33486,12.1349,81.8182,82.7132012,1.48657,0.656832,207.061,207.067378,7.17938192,3.17216666,0
0,nominal,1.00,1.00,15000,39822,-1.9797,-107.993,108.011144,6.083,-19.7037,196.73,197.807815,30.920551,-100.156051,0
0,nominal,1.00,1.00,15000,42075,22.6616,-44.3881,49.8382537,-9.3231,-3.93213,196.999,197.258683,-47.3256209,-19.9601521,0
0,nominal,1.00,1.00,15000,43269,3.65291,-174.912,174.95014,3.19304,-4.84725,202.868,202.951021,15.7394956,-23.8936156,0
0,nominal,1.00,1.00,15000,55892,39.492,57.8889,70.0766923,-3.2209,1.54106,191.052,191.085363,-16.858761,8.06618094,0
0,nominal,1.00,1.00,15000,56575,56.3113,114.879,127.93806,1.65423,2.92525,205.752,205.779443,8.03992185,14.2173588,0
0,nominal,1.00,1.00,15000,60991,-39.9731,117.985,124.572505,5.50673,3.84487,199.551,199.663989,27.5956021,19.2676058,0
0,nominal,1.00,1.00,15000,69704,-91.0768,-150.56,175.963909,3.29286,-16.8541,197.876,198.619775,16.6410277,-85.1750591,0
0,nominal,1.00,1.00,15000,71461,36.0722,-157.924,161.991337,-1.82952,-4.99289,206.274,206.342529,-8.86936793,-24.2051349,0
0,nominal,1.00,1.00,15000,74482,-53.2502,187.468,194.884157,2.8389,4.64815,208.161,208.232242,13.6380014,22.329591,0
0,nominal,1.00,1.00,15000,78377,-47.7846,13.273,49.5937549,-4.10723,-3.20682,191.85,191.920753,-21.4085483,-16.7152463,0
0,nominal,1.00,1.00,15000,78804,-160.19,-117.549,198.692233,-6.65559,0.97325,197.12,197.234729,-33.7641538,4.93734781,0
0,nominal,1.00,1.00,15000,85186,44.5568,137.511,144.549589,-7.85192,18.6595,191.261,192.329404,-41.0534296,97.5604018,0
0,nominal,1.00,1.00,15000,86134,-34.748,-153.276,157.165377,-4.77589,-13.9774,204.563,205.095582,-23.3467929,-68.3280945,0
0,nominal,1.00,1.00,15000,86185,-5.77014,136.508,136.629896,-0.579588,28.0483,205.931,207.833154,-2.81447669,136.202417,0
0,nominal,1.00,1.00,15000,87639,-99.3454,121.993,157.32705,-10.5117,7.85697,190.529,190.980438,-55.1711288,41.2376594,0
0,nominal,1.00,1.00,15000,88148,-43.8531,23.7833,49.8872703,3.3675,4.1919,194.316,194.39038,17.3300191,21.5725931,0
0,nominal,1.00,1.00,15000,88261,-58.1995,-66.1518,88.1092642,-0.751126,-0.0698639,208.374,208.375365,-3.60470116,-0.335281273,0
0,nominal,1.00,1.00,15000,90323,-75.0533,149.607,167.377574,-8.51987,-3.66491,201.662,201.875164,-42.2482669,-18.173528,0
0,nominal,1.00,1.00,15000,92275,95.2653,-23.9157,98.2213729,38.2196,10.8878,187.219,191.390271,204.14381,58.1554223,0
0,nominal,1.00,1.00,15000,95475,138.728,113.558,179.27877,11.4971,-2.99583,200.158,200.510307,57.4401223,-14.9673258,0
0,nominal,1.00,1.00,15000,99791,25.9828,-145.979,148.27331,-5.70841,-0.724713,201.449,201.531166,-28.3367502,-3.5975011,0
0,nominal,1.00,1.00,15000,112938,61.1938,-189.403,199.043155,4.85621,-26.3483,194.247,196.085983,25.0001802,-135.643279,0
0,nominal,1.00,1.00,15000,115205,-82.0995,-21.3752,84.8364726,0.779074,-0.216677,193.849,193.850687,4.01897353,-1.11776176,0
0,nominal,1.00,1.00,15000,116381,104.303,95.0153,141.09225,0.984535,19.4802,203.418,204.350998,4.83996008,95.7643866,0
0,nominal,1.00,1.00,15000,120484,-43.9083,116.133,124.156403,-13.2786,-4.34336,191.772,192.280228,-69.2415994,-22.6485618,0
0,nominal,1.00,1.00,15000,121438,-96.5529,-134.08,165.226841,-0.79459,-2.14367,197.682,197.69522,-4.01953643,-10.8440323,0
0,nominal,1.00,1.00,15000,122797,105.08,128.653,166.112615,4.59073,26.5494,205.823,207.579028,22.3042614,128.991415,0
0,nominal,1.00,1.00,15000,124413,125.117,152.926,197.587007,-6.4317,16.9405,206.663,207.455882,-31.1216812,81.9716156,0
0,nominal,1.00,1.00,15000,124622,48.8929,100.702,111.943774,13.6542,25.4606,201.921,203.977375,67.6214955,126.091887,0
0,nominal,1.00,1.00,15000,124686,-27.1389,176.993,179.061559,-6.75952,3.27091,193.181,193.326896,-34.9906047,16.9318411,0
0,nominal,1.00,1.00,15000,130484,-8.23578,-157.785,157.999792,11.186,-0.914553,203.958,204.266563,54.8446249,-4.48402612,0
0,nominal,1.00,1.00,15000,134665,19.9524,62.2607,65.3796071,4.17533,4.41069,201.01,201.101735,20.7717526,21.9426397,0
0,nominal,1.00,1.00,15000,135893,-23.3699,-92.3242,95.2360758,-12.3523,-0.45234,190.621,191.021333,-64.8003106,-2.37298094,0
0,nominal,1.00,1.00,15000,140848,-63.3616,-28.8804,69.6331089,-16.665,-10.3605,192.183,193.182214,-86.7142255,-53.909555,0
0,nominal,1.00,1.00,15000,143475,-43.8812,113.425,121.617393,-0.711582,-3.13685,209.629,209.653676,-3.39448263,-14.963817,0
0,nominal,1.00,1.00,15000,146744,-88.5978,-65.191,109.997439,-10.5165,2.53406,197.861,198.156488,-53.1509494,12.8072738,0
0,nominal,1.00,1.00,15000,149756,-89.0815,-120.002,149.452312,-9.54564,-4.11179,207.696,207.955896,-45.9596718,-19.7971555,0
0,nominal,1.00,1.00,15000,157015,-41.293,28.2176,50.0134462,-8.96807,14.3424,200.59,201.301959,-44.70846,71.5010718,0
0,nominal,1.00,1.00,15000,168990,0.0325917,-13.471,13.4710394,-3.80904,1.26155,202.529,202.568744,-18.8073807,6.22898449,1
0,nominal,1.00,1.00,15000,169209,-50.3134,101.629,113.401463,-9.92201,-3.18287,195.863,196.13998,-50.6579088,-16.2504914,0
0,nominal,1.00,1.00,15000,169630,27.0742,-168.74,170.898215,9.3395,1.80417,199.069,199.296132,46.9158935,9.06303844,0
0,nominal,1.00,1.00,15000,177107,-16.082,-152.714,153.558447,0.307917,-5.24305,200.156,200.224895,1.53838506,-26.194818,0
0,nominal,1.00,1.00,15000,178143,-108.155,-110.674,154.745721,-0.551286,2.67815,198.211,198.229859,-2.78130881,13.5116114,0
0,nominal,1.00,1.00,15000,182160,140.032,-36.5901,144.733536,0.397426,-1.56186,192.694,192.700739,2.06247211,-8.10538989,0
0,nominal,1.00,1.00,15000,183472,112.585,-128.174,170.598817,10.3727,-17.1714,200.54,201.540918,51.7238456,-85.6258103,0
0,nominal,1.00,1.00,15000,185031,-72.653,171.667,186.408201,-5.03821,14.6795,203.626,204.216599,-24.742469,72.0904992,0
0,nominal,1.00,1.00,15000,187070,-144.287,-13.3259,144.901063,1.36342,10.3591,207.91,208.172376,6.55774133,49.8249242,0
0,nominal,1.00,1.00,15000,188149,7.40892,-27.0598,28.0557458,10.3069,-27.8561,188.769,191.091418,54.6005965,-147.567132,0
0,nominal,1.00,1.00,15000,190720,-138.68,47.7423,146.667889,-3.8122,3.5786,205.455,205.521523,-18.5549147,17.4179261,0
0,nominal,1.00,1.00,15000,192176,-146.601,3.23115,146.636604,-5.73358,0.863913,201.573,201.656378,-28.4441865,4.28585674,0
0,nominal,1.00,1.00,15000,192268,72.5193,-128.928,147.923893,9.12281,-10.3602,208.149,208.606245,43.8282673,-49.7729991,0
0,nominal,1.00,1.00,15000,196905,8.78023,-146.777,147.039383,-6.40913,2.11637,207.124,207.233944,-30.9434445,10.2178888,0
0,nominal,1.00,1.00,15000,197775,-6.72074,-31.7177,32.4219191,-1.71719,2.07145,199.52,199.538142,-8.60660585,10.3821672,0
0,nominal,1.00,1.00,15000,203976,137.078,126.751,186.698136,5.57106,8.35454,208.211,208.453006,26.7567996,40.1253536,0
0,nominal,1.00,1.00,15000,205827,83.8177,-102.048,132.057568,-1.21055,-6.57526,206.272,206.380322,-5.86870734,-31.8766483,0
0,nominal,1.00,1.00,15000,206527,-21.126,-124.035,125.821259,6.58062,0.565356,203.482,203.589166,32.3400596,2.77840792,0
0,nominal,1.00,1.00,15000,208836,91.6369,72.1751,116.647188,36.862,-14.9084,203.743,207.586795,180.924007,-73.1725753,0
0,nominal,1.00,1.00,15000,212018,-147.745,16.194,148.629844,-5.82118,3.63499,208.352,208.464998,-27.9391607,17.4463888,0
0,nominal,1.00,1.00,15000,221055,26.9071,-187.233,189.156518,5.51083,0.521089,199.998,200.074588,27.5544255,2.60547105,0
0,nominal,1.00,1.00,15000,222287,86.8139,118.952,147.262458,2.03242,7.05692,190.578,190.71944,10.6645048,37.029038,0
0,nominal,1.00,1.00,15000,226312,-24.4629,-185.742,187.346001,-8.47576,-6.58985,191.577,191.877595,-44.2420541,-34.3979183,0
0,nominal,1.00,1.00,15000,228691,-158.756,-19.5321,159.953026,-17.0919,1.75418,189.647,190.423724,-90.1248108,9.24971131,0
0,nominal,1.00,1.00,15000,250126,-91.3011,113.62,145.758002,0.363672,7.36367,202.937,203.070879,1.79204384,36.2854975,0
0,nominal,1.00,1.00,15000,251411,-17.4204,-51.9933,54.8340549,9.58495,-3.67574,203.603,203.861629,47.0766639,-18.0534668,0
0,nominal,1.00,1.00,15000,254284,-60.9244,177.938,188.079011,-6.73247,14.9647,203.559,204.21933,-33.0738017,73.5152953,0
0,nominal,1.00,1.00,15000,256127,-5.20352,-150.471,150.560946,9.70923,-0.336427,202.067,202.300407,48.0495578,-1.66492797,0
0,nominal,1.00,1.00,15000,256385,-22.1434,-51.2336,55.8140836,-6.24318,-0.619842,203.57,203.666655,-30.6684678,-3.04485926,0
0,nominal,1.00,1.00,15000,259096,88.7977,-55.355,104.638461,0.392221,0.879377,206.513,206.515245,1.89925574,4.25821619,0
0,nominal,1.00,1.00,15000,259772,-7.56685,149.607,149.798237,-4.67426,3.71125,198.336,198.425782,-23.5673806,18.7119333,0
0,nominal,1.00,1.00,15000,263152,6.85058,78.5595,78.857628,4.62375,-2.27938,207.968,208.031881,22.2329878,-10.9602439,0
0,nominal,1.00,1.00,15000,266117,121.506,103.844,159.835179,4.0983,-2.01908,197.102,197.154942,20.7927875,-10.2438331,0
0,nominal,1.00,1.00,15000,266234,6.90557,-63.8441,64.2164777,-9.30187,0.132972,197.322,197.541171,-47.1405621,0.673883297,0
0,nominal,1.00,1.00,15000,267634,-8.35497,-44.8955,45.6663053,5.33135,0.419255,195.28,195.353212,27.3010549,2.14694285,0
0,nominal,1.00,1.00,15000,271896,11.491,-115.614,116.183648,0.700022,-0.0589045,200.398,200.399231,3.49315861,-0.293937564,0
0,nominal,1.00,1.00,15000,278454,-41.5957,48.9834,64.2617751,-4.57725,-2.80249,200.89,200.961681,-22.7848574,-13.9503708,0
0,nominal,1.00,1.00,15000,282840,81.9431,-46.8171,94.3743211,13.5195,-9.31696,195.081,195.770731,69.3019823,-47.7594435,0
0,nominal,1.00,1.00,15000,285194,-124.763,89.2533,153.401296,-14.7627,-10.5034,191.538,192.392994,-77.0745231,-54.8371603,0
0,nominal,1.00,1.00,15000,286005,-169.358,-70.4179,183.41432,-8.70355,-1.83384,194.568,194.771203,-44.7326899,-9.42518811,0
0,nominal,1.00,1.00,15000,286847,110.234,71.5578,131.423185,7.1045,5.74861,201.555,201.762084,35.2484434,28.5212969,0
0,nominal,1.00,1.00,15000,290634,69.6613,154.925,169.865983,-1.27572,3.50459,190.428,190.464518,-6.6992249,18.4037536,0
0,nominal,1.00,1.00,15000,290843,49.9252,158.109,165.804045,6.3337,14.1223,204.071,204.657099,31.036747,69.2028755,0
0,nominal,1.00,1.00,15000,292172,67.9102,-125.759,142.923481,28.6726,-29.8301,189.964,194.417783,150.93702,-157.030279,0
0,nominal,1.00,1.00,15000,295732,38.3376,-86.6366,94.7400234,4.8877,-1.01492,209.616,209.675433,23.3173994,-4.84180597,0
0,nominal,1.00,1.00,15000,298367,68.71,-71.7176,99.3200798,4.67763,-9.6443,201.664,201.948661,23.1951662,-47.8236076,0
0,nominal,1.00,1.00,15000,307254,-100.421,142.935,174.684835,0.376836,1.7127,204.079,204.086535,1.84652022,8.39233826,0
0,nominal,1.00,1.00,15000,308905,-62.0681,-157.074,168.892541,-9.00251,0.0665666,198.357,198.561197,-45.385391,0.335589871,0
0,nominal,1.00,1.00,15000,309200,115.344,-87.4477,144.745772,-8.41604,13.1975,199.845,200.457047,-42.1128374,66.03868,0
0,nominal,1.00,1.00,15000,313726,-27.4299,-151.676,154.136331,-4.22555,-13.1968,201.59,202.06568,-20.9611092,-65.4635647,0
0,nominal,1.00,1.00,15000,317570,-40.4644,18.8422,44.6362652,-7.89474,-2.13492,204.069,204.232812,-38.6866207,-10.4617556,0
0,nominal,1.00,1.00,15000,318783,11.3834,67.9893,68.9356708,-1.45559,0.754323,191.591,191.598014,-7.59738192,3.93715258,0
0,nominal,1.00,1.00,15000,320225,-103.142,92.7606,138.718424,-12.1236,4.78353,200.093,200.517013,-60.5898257,23.9065335,0
0,nominal,1.00,1.00,15000,321021,21.9053,135.953,137.706428,-8.10477,-15.899,202.481,203.265887,-40.0273112,-78.5209476,0
0,nominal,1.00,1.00,15000,322046,-20.443,89.2061,91.5185474,8.89992,24.095,194.655,196.342422,45.7215073,123.783103,0
0,nominal,1.00,1.00,15000,325296,-11.7657,-59.7882,60.9348878,-1.20986,-8.86484,192.322,192.53,-6.29080396,-46.0937386,0
0,nominal,1.00,1.00,15000,326546,10.588,51.5717,52.647374,-7.77983,-12.5679,203.858,204.393156,-38.162986,-61.6502664,0
0,nominal,1.00,1.00,15000,332236,18.3513,11.0436,21.4180137,-0.327022,-2.8852,205.58,205.600505,-1.59072867,-14.0344391,0
0,nominal,1.00,1.00,15000,333598,-19.4394,80.3338,82.6523423,6.90902,1.78757,204.359,204.483571,33.8082492,8.74720467,0
0,nominal,1.00,1.00,15000,337839,136.739,-32.7811,140.613494,13.541,-5.43191,207.349,207.861666,65.3053547,-26.1969433,0
0,nominal,1.00,1.00,15000,341902,-161.156,115.361,198.190355,-1.84602,3.43674,204.615,204.652186,-9.02191921,16.7961293,0
0,nominal,1.00,1.00,15000,343190,20.105,139.991,141.427335,-0.752646,4.51453,204.51,204.561207,-3.68024058,22.0748619,0
0,nominal,1.00,1.00,15000,345121,23.7985,-185.936,187.452833,2.74574,-2.97261,200.245,200.285884,13.7119029,-14.844865,0
0,nominal,1.00,1.00,15000,351807,-84.9436,-36.9157,92.6184867,-10.5335,-1.92859,191.543,191.842109,-54.9928737,-10.0687052,0
0,nominal,1.00,1.00,15000,352155,-139.161,102.334,172.736885,2.8405,-4.18293,203.65,203.712758,13.9479499,-20.5397987,0
0,nominal,1.00,1.00,15000,353514,-18.3046,-136.106,137.331357,0.81681,-22.2859,191.085,192.381927,4.27458984,-116.628202,0
0,nominal,1.00,1.00,15000,358188,-115.507,-35.7676,120.918106,-2.507,-2.51776,206.935,206.9655,-12.1149153,-12.1669123,0
0,nominal,1.00,1.00,15000,359010,-144.045,122.22,188.909212,3.87985,1.85587,207.736,207.780517,18.6768302,8.93379097,0
0,nominal,1.00,1.00,15000,359140,107.727,26.2704,110.883905,7.45573,-2.56277,205.724,205.87501,36.2414205,-12.4573215,0
0,nominal,1.00,1.00,15000,361430,54.3693,17.1017,56.9955167,7.89289,13.6486,206.835,207.435048,38.160321,65.9878647,0
0,nominal,1.00,1.00,15000,361671,-45.5637,38.0996,59.3938572,-0.380945,-2.09006,202.89,202.901123,-1.87759377,-10.3014441,0
0,nominal,1.00,1.00,15000,364864,-86.8145,-19.5594,88.9906037,-16.1871,4.63114,189.417,190.163797,-85.4574827,24.4494422,0
0,nominal,1.00,1.00,15000,366243,52.7939,-21.9152,57.1618043,-2.33489,2.66517,204.421,204.451706,-11.4219674,13.0376527,0
0,nominal,1.00,1.00,15000,367087,-143.069,104.155,176.966106,-5.03283,4.13485,195.392,195.500537,-25.7576052,21.1618183,0
0,nominal,1.00,1.00,15000,369141,7.76647,108.972,109.248409,8.6712,28.9645,189.651,192.045916,45.7218786,152.725269,0
0,nominal,1.00,1.00,15000,370966,14.7004,10.9158,18.3100096,-3.66134,-7.42956,204.111,204.278986,-17.9379847,-36.3996061,1
0,nominal,1.00,1.00,15000,373616,175.121,-91.6792,197.667499,14.8053,-10.0945,192.784,193.614996,76.7973483,-52.3617105,0
0,nominal,1.00,1.00,15000,378840,17.3273,187.946,188.743038,9.17383,6.83154,203.56,203.881099,45.0669581,33.5603262,0
0,nominal,1.00,1.00,15000,381956,149.54,-87.2957,173.15528,14.4249,-17.5053,201.818,203.088696,71.4747941,-86.7380511,0
0,nominal,1.00,1.00,15000,383965,27.5647,140.622,143.298149,-2.93121,-0.682264,199.756,199.77867,-14.6739522,-3.41548689,0
0,nominal,1.00,1.00,15000,390738,-100.316,-59.9025,116.840102,5.50066,-6.08755,203.59,203.755254,27.0183211,-29.9010266,0
0,nominal,1.00,1.00,15000,392313,-17.6499,-188.467,189.291651,-3.87132,0.740534,207.428,207.465445,-18.6634398,3.57007733,0
0,nominal,1.00,1.00,15000,394365,157.607,-2.71998,157.630469,9.82194,-5.2647,202.468,202.774453,48.5110734,-26.0026276,0
0,nominal,1.00,1.00,15000,410010,-31.8053,36.2487,48.2239086,-10.2306,0.641396,201.785,202.0452,-50.7004981,3.1786109,0
0,nominal,1.00,1.00,15000,412081,-26.0529,68.6925,73.4670889,8.9125,-0.724889,202.386,202.583442,44.037137,-3.58171514,0
0,nominal,1.00,1.00,15000,417809,-187.946,-40.949,192.355191,-7.62787,-11.4052,206.967,207.421315,-36.855489,-55.1063696,0
0,nominal,1.00,1.00,15000,417822,-51.3077,84.9724,99.2612152,1.70333,2.06003,200.163,200.180847,8.50971458,10.2917622,0
0,nominal,1.00,1.00,15000,422017,168.803,-39.1591,173.285568,50.1962,14.6561,197.926,204.717271,253.610946,74.0483817,0
0,nominal,1.00,1.00,15000,424421,136.164,-133.124,190.427504,10.582,-14.9971,197.815,198.664707,53.4944266,-75.8137654,0
0,nominal,1.00,1.00,15000,427894,134.428,-48.652,142.961199,15.9157,-4.24771,208.682,209.331148,76.2677183,-20.354942,0
0,nominal,1.00,1.00,15000,428586,-64.109,-177.452,188.67744,5.57997,-1.69201,206.296,206.378387,27.0483674,-8.20185559,0
0,nominal,1.00,1.00,15000,431980,-47.0332,1.74578,47.0655888,7.50485,-2.56852,201.522,201.678052,37.2408472,-12.7456059,0
0,nominal,1.00,1.00,15000,432179,28.0605,42.735,51.1240832,4.80902,4.3667,202.129,202.233349,23.7918359,21.6035304,0
0,nominal,1.00,1.00,15000,434532,26.0642,45.4047,52.3538853,14.1825,-27.2032,190.2,192.65824,74.5662461,-143.024185,0
0,nominal,1.00,1.00,15000,435193,-51.499,108.127,119.764749,-1.88404,2.048,196.954,196.973658,-9.56588848,10.3983671,0
0,nominal,1.00,1.00,15000,437701,20.8955,-94.2025,96.4921392,3.03394,-11.7037,207.307,207.659273,14.6350099,-56.4558843,0
0,nominal,1.00,1.00,15000,442674,-12.1426,26.5247,29.1719462,10.2417,-1.27737,203.611,203.872419,50.3003276,-6.2735805,0
0,nominal,1.00,1.00,15000,445112,-75.8944,112.963,136.090409,-4.58842,12.5724,207.216,207.647753,-22.1431743,60.672921,0
0,nominal,1.00,1.00,15000,446406,-55.0582,185.669,193.660484,-4.90347,0.629008,199.936,199.997109,-24.5251981,3.14604673,0
0,nominal,1.00,1.00,15000,447463,180.967,15.3154,181.613922,3.82483,7.25269,197.832,198.001846,19.3337276,36.6608537,0
0,nominal,1.00,1.00,15000,450359,-181.422,81.4194,198.854371,-15.2329,4.2627,198.826,199.454231,-76.6142255,21.439349,0
0,nominal,1.00,1.00,15000,450872,127.081,-48.5302,136.032205,8.19933,6.77617,190.823,191.119237,42.9682481,35.5102372,0
0,nominal,1.00,1.00,15000,451676,65.6841,-27.523,71.2173892,7.60329,2.62778,199.509,199.67112,38.1100101,13.1712354,0
0,nominal,1.00,1.00,15000,452564,-68.3287,44.7069,81.6548722,-15.3207,-3.17025,202.853,203.455435,-75.5261199,-15.6283121,0
0,nominal,1.00,1.00,15000,453068,133.57,5.21322,133.671697,12.8209,4.90881,199.393,199.865055,64.2996494,24.618768,0
0,nominal,1.00,1.00,15000,455085,132.723,128.711,184.883521,4.74791,15.5945,190.858,191.552884,24.8766622,81.7073426,0
0,nominal,1.00,1.00,15000,455356,131.067,-17.3064,132.204652,9.27509,4.35448,205.428,205.683378,45.1500769,21.1971104,0
0,nominal,1.00,1.00,15000,455466,-38.8413,85.5873,93.9884701,-3.15544,2.84951,204.823,204.867122,-15.4056917,13.9120607,0
0,nominal,1.00,1.00,15000,456284,19.5378,95.0576,97.0446956,-6.97292,-0.116844,207.791,207.907996,-33.5573726,-0.562315018,0
0,nominal,1.00,1.00,15000,472523,15.3029,-15.897,22.0656601,3.11345,14.6613,202.528,203.081851,15.3729361,72.3914718,0
0,nominal,1.00,1.00,15000,475235,16.4744,-132.544,133.563909,12.9996,0.333477,206.841,207.249367,62.8482748,1.61223839,0
0,nominal,1.00,1.00,15000,481350,-65.8153,58.3205,87.937105,-11.3157,1.69979,201.604,201.92847,-56.1283506,8.43133073,0
0,nominal,1.00,1.00,15000,485020,-89.9647,-136.745,163.685193,0.810095,-5.51918,208.098,208.172753,3.89285337,-26.5220233,0
0,nominal,1.00,1.00,15000,485966,71.144,32.9447,78.4016709,5.79352,-2.53057,208.801,208.896688,27.7466104,-12.1195301,0
0,nominal,1.00,1.00,15000,486644,91.3829,-1.45893,91.3945452,36.2207,-24.9761,188.503,193.569434,192.149197,-132.497096,0
0,nominal,1.00,1.00,15000,490002,16.5954,-109.69,110.938286,-7.05955,-0.615677,194.22,194.349234,-36.3482134,-3.16999794,0
0,nominal,1.00,1.00,15000,494567,-19.1886,-25.0873,31.5844106,-6.16836,-15.8707,200.065,200.788277,-30.8317797,-79.3277185,0
0,nominal,1.00,1.00,15000,497687,25.1644,64.1321,68.8924762,0.505567,-0.155784,205.007,205.007683,2.46609628,-0.759896004,0
0,nominal,1.00,1.00,15000,500236,-120.643,151.98,194.042918,5.27817,0.227104,206.886,206.953443,25.5124561,1.09772532,0
0,nominal,1.00,1.00,15000,500991,-10.3351,-79.173,79.8447132,3.64954,1.72373,200.334,200.374654,18.2172771,8.60428085,0
0,nominal,1.00,1.00,15000,502548,149.292,13.0401,149.86042,58.3573,2.82641,197.545,206.003859,295.412691,14.3076767,0
0,nominal,1.00,1.00,15000,511954,-100.459,12.9808,101.294185,-5.69202,-0.547149,190.046,190.132008,-29.9507488,-2.87903455,0
0,nominal,1.00,1.00,15000,512440,-131.895,65.3252,147.185844,-13.413,4.50023,195.876,196.386272,-68.4769957,22.9748923,0
0,nominal,1.00,1.00,15000,517654,-87.3519,-103.621,135.527363,-5.71974,1.61782,200.852,200.939938,-28.4773863,8.05478661,0
0,nominal,1.00,1.00,15000,518487,-56.8516,157.15,167.117405,-8.16684,4.42285,195.98,196.199947,-41.6718032,22.5678641,0
0,nominal,1.00,1.00,15000,520817,3.47222,-33.2233,33.4042508,-4.11482,-0.504633,194.24,194.284235,-21.1842051,-2.59798703,0
0,nominal,1.00,1.00,15000,521794,-58.208,156.083,166.583535,1.59367,2.40121,209.376,209.395833,7.61152186,11.4684109,0
0,nominal,1.00,1.00,15000,523372,45.8574,-183.085,188.740611,2.69951,1.08764,201.471,201.49202,13.3990004,5.39849408,0
0,nominal,1.00,1.00,15000,525809,16.5862,30.7501,34.9380978,8.36432,-0.636808,205.197,205.368391,40.7623893,-3.1033982,0
0,nominal,1.00,1.00,15000,526427,16.9921,186.887,187.657886,-4.23319,8.51713,193.264,193.497894,-21.9036655,44.0699251,0
0,nominal,1.00,1.00,15000,531061,-63.8721,110.479,127.613693,2.6869,8.27897,192.032,192.22916,13.9919388,43.11245,0
0,nominal,1.00,1.00,15000,533241,-175.918,-28.5948,178.226837,-11.3746,4.0861,198.655,199.022327,-57.2580605,20.5688254,0
0,nominal,1.00,1.00,15000,540478,-37.9346,-82.2888,90.6117017,6.53839,0.532721,207.418,207.521712,31.5227704,2.56834508,0
0,nominal,1.00,1.00,15000,542430,-38.9223,-157.511,162.248761,-7.09284,0.798061,194.665,194.79581,-36.4361339,4.09966352,0
0,nominal,1.00,1.00,15000,543065,12.9578,-124.955,125.625064,-0.736152,-6.82622,199.013,199.131397,-3.69901464,-34.3003723,0
0,nominal,1.00,1.00,15000,543322,99.9528,-151.507,181.507392,18.1634,-20.0503,195.033,196.900469,93.1298806,-102.804654,0
0,nominal,1.00,1.00,15000,544588,24.5538,-149.772,151.771345,-1.82499,0.75536,199.278,199.287788,-9.15801042,3.79048365,0
0,nominal,1.00,1.00,15000,544594,-106.206,135.939,172.508336,-14.0735,18.6031,191.581,192.995902,-73.4597899,97.103053,0
0,nominal,1.00,1.00,15000,545049,79.6568,-81.2747,113.801505,25.158,-26.7691,192.567,196.039688,130.645438,-139.011876,0
0,nominal,1.00,1.00,15000,551595,-19.4581,-138.2,139.563096,2.27889,-2.4447,197.217,197.245317,11.5552412,-12.3959902,0
0,nominal,1.00,1.00,15000,555547,92.8092,-102.758,138.465715,1.74989,-2.26272,204.975,204.994958,8.53708989,-11.0390048,0
0,nominal,1.00,1.00,15000,555551,32.382,-25.3305,41.1123844,-0.843818,-2.09976,192.467,192.480303,-4.38422171,-10.9097144,0
0,nominal,1.00,1.00,15000,557050,-7.95851,-46.652,47.3259652,-4.90912,-0.150207,192.448,192.510661,-25.5088128,-0.780506942,0
0,nominal,1.00,1.00,15000,560160,112.67,-13.2578,113.447337,13.7675,-13.6122,196.183,197.136008,70.1768247,-69.3852169,0
0,nominal,1.00,1.00,15000,568091,-11.2195,-21.4356,24.1942582,4.89349,1.17234,199.63,199.693409,24.5127987,5.87256424,0
0,nominal,1.00,1.00,15000,574533,35.5025,-18.0796,39.8409267,6.15984,2.53566,193.597,193.711568,31.8178484,13.0976203,0
0,nominal,1.00,1.00,15000,581225,63.3423,183.112,193.75823,11.3643,7.25667,206.031,206.47174,55.1582043,35.2212531,0
0,nominal,1.00,1.00,15000,585589,22.1465,98.2903,100.754407,12.0441,-1.69306,203.487,203.850156,59.1885477,-8.32023667,0
0,nominal,1.00,1.00,15000,588248,26.6397,-122.818,125.673922,3.70863,-17.0023,197.716,198.480349,18.757359,-85.9935463,0
0,nominal,1.00,1.00,15000,591597,-122.052,154.483,196.879882,-5.43318,-0.479507,201.728,201.801723,-26.9331972,-2.37699774,0
0,nominal,1.00,1.00,15000,593033,-99.6314,-130.168,163.921091,2.03247,-2.53015,203.262,203.287907,9.99926204,-12.4477276,0
0,nominal,1.00,1.00,15000,595016,-37.8663,-159.782,164.207625,-1.94984,-8.65197,190.295,190.501563,-10.2464069,-45.4660921,0
0,nominal,1.00,1.00,15000,606154,19.0471,91.8654,93.8192077,1.52124,15.4033,196.201,196.81059,7.7534773,78.5077548,0
0,nominal,1.00,1.00,15000,612374,17.6175,-1.01866,17.6469254,-5.19121,1.82441,208.452,208.524611,-24.9036229,8.75218276,1
0,nominal,1.00,1.00,15000,613946,-44.7959,-20.6656,49.3329472,-0.756708,-0.0704423,191.962,191.963504,-3.94196768,-0.366959607,0
0,nominal,1.00,1.00,15000,614466,38.6851,24.5447,45.8146184,-2.76544,1.42243,199.536,199.560232,-13.8593537,7.12868856,0
0,nominal,1.00,1.00,15000,615627,26.2386,-98.8283,102.252125,1.42453,-0.177184,197.153,197.158226,7.22550506,-0.898713182,0
0,nominal,1.00,1.00,15000,617393,-57.5909,-13.6024,59.1754767,2.15629,-1.20671,192.267,192.282878,11.2150811,-6.27622005,0
0,nominal,1.00,1.00,15000,619096,23.0499,158.931,160.593775,-0.0754891,2.13263,198.455,198.466473,-0.380383966,10.7461641,0
0,nominal,1.00,1.00,15000,620484,108.944,-64.7086,126.712265,14.7844,-3.9168,203.336,203.910394,72.7092104,-19.2626982,0
0,nominal,1.00,1.00,15000,620879,90.6137,5.65472,90.7899691,50.6311,-18.9116,198.185,205.422616,255.473926,-95.4239726,0
0,nominal,1.00,1.00,15000,623012,-138.207,-62.1107,151.521991,-7.78302,-5.75793,200.902,201.135136,-38.7403809,-28.6603916,0
0,nominal,1.00,1.00,15000,623988,-15.2386,-170.121,170.802136,10.6654,-2.03657,200.166,200.460285,53.2827753,-10.1744052,0
0,nominal,1.00,1.00,15000,629387,-128.771,-132.334,184.646305,-16.1074,-12.3597,198.602,199.637083,-81.1039164,-62.2335123,0
0,nominal,1.00,1.00,15000,636304,-26.3405,52.1795,58.4510236,-5.55996,-1.10636,189.972,190.056565,-29.2672604,-5.82380561,0
0,nominal,1.00,1.00,15000,638021,-58.5826,-2.43838,58.6333243,-1.72648,3.17047,201.471,201.503341,-8.56937227,15.7366073,0
0,nominal,1.00,1.00,15000,641878,18.5403,-174.136,175.120214,-1.59228,-0.93213,192.93,192.938822,-8.25314881,-4.83144146,0
0,nominal,1.00,1.00,15000,646287,40.8183,-85.856,95.065169,9.16429,-0.669078,198.495,198.707566,46.1688708,-3.37075493,0
0,nominal,1.00,1.00,15000,653538,-28.3746,-122.242,125.49193,3.99569,0.236861,195.032,195.07307,20.4873559,1.2144725,0
0,nominal,1.00,1.00,15000,653541,3.82635,34.2462,34.4592973,-4.73657,1.10416,200.274,200.333046,-23.6504489,5.51324685,0
0,nominal,1.00,1.00,15000,654306,36.9759,110.794,116.801231,-7.5765,2.69565,190.015,190.185094,-39.8731679,14.1865116,0
0,nominal,1.00,1.00,15000,655322,-110.248,140.582,178.655871,3.64235,8.80139,205.989,206.209115,17.6822549,42.7274757,0
0,nominal,1.00,1.00,15000,659373,-54.9608,92.2564,107.386838,-20.8979,10.1935,196.387,197.758649,-106.41183,51.9051668,0
0,nominal,1.00,1.00,15000,661991,20.9232,-92.2268,94.5704126,-1.28965,-2.84269,196.381,196.405808,-6.56708134,-14.475382,0
0,nominal,1.00,1.00,15000,671697,49.4417,160.032,167.495441,10.9459,23.8651,199.938,201.654555,54.7464714,119.362502,0
0,nominal,1.00,1.00,15000,679446,13.1244,62.0212,63.3946301,2.33819,1.11547,206.013,206.029288,11.3497206,5.41456122,0
0,nominal,1.00,1.00,15000,680524,73.5903,-61.0452,95.6140612,-0.260128,-4.10094,201.384,201.425919,-1.29170143,-20.3637826,0
0,nominal,1.00,1.00,15000,685532,-170.307,-59.8204,180.507492,-10.2851,-2.53505,192.133,192.424789,-53.5311477,-13.1942457,0
0,nominal,1.00,1.00,15000,685584,-9.56438,-72.9054,73.5300939,-11.2041,-0.461396,191.331,191.659324,-58.5587281,-2.41150676,0
0,nominal,1.00,1.00,15000,694962,-64.5118,-94.1844,114.15986,-4.74216,-15.7599,193.494,194.192664,-24.5080468,-81.4490372,0
0,nominal,1.00,1.00,15000,700441,-80.4244,111.351,137.357669,4.34243,7.78838,200.057,200.255634,21.7059638,38.9308047,0
0,nominal,1.00,1.00,15000,701433,19.0143,-83.5586,85.6947095,-3.28349,-0.0240339,191.618,191.646132,-17.1356031,-0.125426108,0
0,nominal,1.00,1.00,15000,702575,35.8131,-69.2133,77.929834,-0.782199,-2.58203,198.363,198.381346,-3.94327067,-13.0166916,0
0,nominal,1.00,1.00,15000,704109,187.913,-15.824,188.578086,7.46065,-5.58752,198.598,198.816617,37.5665918,-28.1348251,0
0,nominal,1.00,1.00,15000,706504,-61.8678,-119.06,134.174917,1.25046,1.8888,206.917,206.929399,6.04329272,9.12829782,0
0,nominal,1.00,1.00,15000,706969,-30.6305,-140.763,144.057106,-2.38594,-23.14,202.367,203.699669,-11.7901634,-114.346707,0
0,nominal,1.00,1.00,15000,707591,-111.787,13.586,112.609559,-12.4428,-1.11751,203.588,203.970944,-61.1175511,-5.48907598,0
0,nominal,1.00,1.00,15000,708077,-45.1401,-146.529,153.324416,5.05316,-0.384048,198.257,198.321759,25.4879273,-1.93712202,0
0,nominal,1.00,1.00,15000,716245,-41.0388,81.4322,91.18874,0.735904,0.74796,198.847,198.849768,3.70085543,3.76148496,0
0,nominal,1.00,1.00,15000,721334,28.4561,-85.2445,89.8686509,7.10502,4.37386,197.859,198.034835,35.9095113,22.1059441,0
0,nominal,1.00,1.00,15000,722498,11.2394,89.4482,90.1515646,7.37655,-0.538063,196.309,196.448279,37.5762191,-2.74089828,0
0,nominal,1.00,1.00,15000,722822,-1.47826,-30.5984,30.6340878,-15.0108,-1.25924,203.081,203.638902,-73.9153343,-6.20067855,0
0,nominal,1.00,1.00,15000,726582,89.6609,115.243,146.013787,6.36175,6.91948,192.847,193.075934,32.9885868,35.8806722,0
0,nominal,1.00,1.00,15000,735468,-31.8411,-117.268,121.513948,5.07552,1.97022,207.132,207.203543,24.5037947,9.51190545,0
0,nominal,1.00,1.00,15000,735761,72.0679,-161.662,176.998261,-6.39393,-0.469882,191.609,191.716228,-33.3696747,-2.45229608,0
0,nominal,1.00,1.00,15000,738044,-22.8271,72.273,75.7922359,5.0223,-1.45448,198.877,198.945722,25.2532973,-7.31346511,0
0,nominal,1.00,1.00,15000,738316,125.634,-64.277,141.122056,11.2857,4.11361,200.976,201.33465,56.1544662,20.4681654,0
0,nominal,1.00,1.00,15000,743139,-126.629,-121.031,175.166797,0.644461,-6.08345,195.065,195.160903,3.30382693,-31.1867839,0
0,nominal,1.00,1.00,15000,743810,178.486,-12.1074,178.896175,4.67191,2.65835,191.525,191.600415,24.3932124,13.8799112,0
0,nominal,1.00,1.00,15000,744578,-157.048,-61.742,168.748774,-8.6989,-0.852204,190.682,190.882221,-45.6199327,-4.46924198,0
0,nominal,1.00,1.00,15000,748163,19.4536,-175.821,176.893942,-5.56913,0.0883639,201.591,201.667931,-27.6258861,0.438332564,0
0,nominal,1.00,1.00,15000,752035,118.386,22.1918,120.448001,25.4664,3.44291,208.402,209.980439,122.198443,16.5205228,0
0,nominal,1.00,1.00,15000,752203,-99.1272,-84.9319,130.535932,-1.19667,-5.08777,208.453,208.518514,-5.74071853,-24.4072765,0
0,nominal,1.00,1.00,15000,772027,54.9298,174.473,182.915583,4.67514,2.10358,207.766,207.829239,22.5019493,10.1247557,0
0,nominal,1.00,1.00,15000,779702,108.851,107.293,152.840859,1.11627,3.64699,201.262,201.298135,5.54635252,18.120609,0
0,nominal,1.00,1.00,15000,781954,-68.7252,53.5858,87.146951,6.54047,3.9336,201.349,201.4936,32.4832505,19.5362281,0
0,nominal,1.00,1.00,15000,787179,-149.312,-71.8866,165.715891,0.538933,4.87806,209.75,209.807408,2.56940644,23.2565435,0
0,nominal,1.00,1.00,15000,791972,-21.7946,-194.659,195.875294,-8.33371,-8.15231,193.068,193.419656,-43.1646363,-42.225071,0
0,nominal,1.00,1.00,15000,798706,-3.23711,-197.082,197.108583,-4.50328,-22.6676,207.028,208.313928,-21.7520335,-109.490504,0
0,nominal,1.00,1.00,15000,798916,18.6558,-191.432,192.338892,-3.55802,-22.4217,198.398,199.69266,-17.9337493,-113.01374,0
0,nominal,1.00,1.00,15000,800455,-73.9964,-65.558,98.860096,-9.84883,-2.83032,208.285,208.536931,-47.2853542,-13.5886886,0
0,nominal,1.00,1.00,15000,813847,73.6402,-63.4858,97.2282153,-1.28671,0.0520849,203.445,203.449076,-6.32460862,0.256014648,0
0,nominal,1.00,1.00,15000,816657,-106.299,-59.9227,122.025437,-10.769,-12.9632,202.388,203.08845,-53.2096765,-64.0512283,0
0,nominal,1.00,1.00,15000,821221,-21.4494,40.139,45.510615,8.83295,-1.36763,202.852,203.048825,43.5438152,-6.74200895,0
0,nominal,1.00,1.00,15000,823643,97.2612,89.7921,132.37206,4.27173,6.45093,208.618,208.761424,20.4763251,30.9222119,0
0,nominal,1.00,1.00,15000,824497,-78.4504,-64.657,101.661167,5.80036,1.09796,203.096,203.181778,28.5596959,5.40611337,0
0,nominal,1.00,1.00,15000,828139,-6.10704,-72.4707,72.7275621,-2.73665,1.14247,192.834,192.856802,-14.19174,5.92462947,0
0,nominal,1.00,1.00,15000,837242,12.3198,174.259,174.693951,7.48614,2.27862,204.38,204.52975,36.6285351,11.1489383,0
0,nominal,1.00,1.00,15000,847932,10.8959,-184.662,184.983175,-2.53254,-11.8015,191.092,191.472822,-13.2529881,-61.7582107,0
0,nominal,1.00,1.00,15000,852654,-6.29641,-128.925,129.07866,-12.0865,0.860763,192.442,192.8231,-62.8059363,4.47284377,0
0,nominal,1.00,1.00,15000,855248,71.6793,-75.1868,103.879627,26.5133,-19.6603,205.944,208.572322,128.740337,-95.464301,0
0,nominal,1.00,1.00,15000,858040,29.7581,147.632,150.601301,3.529,2.52501,197.596,197.643641,17.8596733,12.7786494,0
0,nominal,1.00,1.00,15000,858871,-107.377,5.05277,107.495817,-6.33525,1.03047,198.943,199.046513,-31.8445484,5.17972485,0
0,nominal,1.00,1.00,15000,859678,-25.1448,-57.6587,62.902994,0.502661,-3.44854,208.838,208.867076,2.40694222,-16.5129909,0
0,nominal,1.00,1.00,15000,864453,178.19,-3.4353,178.223111,17.2334,-1.21413,194.325,195.09144,88.6833912,-6.24793516,0
0,nominal,1.00,1.00,15000,868114,5.09851,193.862,193.929033,3.86623,17.7153,209.182,209.966399,18.4826132,84.6884531,0
0,nominal,1.00,1.00,15000,868809,-83.5917,84.1129,118.585633,-13.7992,0.701819,194.117,194.608119,-71.0870248,3.61544326,0
0,nominal,1.00,1.00,15000,880116,-110.703,21.3971,112.751896,-23.8727,0.216472,191.001,192.487232,-124.987304,1.13335532,0
0,nominal,1.00,1.00,15000,884885,107.523,-111.312,154.762905,8.26515,4.35441,194.125,194.349657,42.5764327,22.4309594,0
0,nominal,1.00,1.00,15000,885330,-30.7056,-62.1629,69.3329648,-0.448492,0.948646,203.658,203.660703,-2.20218209,4.65803455,0
0,nominal,1.00,1.00,15000,886975,-110.023,28.2652,113.595696,3.6637,26.1726,198.846,200.594515,18.4248112,131.622462,0
0,nominal,1.00,1.00,15000,888301,117.545,92.9747,149.87035,9.51606,14.3735,207.232,207.947721,45.9198386,69.3594619,0
0,nominal,1.00,1.00,15000,891691,18.1438,104.471,106.03484,-9.50031,6.39051,202.166,202.489965,-46.9926199,31.6102114,0
0,nominal,1.00,1.00,15000,892913,74.537,179.403,194.270947,-2.49231,0.92037,205.481,205.498175,-12.1291506,4.47910026,0
0,nominal,1.00,1.00,15000,893047,-89.2415,58.7546,106.846377,6.05835,2.50661,209.098,209.200766,28.9737348,11.9877282,0
0,nominal,1.00,1.00,15000,897164,-109.649,-70.8481,130.546377,-10.9756,-4.28406,205.425,205.7626,-53.4287453,-20.8546185,0
0,nominal,1.00,1.00,15000,900669,-36.5037,-80.1801,88.0986297,-2.46211,1.55051,193.972,193.993822,-12.6931207,7.99347328,0
0,nominal,1.00,1.00,15000,903497,189.344,-54.5843,197.054805,27.2607,-10.7768,204.981,207.066404,132.99135,-52.5746289,0
0,nominal,1.00,1.00,15000,904694,78.9947,61.314,99.9978461,7.73276,2.2235,199.413,199.575259,38.7776123,11.1502259,0
0,nominal,1.00,1.00,15000,904757,-2.77591,5.9837,6.59623696,6.20475,-3.47399,205.216,205.339169,30.2352156,-16.9284559,1
0,nominal,1.00,1.00,15000,907158,-105.434,-40.8819,113.082528,0.941077,-3.69954,198.757,198.793655,4.73481186,-18.6133822,0
0,nominal,1.00,1.00,15000,911321,26.9091,114.589,117.706154,37.1227,16.2209,188.538,192.841359,196.897708,86.0351759,0
0,nominal,1.00,1.00,15000,911933,175.884,-36.6651,179.664997,6.65877,3.62972,191.305,191.455261,34.8070882,18.9734717,0
0,nominal,1.00,1.00,15000,913076,4.76516,-61.799,61.9824423,-12.0016,9.61405,193.278,193.888766,-62.0950134,49.7420814,0
0,nominal,1.00,1.00,15000,920691,30.8779,96.3966,101.221288,11.4649,2.33414,198.197,198.542043,57.8459815,11.7768685,0
0,nominal,1.00,1.00,15000,922289,7.35709,-188.739,188.882336,7.20491,-3.39271,194.68,194.842818,37.0089891,-17.4271112,0
0,nominal,1.00,1.00,15000,922789,-41.1403,168.011,172.974624,3.38268,3.56823,197.616,197.677157,17.1174399,18.0563821,0
0,nominal,1.00,1.00,15000,923691,128.904,11.8704,129.449402,41.5714,-17.4553,191.571,196.805276,217.002573,-91.1166095,0
0,nominal,1.00,1.00,15000,924610,-17.1467,179.879,180.694394,8.46178,16.1728,195.597,196.446806,43.2612975,82.6842947,0
0,nominal,1.00,1.00,15000,925857,-197.201,1.9406,197.210548,-6.24183,-3.8049,191.595,191.734404,-32.578251,-19.8590777,0
0,nominal,1.00,1.00,15000,929351,-21.7816,-126.842,128.698606,10.0402,0.888739,204.929,205.17673,48.9935539,4.33681421,0
0,nominal,1.00,1.00,15000,931497,-92.6808,-69.0365,115.567162,-6.48322,4.88981,195.123,195.291903,-33.2263239,25.0601416,0
0,nominal,1.00,1.00,15000,934773,-56.826,-156.585,166.577479,-4.03166,-14.5612,202.141,202.704876,-19.944791,-72.0348668,0
0,nominal,1.00,1.00,15000,934864,-103.567,-90.9259,137.817426,-12.5971,-12.418,194.497,195.29971,-64.76758,-63.8467431,0
0,nominal,1.00,1.00,15000,937254,-64.0927,63.043,89.9015798,-2.98395,0.700298,194.317,194.341171,-15.3560934,3.60389467,0
0,nominal,1.00,1.00,15000,938133,27.559,-52.3487,59.1598248,-0.889023,-1.87753,205.74,205.750487,-4.32109945,-9.12574123,0
0,nominal,1.00,1.00,15000,938587,86.118,-91.7622,125.843598,-4.65217,-1.87315,195.799,195.863217,-23.7599273,-9.5666985,0
0,nominal,1.00,1.00,15000,942562,-116.462,84.4828,143.877521,-0.829869,6.20997,194.13,194.231072,-4.27481069,31.9887189,0
0,nominal,1.00,1.00,15000,943022,-101.557,-4.23278,101.64517,-4.43731,0.801285,197.581,197.632445,-22.4581817,4.05547598,0
0,nominal,1.00,1.00,15000,944420,99.0969,-160.735,188.827794,-1.26372,-1.27755,205.502,205.509857,-6.1494292,-6.21672782,0
0,nominal,1.00,1.00,15000,946180,105.947,-166.934,197.716279,15.6898,-16.9574,199.441,200.774589,78.6688795,-85.0246439,0
0,nominal,1.00,1.00,15000,946822,180.282,-68.792,192.960977,2.28424,-2.53489,193.74,193.770047,11.7902343,-13.0839785,0
0,nominal,1.00,1.00,15000,953470,70.0774,-87.917,112.428826,54.0159,1.52978,184.177,191.940681,293.282549,8.3060317,0
0,nominal,1.00,1.00,15000,956359,125.897,80.693,149.537336,2.61199,-5.21533,192.239,192.327469,13.5872013,-27.1294066,0
0,nominal,1.00,1.00,15000,957137,33.1444,-83.5485,89.8827186,3.20503,1.09078,199.909,199.937666,16.0324448,5.45638265,0
0,nominal,1.00,1.00,15000,962108,-58.3599,149.163,160.173276,-1.50461,-1.92217,191.817,191.832531,-7.84398672,-10.0208532,0
0,nominal,1.00,1.00,15000,965220,-39.0245,-161.246,165.901128,-3.93193,-3.02465,196.258,196.320684,-20.0344954,-15.4116011,0
0,nominal,1.00,1.00,15000,967369,-18.8835,139.264,140.538423,9.32127,-2.17745,207.174,207.395018,44.9924701,-10.5102474,0
0,nominal,1.00,1.00,15000,967768,148.544,44.786,155.148657,17.8613,20.7346,201.204,203.056641,88.772092,103.052623,0
0,nominal,1.00,1.00,15000,968429,11.6185,60.4609,61.5671176,7.34238,20.2056,197.606,198.772,37.1566653,102.251956,0
0,nominal,1.00,1.00,15000,969740,-130.762,0.325958,130.762406,3.61466,5.45605,197.813,197.92124,18.2731165,27.5818576,0
0,nominal,1.00,1.00,15000,971561,67.6359,27.6736,73.0783354,14.6711,-16.9941,204.378,205.607411,71.7841451,-83.1503391,0
0,nominal,1.00,1.00,15000,974328,190.355,-42.0215,194.938022,26.2669,-26.0028,206.488,209.76985,127.207876,-125.928868,0
0,nominal,1.00,1.00,15000,980666,-66.1575,-7.87985,66.6251217,-3.47428,2.54879,203.794,203.839548,-17.0479995,12.5066979,0
0,nominal,1.00,1.00,15000,983558,97.3786,108.801,146.014552,-1.79947,0.409295,199.58,199.588532,-9.0162842,2.05078164,0
0,nominal,1.00,1.00,15000,999535,17.9761,-54.9427,57.8086538,6.55182,3.39253,199.255,199.391551,32.8815839,17.0260721,0
0,nominal,1.00,1.00,15000,999889,-32.6687,-33.759,46.9778037,-5.96088,-7.02217,190.068,190.29106,-31.3618284,-36.9455668,0
0,nominal,1.00,1.00,15500,2485,-38.5397,-156.018,160.707575,-10.0009,2.88168,194.25,194.528621,-51.4846847,14.8349035,0
0,nominal,1.00,1.00,15500,5930,-82.3983,115.203,141.637605,-12.137,7.6806,191.426,191.96409,-63.4030905,40.1230763,0
0,nominal,1.00,1.00,15500,6346,-97.3407,-126.562,159.66575,0.596289,7.23409,205.996,206.123845,2.894663,35.1176236,0
0,nominal,1.00,1.00,15500,12234,74.1644,161.152,177.398775,15.2051,-3.31575,200.53,201.132966,75.8245649,-16.5349324,0
0,nominal,1.00,1.00,15500,18460,-74.7041,-179.858,194.755238,-6.81165,4.59432,194.431,194.604522,-35.0337652,23.6295652,0
0,nominal,1.00,1.00,15500,21298,0.0274737,-157.99,157.990002,2.23617,-15.5152,200.452,201.063985,11.1556383,-77.4010736,0
0,nominal,1.00,1.00,15500,24414,61.592,-151.579,163.614693,-5.6875,21.5276,202.288,203.509754,-28.1158546,106.420549,0
0,nominal,1.00,1.00,15500,30542,-139.29,-57.6467,150.747624,-11.6025,-0.130428,195.105,195.449728,-59.4679788,-0.668501576,0
0,nominal,1.00,1.00,15500,33486,16.1875,80.7194,82.3265248,2.17501,-3.12265,207.032,207.066971,10.5056706,-15.082934,0
0,nominal,1.00,1.00,15500,39822,13.6679,-153.447,154.054514,6.48115,-13.1681,197.263,197.808229,32.8553758,-66.7540289,0
0,nominal,1.00,1.00,15500,42075,-0.648668,-52.6664,52.6703945,-9.04233,-1.58266,197.045,197.258715,-45.8896699,-8.03197239,0
0,nominal,1.00,1.00,15500,43269,11.7808,-180.852,181.235298,3.62193,3.50677,202.889,202.951625,17.851781,17.28418,0
0,nominal,1.00,1.00,15500,55892,32.3137,59.8023,67.9741884,-1.6465,-1.23141,191.074,191.085062,-8.61708029,-6.44467588,0
0,nominal,1.00,1.00,15500,56575,62.2593,118.122,133.525381,4.42123,-2.52346,205.717,205.779978,21.4918067,-12.2666576,0
0,nominal,1.00,1.00,15500,60991,-27.2848,123.448,126.427327,4.09448,-1.86319,199.613,199.663682,20.5120909,-9.33401131,0
0,nominal,1.00,1.00,15500,71461,32.737,-164.657,167.879834,-0.296926,2.60571,206.326,206.342667,-1.43911092,12.6290918,0
0,nominal,1.00,1.00,15500,74482,-48.0365,192.36,198.267181,0.580723,-4.27973,208.187,208.231795,2.7894297,-20.5571433,0
0,nominal,1.00,1.00,15500,78377,-60.3945,4.60693,60.5699549,-6.7055,-3.53813,191.771,191.920813,-34.9661836,-18.4497656,0
0,nominal,1.00,1.00,15500,85186,25.149,180.468,182.211886,-6.53196,10.7762,191.916,192.329259,-34.0355155,56.1506076,0
0,nominal,1.00,1.00,15500,86134,-47.6982,-181.826,187.978224,-6.70827,-5.92315,204.901,205.09633,-32.7390789,-28.9073748,0
0,nominal,1.00,1.00,15500,86185,-7.36343,198.898,199.034255,-0.866336,19.6191,206.903,207.832892,-4.18716017,94.8226947,0
0,nominal,1.00,1.00,15500,87639,-130.914,138.115,190.300364,-15.9895,1.84429,190.301,190.98046,-84.0221544,9.6914362,0
0,nominal,1.00,1.00,15500,88148,-36.5644,33.5441,49.6201773,1.60004,2.75578,194.365,194.39112,8.23214056,14.1783757,0
0,nominal,1.00,1.00,15500,88261,-61.9422,-64.1847,89.1992817,-3.54362,2.94481,208.324,208.374946,-17.0101381,14.1357213,0
0,nominal,1.00,1.00,15500,90323,-99.1745,135.795,168.154285,-12.8193,-10.0591,201.216,201.87471,-63.7091484,-49.9915514,0
0,nominal,1.00,1.00,15500,99791,12.4431,-142.855,143.395892,-4.95324,6.00002,201.381,201.531243,-24.5963621,29.7943699,0
0,nominal,1.00,1.00,15500,115205,-82.9455,-21.1822,85.6074855,-3.00831,0.773805,193.826,193.850889,-15.5206732,3.99226626,0
0,nominal,1.00,1.00,15500,116381,110.038,138.919,177.219779,5.71919,13.6345,203.816,204.351586,28.0605546,66.896122,0
0,nominal,1.00,1.00,15500,120484,-80.8055,101.038,129.37622,-16.5324,-9.1561,191.349,192.279989,-86.3991973,-47.8502631,0
0,nominal,1.00,1.00,15500,121438,-101.926,-134.866,169.049541,-5.39402,4.10595,197.579,197.695259,-27.3005734,20.7813077,0
0,nominal,1.00,1.00,15500,124622,84.7284,159.362,180.485869,16.8279,18.9751,202.395,203.977863,83.1438524,93.7528101,0
0,nominal,1.00,1.00,15500,124686,-45.9125,179.19,184.978414,-8.61101,-5.01031,193.07,193.326867,-44.6004558,-25.9507433,0
0,nominal,1.00,1.00,15500,130484,19.3996,-154.791,156.001917,11.709,6.33439,203.832,204.266271,57.4443659,31.0765238,0
0,nominal,1.00,1.00,15500,134665,31.1956,70.9606,77.5149806,5.44804,1.22633,201.024,201.10155,27.1014406,6.10041587,0
0,nominal,1.00,1.00,15500,135893,-57.2302,-90.282,106.893102,-14.5252,3.73359,190.432,191.021642,-76.2749958,19.6058961,0
0,nominal,1.00,1.00,15500,140848,-109.763,-54.404,122.505965,-21.0276,-8.25263,191.857,193.182231,-109.600379,-43.0144847,0
0,nominal,1.00,1.00,15500,143475,-47.0566,102.432,112.723725,-2.84945,-8.05894,209.48,209.654326,-13.6024919,-38.4711667,0
0,nominal,1.00,1.00,15500,146744,-118.752,-56.7558,131.61785,-15.5757,5.21502,197.474,198.155948,-78.8746873,26.4086411,0
0,nominal,1.00,1.00,15500,149756,-115.362,-125.966,170.809321,-14.4549,1.53517,207.447,207.955665,-69.6799664,7.40029984,0
0,nominal,1.00,1.00,15500,157015,-65.4189,62.4087,90.4128216,-11.6034,11.9261,200.613,201.301879,-57.8397213,59.448291,0
0,nominal,1.00,1.00,15500,168990,-9.53753,-9.96396,13.7929322,-4.11797,1.77426,202.519,202.568633,-20.3337465,8.76095576,1
0,nominal,1.00,1.00,15500,169209,-77.9014,90.2234,119.201049,-13.153,-7.47577,195.555,196.139355,-67.2598502,-38.2284779,0
0,nominal,1.00,1.00,15500,169630,51.919,-158.645,166.92459,11.4193,9.27473,198.752,199.295706,57.4550193,46.6648386,0
0,nominal,1.00,1.00,15500,177107,-15.8386,-160.444,161.223877,-0.414444,2.14045,200.213,200.22487,-2.07001543,10.6908642,0
0,nominal,1.00,1.00,15500,178143,-113.345,-100.3,151.351178,-5.72735,7.47213,198.006,198.229693,-28.9251336,37.7368868,0
0,nominal,1.00,1.00,15500,182160,146.04,-39.3018,151.235952,6.99918,0.219054,192.573,192.700277,36.3455936,1.13751149,0
0,nominal,1.00,1.00,15500,187070,-145.689,11.5917,146.149417,-5.29086,10.1603,207.857,208.172422,-25.4543268,48.881202,0
0,nominal,1.00,1.00,15500,188149,35.4382,-98.4676,104.650534,11.5016,-24.2555,189.196,191.090927,60.7919829,-128.203028,0
0,nominal,1.00,1.00,15500,190720,-152.711,54.7753,162.237428,-10.6008,1.16848,205.245,205.521902,-51.6494921,5.69309849,0
0,nominal,1.00,1.00,15500,192176,-166.053,5.23389,166.135464,-13.0795,0.653377,201.231,201.656678,-64.9974408,3.24690033,0
0,nominal,1.00,1.00,15500,192268,97.0912,-149.328,178.116683,13.1469,-3.80405,208.157,208.606444,63.1585774,-18.2749079,0
0,nominal,1.00,1.00,15500,196905,-6.6739,-136.984,137.146481,-6.50918,8.64159,206.951,207.233595,-31.4527593,41.756696,0
0,nominal,1.00,1.00,15500,197775,-11.3325,-25.5502,27.95064,-2.17527,3.34788,199.499,199.538946,-10.9036637,16.7814375,0
0,nominal,1.00,1.00,15500,205827,83.5594,-114.377,141.648408,2.57917,-1.40838,206.359,206.379923,12.4984614,-6.82490223,0
0,nominal,1.00,1.00,15500,206527,-5.3801,-118.558,118.68001,6.1202,6.18243,203.403,203.588948,30.0890351,30.3949794,0
0,nominal,1.00,1.00,15500,208836,187.089,34.0286,190.158459,44.2654,-16.7305,202.121,207.58669,219.004458,-82.7746746,0
0,nominal,1.00,1.00,15500,211351,169.32,46.1497,175.496602,11.7529,23.3813,196.14,197.878032,59.9209748,119.207199,0
0,nominal,1.00,1.00,15500,212018,-166.795,24.2695,168.551418,-13.1984,2.64255,208.03,208.465013,-63.4446955,12.7027352,0
0,nominal,1.00,1.00,15500,221055,41.8719,-179.688,184.502123,7.25467,8.96924,199.742,200.074846,36.3202031,44.9041263,0
0,nominal,1.00,1.00,15500,222287,95.2847,132.958,163.575682,6.22107,1.08585,190.615,190.719582,32.6368334,5.69656113,0
0,nominal,1.00,1.00,15500,250126,-93.3939,127.681,158.192472,-3.8273,1.61091,203.029,203.071461,-18.8510016,7.93438376,0
0,nominal,1.00,1.00,15500,251411,5.94993,-59.1406,59.4391473,9.54535,-1.01174,203.636,203.862105,46.8745703,-4.96837494,0
0,nominal,1.00,1.00,15500,256127,19.0786,-146.288,147.526852,10.2628,6.53372,201.934,202.30016,50.822546,32.3557202,0
0,nominal,1.00,1.00,15500,256385,-38.4928,-51.0456,63.9323778,-7.7884,1.75347,203.51,203.666526,-38.2703553,8.6161368,0
0,nominal,1.00,1.00,15500,259096,92.7066,-51.4645,106.033525,4.59643,3.32457,206.437,206.514927,22.2655338,16.1045258,0
0,nominal,1.00,1.00,15500,259772,-19.8206,153.73,155.002481,-5.41635,-3.39667,198.322,198.425023,-27.3108884,-17.1270459,0
0,nominal,1.00,1.00,15500,263152,18.3884,70.6344,72.9887095,5.31562,-5.67848,207.886,208.031464,25.5698796,-27.3153555,0
0,nominal,1.00,1.00,15500,266117,136.351,95.338,166.375868,10.1945,-6.49951,196.784,197.155051,51.805533,-33.0286507,0
0,nominal,1.00,1.00,15500,266234,-16.8576,-61.3396,63.6138759,-9.75681,3.02597,197.277,197.541303,-49.4574127,15.3386862,0
0,nominal,1.00,1.00,15500,267634,5.25546,-42.2947,42.6199661,5.38998,2.42948,195.264,195.353485,27.6035521,12.4420272,0
0,nominal,1.00,1.00,15500,271896,13.6624,-111.877,112.708138,1.29973,5.21284,200.327,200.399027,6.48804205,26.0216546,0
0,nominal,1.00,1.00,15500,278454,-54.6153,40.501,67.9938379,-6.91278,-4.79661,200.785,200.961216,-34.4287671,-23.8892846,0
0,nominal,1.00,1.00,15500,282840,120.062,-68.743,138.349138,18.4522,-6.51335,194.791,195.7714,94.7281959,-33.4376332,0
0,nominal,1.00,1.00,15500,285194,-168.665,59.3655,178.807564,-22.0312,-13.4824,190.651,192.392704,-115.557747,-70.7176988,0
0,nominal,1.00,1.00,15500,286847,131.867,83.2566,155.950528,12.8124,2.11634,201.344,201.762342,63.634377,10.5110656,0
0,nominal,1.00,1.00,15500,290634,68.7252,158.477,172.73712,1.87451,-3.84898,190.417,190.465121,9.8442366,-20.2134263,0
0,nominal,1.00,1.00,15500,290843,67.2585,186.95,198.680669,9.06578,5.87218,204.372,204.657238,44.3592077,28.732801,0
0,nominal,1.00,1.00,15500,295732,51.4461,-86.2532,100.430651,7.0719,2.99184,209.535,209.675652,33.7504474,14.2784738,0
0,nominal,1.00,1.00,15500,298367,82.7855,-92.846,124.393805,8.2274,-5.64073,201.702,201.94852,40.7898781,-27.9656622,0
0,nominal,1.00,1.00,15500,307254,-102.839,142.354,175.614695,-4.31373,-4.91845,203.981,204.085883,-21.1477049,-24.1122948,0
0,nominal,1.00,1.00,15500,308905,-87.3408,-151.692,175.039648,-12.6993,7.09085,198.028,198.561429,-64.1288101,35.8073101,0
0,nominal,1.00,1.00,15500,309200,97.9512,-52.0172,110.906387,-3.59497,16.1586,199.773,200.457666,-17.9952746,80.8848043,0
0,nominal,1.00,1.00,15500,313726,-38.9583,-178.781,182.976488,-5.79607,-5.25184,201.915,202.066433,-28.7054949,-26.0101528,0
0,nominal,1.00,1.00,15500,317570,-61.5081,13.0871,62.8849628,-10.433,-2.81702,203.947,204.233107,-51.1554472,-13.8125101,0
0,nominal,1.00,1.00,15500,318783,7.91908,67.5335,67.9962164,-1.0464,-2.40641,191.58,191.59797,-5.46194801,-12.5608623,0
0,nominal,1.00,1.00,15500,320225,-137.474,101.54,170.907789,-17.9226,0.346641,199.714,200.516886,-89.7413301,1.73568703,0
0,nominal,1.00,1.00,15500,321021,2.28613,92.8291,92.8572463,-7.71769,-20.8305,202.049,203.266502,-38.1971205,-103.096279,0
0,nominal,1.00,1.00,15500,322046,2.12822,146.826,146.841423,8.71391,18.0197,195.32,196.342925,44.613506,92.2573213,0
0,nominal,1.00,1.00,15500,325296,-15.3787,-80.3151,81.7741995,-1.85756,-5.39678,192.445,192.529618,-9.65242017,-28.0432331,0
0,nominal,1.00,1.00,15500,326546,-8.47799,19.5791,21.335826,-7.91311,-13.9189,203.765,204.393073,-38.8344907,-68.3085908,0
0,nominal,1.00,1.00,15500,332236,18.1518,3.7866,18.5425506,0.507707,-3.16108,205.576,205.600929,2.46968031,-15.3766977,1
0,nominal,1.00,1.00,15500,332372,180.855,47.0282,186.869427,5.10848,18.2365,189.71,190.652959,26.9278372,96.1283011,0
0,nominal,1.00,1.00,15500,333598,-2.88623,81.9802,82.0309912,6.55575,-2.021,204.368,204.483109,32.0781629,-9.88902372,0
0,nominal,1.00,1.00,15500,337839,174.461,-44.6829,180.092204,20.9996,-3.61639,206.766,207.861108,101.562152,-17.4902547,0
0,nominal,1.00,1.00,15500,343190,18.8957,146.228,147.443804,0.123622,-2.22556,204.549,204.561144,0.604363747,-10.880327,0
0,nominal,1.00,1.00,15500,345121,31.5849,-186.994,189.642722,4.09054,5.72315,200.162,200.285579,20.4361467,28.59259,0
0,nominal,1.00,1.00,15500,351807,-115.994,-40.6102,122.897504,-15.4237,-0.137987,191.221,191.842072,-80.659028,-0.721610074,0
0,nominal,1.00,1.00,15500,352155,-136.796,88.8435,163.114417,-3.53437,-8.52048,203.504,203.712956,-17.3675702,-41.8688576,0
0,nominal,1.00,1.00,15500,353514,-16.7178,-188.491,189.230922,0.0905736,-14.1976,191.858,192.382619,0.472086647,-74.0005629,0
0,nominal,1.00,1.00,15500,358188,-125.473,-40.5997,131.878009,-8.11435,-0.711363,206.806,206.966351,-39.2365309,-3.43975997,0
0,nominal,1.00,1.00,15500,359010,-139.269,122.612,185.552033,-2.57077,-3.88588,207.728,207.780247,-12.3756547,-18.7065778,0
0,nominal,1.00,1.00,15500,359140,129.757,19.3097,131.185912,13.1138,-3.53342,205.426,205.874472,63.8370995,-17.2004517,0
0,nominal,1.00,1.00,15500,361430,75.5493,48.9892,90.0424258,11.0388,11.8217,206.804,207.435537,53.3780778,57.1637879,0
0,nominal,1.00,1.00,15500,361671,-48.0566,31.7769,57.6125696,-2.55359,-3.6576,202.852,202.901042,-12.5884389,-18.0308797,0
0,nominal,1.00,1.00,15500,364864,-133.531,-6.88827,133.70855,-21.6822,5.09995,188.855,190.163977,-114.808716,27.0045802,0
0,nominal,1.00,1.00,15500,366243,48.748,-14.7872,50.9414251,-0.0446253,3.45405,204.422,204.451184,-0.218299889,16.8966647,0
0,nominal,1.00,1.00,15500,367087,-161.14,111.071,195.711182,-12.1309,-0.818596,195.122,195.500444,-62.170847,-4.19530345,0
0,nominal,1.00,1.00,15500,369141,31.2206,179.98,182.667803,9.69028,21.5638,190.586,192.046667,50.8446581,113.144722,0
0,nominal,1.00,1.00,15500,370966,6.06499,-7.32573,9.51054277,-3.26783,-7.33698,204.121,204.278958,-16.0092788,-35.9442684,1
0,nominal,1.00,1.00,15500,383965,21.0442,134.199,135.838985,-1.87015,-7.04279,199.645,199.777938,-9.36737709,-35.2765659,0
0,nominal,1.00,1.00,15500,390738,-89.901,-72.582,115.543656,1.27381,-2.84801,203.731,203.754887,6.25241127,-13.9792668,0
0,nominal,1.00,1.00,15500,392313,-27.7381,-180.61,182.727596,-5.02509,9.25653,207.198,207.46553,-24.252599,44.6748038,0
0,nominal,1.00,1.00,15500,394365,187.624,-15.4283,188.257265,18.0057,-4.74438,201.917,202.773739,89.1737694,-23.4966843,0
0,nominal,1.00,1.00,15500,399212,127.262,1.79147,127.274609,-5.75482,0.460803,201.424,201.50672,-28.5706768,2.28772639,0
0,nominal,1.00,1.00,15500,406255,78.5574,-108.878,134.259763,6.36278,-22.1649,191.585,192.967821,33.2112639,-115.692251,0
0,nominal,1.00,1.00,15500,410010,-58.6884,36.6185,69.1754497,-12.5593,-1.04236,201.652,202.04542,-62.2820503,-5.16910321,0
0,nominal,1.00,1.00,15500,412081,-4.52259,64.6409,64.798918,8.41572,-3.80489,202.373,202.583644,41.5851917,-18.8013717,0
0,nominal,1.00,1.00,15500,417822,-48.7217,87.1654,99.8579542,-0.560638,-1.98249,200.17,200.180602,-2.80080931,-9.90403157,0
0,nominal,1.00,1.00,15500,427894,177.626,-57.2252,186.616504,23.4479,-1.85869,208.005,209.330692,112.727579,-8.93579481,0
0,nominal,1.00,1.00,15500,428586,-52.4721,-175.646,183.316226,3.00679,6.57616,206.252,206.378715,14.5782344,31.8841029,0
0,nominal,1.00,1.00,15500,431980,-29.6745,-4.57167,30.0245919,5.91328,-2.44098,201.576,201.677488,29.3352383,-12.1094773,0
0,nominal,1.00,1.00,15500,432179,41.1102,51.9319,66.2342116,6.5115,2.07849,202.118,202.233542,32.2163291,10.2835472,0
0,nominal,1.00,1.00,15500,434532,65.0113,-26.3899,70.1633519,16.6355,-26.9547,190.036,192.657668,87.5386769,-141.839967,0
0,nominal,1.00,1.00,15500,435193,-58.1501,109.554,124.030291,-4.45758,-3.02865,196.9,196.973736,-22.6388014,-15.3816658,0
0,nominal,1.00,1.00,15500,437701,28.9992,-118.889,122.374621,4.22703,-6.50338,207.514,207.658908,20.3698546,-31.3394759,0
0,nominal,1.00,1.00,15500,442674,13.046,22.5663,26.0659934,10.5024,-2.38382,203.588,203.872648,51.5865375,-11.7090398,0
0,nominal,1.00,1.00,15500,445112,-89.5443,139.157,165.477649,-8.3979,6.50324,207.376,207.647832,-40.4960073,31.3596559,0
0,nominal,1.00,1.00,15500,446406,-69.4421,181.027,193.889092,-7.92328,-7.81081,199.687,199.996713,-39.6784968,-39.1152654,0
0,nominal,1.00,1.00,15500,447463,197.031,32.8282,199.747104,12.5991,5.99877,197.509,198.001332,63.7900045,30.3721349,0
0,nominal,1.00,1.00,15500,450872,153.582,-29.4414,156.378473,14.9183,8.35171,190.353,191.119259,78.3717619,43.8748536,0
0,nominal,1.00,1.00,15500,451676,87.3424,-20.1403,89.6344048,11.3198,3.65193,199.317,199.671583,56.7929479,18.3222204,0
0,nominal,1.00,1.00,15500,452564,-109.097,35.5979,114.757858,-19.787,-4.89275,202.432,203.455595,-97.7464037,-24.1698447,0
0,nominal,1.00,1.00,15500,453068,170.897,17.1601,171.756379,20.1394,4.30445,198.801,199.864858,101.304319,21.6520541,0
0,nominal,1.00,1.00,15500,455356,158.417,-6.33616,158.543662,16.1742,4.78211,204.991,205.683697,78.9020006,23.32839,0
0,nominal,1.00,1.00,15500,455466,-47.9676,89.6234,101.652567,-5.22603,-1.26206,204.797,204.867556,-25.5180984,-6.16249261,0
0,nominal,1.00,1.00,15500,456284,3.11056,91.6959,91.7486439,-6.60928,-4.44744,207.755,207.907677,-31.8128565,-21.4071382,0
0,nominal,1.00,1.00,15500,472523,23.6411,20.1899,31.0891246,4.08279,14.2127,202.542,203.081097,20.1577451,70.1716187,0
0,nominal,1.00,1.00,15500,475235,49.0047,-127.491,136.58483,14.8227,6.28644,206.623,207.249357,71.7378995,30.4246865,0
0,nominal,1.00,1.00,15500,481350,-96.6152,60.5731,114.033317,-15.3261,-1.02924,201.343,201.928087,-76.1193585,-5.11187377,0
0,nominal,1.00,1.00,15500,485020,-90.8879,-145.358,171.433831,-3.30389,1.13623,208.143,208.172321,-15.8731737,5.45889124,0
0,nominal,1.00,1.00,15500,485966,87.5922,25.9392,91.352261,9.5941,-3.81995,208.642,208.897398,45.9835508,-18.3086339,0
0,nominal,1.00,1.00,15500,490002,-1.33257,-107.44,107.448264,-6.88045,4.43611,194.177,194.349497,-35.4339082,22.8457026,0
0,nominal,1.00,1.00,15500,494567,-35.5148,-63.203,72.4977257,-7.55454,-13.4517,200.195,200.788589,-37.7359075,-67.1929868,0
0,nominal,1.00,1.00,15500,497687,27.2586,61.6547,67.4116704,1.72855,-3.06524,204.977,205.007205,8.43289735,-14.954068,0
0,nominal,1.00,1.00,15500,500236,-111.669,147.511,185.012056,0.000729899,-6.77509,206.843,206.953928,0.00352875853,-32.7547464,0
0,nominal,1.00,1.00,15500,500991,-1.41538,-72.2863,72.3001554,3.46431,5.19333,200.277,200.374272,17.2975928,25.9307359,0
0,nominal,1.00,1.00,15500,511954,-119.337,11.1183,119.853812,-10.9043,-1.08079,189.816,190.132022,-57.4466852,-5.6938825,0
0,nominal,1.00,1.00,15500,512440,-171.351,74.5307,186.858209,-20.6938,1.33843,195.288,196.385915,-105.965548,6.85362132,0
0,nominal,1.00,1.00,15500,517654,-104.848,-96.2541,142.330443,-10.3217,6.13622,200.581,200.940111,-51.4590116,30.5922296,0
0,nominal,1.00,1.00,15500,517659,22.2412,94.5844,97.1641894,12.19,25.7288,200.231,202.244952,60.879684,128.495588,0
0,nominal,1.00,1.00,15500,518487,-80.0237,162.935,181.525774,-11.5033,-2.99006,195.84,196.200336,-58.7382557,-15.2678717,0
0,nominal,1.00,1.00,15500,520817,-7.19437,-33.3482,34.115413,-4.3016,1.05024,194.234,194.284465,-22.1464831,5.4070863,0
0,nominal,1.00,1.00,15500,521794,-56.2286,156.694,166.477221,-1.01234,-4.90702,209.336,209.395952,-4.8359575,-23.4408797,0
0,nominal,1.00,1.00,15500,523372,54.2607,-174.343,182.591635,5.1118,9.31072,201.212,201.492156,25.4050454,46.2731845,0
0,nominal,1.00,1.00,15500,525809,37.8797,28.2232,47.2379158,9.81585,-1.98057,205.124,205.368276,47.8532497,-9.65547669,0
0,nominal,1.00,1.00,15500,531061,-58.9615,127.746,140.696478,-0.0301,2.53646,192.212,192.228737,-0.156597923,13.1961584,0
0,nominal,1.00,1.00,15500,540478,-23.1511,-78.3429,81.6920034,5.27545,4.25637,207.411,207.521734,25.4347648,20.5214285,0
0,nominal,1.00,1.00,15500,542430,-58.8697,-150.113,161.243773,-9.55132,7.84068,194.404,194.796353,-49.1312936,40.3318862,0
0,nominal,1.00,1.00,15500,543065,11.5108,-137.571,138.051724,-0.19703,-0.575977,199.13,199.13093,-0.989454125,-2.89246723,0
0,nominal,1.00,1.00,15500,544588,20.7407,-142.847,144.344872,-0.813175,7.52295,199.144,199.287703,-4.08335175,37.7764331,0
0,nominal,1.00,1.00,15500,551595,-14.2464,-139.566,140.291227,1.55695,4.05691,197.198,197.245871,7.89536405,20.5727746,0
0,nominal,1.00,1.00,15500,555547,100.234,-104.834,145.04145,6.23848,2.5658,204.884,204.995013,30.4488393,12.5231839,0
0,nominal,1.00,1.00,15500,555551,31.2963,-29.7985,43.2135279,0.60227,-0.769137,192.478,192.480479,3.12903293,-3.99597357,0
0,nominal,1.00,1.00,15500,557050,-21.235,-45.4081,50.1280438,-5.70445,1.98295,192.416,192.510753,-29.6464431,10.3055359,0
0,nominal,1.00,1.00,15500,560160,152.291,-46.948,159.363306,20.1475,-11.9643,195.738,197.135565,102.930959,-61.1240536,0
0,nominal,1.00,1.00,15500,568091,0.874264,-17.8289,17.8503225,4.77157,2.05424,199.626,199.693584,23.9025478,10.2904431,1
0,nominal,1.00,1.00,15500,571160,96.3859,28.2416,100.438188,39.1652,-21.4854,196.553,201.565416,199.26025,-109.310975,0
0,nominal,1.00,1.00,15500,574533,52.9642,-11.0268,54.099878,8.35345,3.14227,193.506,193.711709,43.1689457,16.2386179,0
0,nominal,1.00,1.00,15500,585589,53.0252,90.9932,105.315879,14.0735,-5.98885,203.276,203.850587,69.233456,-29.4616679,0
0,nominal,1.00,1.00,15500,588248,37.0295,-160.859,165.066053,5.19372,-10.0347,198.159,198.480879,26.2098618,-50.6396379,0
0,nominal,1.00,1.00,15500,593033,-97.8757,-131.961,164.296556,-2.47198,3.60882,203.24,203.287068,-12.1628616,17.7564456,0
0,nominal,1.00,1.00,15500,595016,-44.3907,-176.457,181.954959,-3.85194,-0.66026,190.461,190.501092,-20.2242979,-3.46664146,0
0,nominal,1.00,1.00,15500,606154,23.6204,127.246,129.419735,2.50714,9.9512,196.543,196.810729,12.7561908,50.6311596,0
0,nominal,1.00,1.00,15500,612374,5.52748,3.3153,6.44548286,-4.77606,1.72886,208.462,208.523872,-22.9109382,8.29340599,1
0,nominal,1.00,1.00,15500,613946,-48.3982,-20.1229,52.4148535,-2.92495,0.875014,191.939,191.96328,-15.2389561,4.55881296,0
0,nominal,1.00,1.00,15500,614466,32.9533,27.2155,42.7387812,-1.18017,0.186469,199.557,199.560577,-5.9139494,0.934414729,0
0,nominal,1.00,1.00,15500,615627,30.8292,-95.9018,100.735271,2.77965,4.33413,197.091,197.158245,14.1033837,21.9905018,0
0,nominal,1.00,1.00,15500,617393,-53.9234,-16.205,56.3057288,-0.361111,-0.4845,192.282,192.282949,-1.8780281,-2.51973664,0
0,nominal,1.00,1.00,15500,619096,23.6478,158.821,160.571879,1.00216,-5.28151,198.394,198.466818,5.05136244,-26.6213192,0
0,nominal,1.00,1.00,15500,620484,149.6,-72.171,166.098806,21.0681,-0.814773,202.817,203.909941,103.877387,-4.01728159,0
0,nominal,1.00,1.00,15500,623012,-162.581,-74.2051,178.714796,-14.8547,-2.57612,200.569,201.134836,-74.0627914,-12.8440587,0
0,nominal,1.00,1.00,15500,623988,11.3644,-169.396,169.776778,10.8321,5.87815,200.081,200.460205,54.1385739,29.3788516,0
0,nominal,1.00,1.00,15500,636304,-42.2039,47.4855,63.5298503,-7.2839,-3.37606,189.887,190.056638,-38.3591294,-17.7793109,0
0,nominal,1.00,1.00,15500,638021,-64.9295,5.37266,65.151404,-4.61551,3.02698,201.428,201.50361,-22.9139444,15.0276029,0
0,nominal,1.00,1.00,15500,641878,14.9955,-170.431,171.089423,-0.852301,7.08064,192.807,192.938853,-4.42048785,36.7239779,0
0,nominal,1.00,1.00,15500,646287,65.7326,-84.6452,107.17082,11.846,3.24762,198.327,198.707005,59.7296384,16.3750775,0
0,nominal,1.00,1.00,15500,653538,-18.9392,-117.419,118.9366,2.99587,5.79545,194.964,195.073124,15.3662727,29.7257442,0
0,nominal,1.00,1.00,15500,653541,-8.08115,35.8036,36.7042608,-4.94736,-0.54513,200.271,200.33284,-24.703327,-2.72196174,0
0,nominal,1.00,1.00,15500,654306,17.9869,113.808,115.220612,-6.50185,-2.60057,190.056,190.184963,-34.2101802,-13.6831776,0
0,nominal,1.00,1.00,15500,655322,-104.798,156.942,188.715161,-1.13359,1.67085,206.2,206.209885,-5.49752667,8.10305529,0
0,nominal,1.00,1.00,15500,659373,-110.989,114.78,159.665295,-25.1487,5.3722,196.08,197.759157,-128.257344,27.3980008,0
0,nominal,1.00,1.00,15500,661991,18.3036,-96.1717,97.8979962,-0.418634,1.59509,196.398,196.404923,-2.13155938,8.12172222,0
0,nominal,1.00,1.00,15500,679446,19.3332,62.658,65.5728418,3.14094,-1.7969,205.997,206.02878,15.2475036,-8.72294257,0
0,nominal,1.00,1.00,15500,680524,75.4115,-69.0094,102.221288,3.15536,-0.994079,201.399,201.426169,15.6672079,-4.9358686,0
0,nominal,1.00,1.00,15500,685584,-39.7412,-71.548,81.8442379,-12.6221,2.8723,191.221,191.658651,-66.0079175,15.0208398,0
0,nominal,1.00,1.00,15500,694962,-79.1367,-130.92,152.979292,-8.04584,-10.205,193.758,194.193306,-41.5252015,-52.668793,0
0,nominal,1.00,1.00,15500,700441,-72.0632,126.69,145.751367,0.982503,2.05518,200.243,200.255957,4.90655354,10.2634299,0
0,nominal,1.00,1.00,15500,701433,10.964,-80.6829,81.4244413,-2.67218,3.78678,191.59,191.64605,-13.9473877,19.7650191,0
0,nominal,1.00,1.00,15500,702575,35.0339,-73.2561,81.2024035,0.829433,0.782864,198.378,198.381279,4.18107351,3.94632469,0
0,nominal,1.00,1.00,15500,706504,-60.8555,-110.697,126.321881,-1.57833,7.17,206.799,206.929279,-7.63219358,34.6713475,0
0,nominal,1.00,1.00,15500,706969,-37.5358,-192.219,195.849637,-3.89087,-14.8896,203.117,203.699177,-19.1558068,-73.3055333,0
0,nominal,1.00,1.00,15500,707591,-146.659,10.459,147.031469,-18.697,-1.62503,203.105,203.970242,-92.0558332,-8.00093548,0
0,nominal,1.00,1.00,15500,708077,-33.7256,-142.481,146.418071,3.34413,6.34815,198.192,198.321837,16.8731836,32.0303039,0
0,nominal,1.00,1.00,15500,716245,-40.5647,80.5229,90.1633646,-1.13075,-3.02344,198.824,198.850202,-5.68719068,-15.2066149,0
0,nominal,1.00,1.00,15500,721334,47.7409,-71.5114,85.9829859,9.05203,7.87449,197.671,198.034772,45.7934143,39.8363442,0
0,nominal,1.00,1.00,15500,722498,30.7687,85.0511,90.4455776,8.52906,-4.55213,196.211,196.449035,43.4688167,-23.2001774,0
0,nominal,1.00,1.00,15500,722822,-39.1442,-32.6403,50.9672206,-16.2994,0.223602,202.986,203.639477,-80.2981486,1.10156365,0
0,nominal,1.00,1.00,15500,726582,109.566,128.93,169.197084,11.049,1.1976,192.756,193.076125,57.3211729,6.21303617,0
0,nominal,1.00,1.00,15500,735468,-20.4332,-108.77,110.672619,3.97601,7.17493,207.041,207.203436,19.2039741,34.6546336,0
0,nominal,1.00,1.00,15500,735761,57.6523,-157.127,167.369895,-3.53723,6.98811,191.556,191.716058,-18.465775,36.480768,0
0,nominal,1.00,1.00,15500,738044,-10.7576,66.2311,67.0990653,4.36527,-4.63407,198.844,198.945888,21.9532397,-23.3050532,0
0,nominal,1.00,1.00,15500,738316,158.548,-52.167,166.909749,18.1506,6.59562,200.407,201.335323,90.5686927,32.9111259,0
0,nominal,1.00,1.00,15500,743139,-129.298,-132.176,184.901238,-5.17493,-0.0916055,195.092,195.160643,-26.5255879,-0.469550263,0
0,nominal,1.00,1.00,15500,743810,197.296,-4.87894,197.356317,13.4583,2.97323,191.104,191.600378,70.4239576,15.5581777,0
0,nominal,1.00,1.00,15500,744578,-185.936,-61.8776,195.961816,-16.8277,1.89646,190.13,190.882647,-88.5062852,9.97454373,0
0,nominal,1.00,1.00,15500,748163,6.05467,-169.724,169.831962,-5.10735,8.10428,201.44,201.667642,-25.3541998,40.2317315,0
0,nominal,1.00,1.00,15500,752035,184.491,29.701,186.866472,33.0216,2.28211,207.355,209.980309,159.251525,11.0058113,0
0,nominal,1.00,1.00,15500,752203,-105.258,-94.2036,141.257088,-5.90588,-0.846733,208.433,208.518373,-28.3346687,-4.06237496,0
0,nominal,1.00,1.00,15500,772027,68.1808,173.848,186.739788,7.6327,-5.95308,207.604,207.829541,36.7656693,-28.67517,0
0,nominal,1.00,1.00,15500,779702,115.337,112.633,161.210472,6.29125,-1.49763,201.194,201.297909,31.2695707,-7.44371105,0
0,nominal,1.00,1.00,15500,781954,-54.5136,61.369,82.0846316,3.86344,1.15551,201.453,201.493356,19.1778728,5.73587884,0
0,nominal,1.00,1.00,15500,787179,-152.916,-58.1558,163.601345,-6.47669,7.75997,209.564,209.807614,-30.9055468,37.0291176,0
0,nominal,1.00,1.00,15500,787391,54.3067,-60.9671,81.6468306,43.184,7.18653,188.368,193.38823,229.253376,38.1515438,0
0,nominal,1.00,1.00,15500,800455,-100.469,-70.177,122.551341,-14.0884,0.30998,208.06,208.53667,-67.7131597,1.48985869,0
0,nominal,1.00,1.00,15500,813847,72.8965,-61.2579,95.2178031,2.06818,2.94166,203.417,203.448781,10.1671935,14.4612299,0
0,nominal,1.00,1.00,15500,816657,-136.86,-89.5048,163.529107,-16.5144,-9.32226,202.201,203.088341,-81.6731866,-46.1039263,0
0,nominal,1.00,1.00,15500,821221,-0.0134354,35.4925,35.4925025,8.54483,-3.09042,202.845,203.048415,42.124923,-15.2353768,0
0,nominal,1.00,1.00,15500,823643,110.809,102.142,150.703758,9.12015,1.91678,208.554,208.762118,43.7304008,9.1908091,0
0,nominal,1.00,1.00,15500,824497,-66.5629,-59.8379,89.5052732,2.58216,3.97739,203.127,203.182345,12.7120471,19.5808041,0
0,nominal,1.00,1.00,15500,828139,-13.5538,-67.0369,68.3933583,-3.2596,4.34466,192.78,192.8565,-16.908393,22.5368814,0
0,nominal,1.00,1.00,15500,837242,31.3691,174.026,176.830623,8.6729,-5.81205,204.263,204.529637,42.4594763,-28.4537581,0
0,nominal,1.00,1.00,15500,838897,-166.811,48.7738,173.795263,-20.1463,-4.31877,201.799,202.848124,-99.8334977,-21.4013449,0
0,nominal,1.00,1.00,15500,852654,-38.5257,-122.259,128.185384,-13.4311,6.61636,192.241,192.823164,-69.8659495,34.4170078,0
0,nominal,1.00,1.00,15500,855248,139.391,-119.922,183.878049,31.7835,-15.0181,205.589,208.5727,154.597279,-73.0491417,0
0,nominal,1.00,1.00,15500,858040,39.875,148.9,154.146767,5.22084,-4.38523,197.526,197.643639,26.4311534,-22.2007736,0
0,nominal,1.00,1.00,15500,858871,-127.279,7.43162,127.495776,-11.8981,0.723095,198.69,199.04724,-59.8827319,3.6393125,0
0,nominal,1.00,1.00,15500,859678,-24.7385,-63.9155,68.5360089,-0.632863,-0.551701,208.865,208.866687,-3.03000981,-2.64142389,0
0,nominal,1.00,1.00,15500,860155,89.5594,-55.5028,105.363404,-1.16827,-18.7588,207.815,208.663201,-5.62168275,-90.2668239,0
0,nominal,1.00,1.00,15500,868809,-122.761,83.1066,148.246316,-18.9038,-3.04014,193.664,194.608173,-97.6113268,-15.6980131,0
0,nominal,1.00,1.00,15500,880116,-178.428,21.2847,179.693043,-31.1355,-0.684339,189.951,192.487065,-163.913325,-3.60271333,0
0,nominal,1.00,1.00,15500,884885,133.08,-96.56,164.420558,14.0986,8.92369,193.632,194.349567,72.8113122,46.0858226,0
0,nominal,1.00,1.00,15500,885330,-32.8587,-57.822,66.5062241,-1.92892,3.70455,203.618,203.660832,-9.47322928,18.1936273,0
0,nominal,1.00,1.00,15500,886975,-104.254,91.8901,138.970094,-1.00467,22.7394,199.299,200.594569,-5.04101877,114.09691,0
0,nominal,1.00,1.00,15500,888301,144.599,124.184,190.60571,15.594,9.18571,207.158,207.947078,75.2758764,44.3415654,0
0,nominal,1.00,1.00,15500,891691,-5.15836,116.513,116.627132,-9.42738,1.11307,202.268,202.490637,-46.6083612,5.50294659,0
0,nominal,1.00,1.00,15500,892913,70.8547,175.706,189.454446,0.830939,-7.3461,205.366,205.499026,4.04613714,-35.7707702,0
0,nominal,1.00,1.00,15500,893047,-77.411,62.7311,99.6376125,2.35963,-0.389429,209.187,209.20067,11.2800031,-1.86163098,0
0,nominal,1.00,1.00,15500,897164,-140.459,-78.8848,161.094824,-16.9696,-0.84426,205.06,205.762688,-82.7543158,-4.11713645,0
0,nominal,1.00,1.00,15500,900669,-44.2625,-73.4848,85.7856907,-4.39488,5.06244,193.878,193.993871,-22.6682759,26.1114722,0
0,nominal,1.00,1.00,15500,904694,101.436,64.7706,120.351538,12.0721,-0.694803,199.208,199.574662,60.6004779,-3.48782679,0
0,nominal,1.00,1.00,15500,904757,12.515,-2.52966,12.7681011,6.57345,-3.47229,205.205,205.339619,32.0335762,-16.9210789,1
0,nominal,1.00,1.00,15500,907158,-106.631,-48.6386,117.200186,-3.91263,-1.53972,198.749,198.793472,-19.6862877,-7.74705785,0
0,nominal,1.00,1.00,15500,911321,128.093,153.15,199.656553,41.4465,10.1359,188.062,192.841553,220.387425,53.8965873,0
0,nominal,1.00,1.00,15500,913076,-26.7053,-35.237,44.2133375,-12.8104,11.6144,193.116,193.888602,-66.3352596,60.1420908,0
0,nominal,1.00,1.00,15500,920691,61.39,98.9619,116.456815,13.8658,-2.18694,198.045,198.541847,70.0133808,-11.0426418,0
0,nominal,1.00,1.00,15500,922289,26.4588,-190.797,192.622853,8.16251,5.45785,194.596,194.843573,41.945929,28.0470822,0
0,nominal,1.00,1.00,15500,922789,-33.8361,171.138,174.450843,1.73958,-4.39652,197.621,197.677554,8.80260701,-22.2472308,0
0,nominal,1.00,1.00,15500,929351,2.42015,-120.535,120.559294,9.82541,6.60863,204.835,205.176972,47.9674372,32.2631874,0
0,nominal,1.00,1.00,15500,931497,-112.891,-54.3989,125.314078,-11.422,7.57406,194.81,195.291486,-58.6314871,38.8792156,0
0,nominal,1.00,1.00,15500,934773,-68.7525,-186.792,199.043105,-6.89123,-6.31518,202.489,202.704627,-34.0326141,-31.1877682,0
0,nominal,1.00,1.00,15500,934864,-140.04,-119.313,183.974981,-18.3699,-7.45395,194.291,195.299788,-94.5483836,-38.3648754,0
0,nominal,1.00,1.00,15500,937254,-74.1671,62.6463,97.084075,-6.24753,-2.21016,194.228,194.341021,-32.1659596,-11.3792038,0
0,nominal,1.00,1.00,15500,938133,26.2733,-55.1194,61.0609085,0.330661,0.657399,205.749,205.750316,1.60710866,3.1951504,0
0,nominal,1.00,1.00,15500,938587,77.0168,-93.2764,120.963111,-1.00525,2.48725,195.844,195.862373,-5.13291191,12.7001593,0
0,nominal,1.00,1.00,15500,942562,-122.675,97.2797,156.564669,-6.31073,1.87758,194.119,194.230628,-32.5095946,9.67231441,0
0,nominal,1.00,1.00,15500,943022,-116.506,-2.09896,116.524906,-9.57373,0.926353,197.398,197.632196,-48.4996302,4.69281857,0
0,nominal,1.00,1.00,15500,944420,99.2674,-158.522,187.038074,3.30597,6.14339,205.391,205.509449,16.0959828,29.9107069,0
0,nominal,1.00,1.00,15500,956359,137.359,64.5908,151.78757,8.81278,-8.40208,191.941,192.326825,45.9140048,-43.7742848,0
0,nominal,1.00,1.00,15500,957137,42.4445,-78.0673,88.8596585,5.03288,4.79707,199.817,199.937928,25.1874465,24.0073167,0
0,nominal,1.00,1.00,15500,962108,-64.4697,139.032,153.252208,-4.4169,-8.52811,191.592,191.832563,-23.0536766,-44.5118272,0
0,nominal,1.00,1.00,15500,965220,-50.5748,-163.318,170.969528,-6.09283,4.53381,196.174,196.320952,-31.0582952,23.1111666,0
0,nominal,1.00,1.00,15500,967369,3.38204,129.565,129.609133,9.17596,-8.36237,207.024,207.395911,44.3231703,-40.3932394,0
0,nominal,1.00,1.00,15500,968429,30.8906,108.6,112.907879,8.45815,15.8113,197.961,198.771464,42.7263451,79.8707826,0
0,nominal,1.00,1.00,15500,969740,-125.968,13.8542,126.727566,-2.21315,4.9931,197.846,197.92137,-11.1862257,25.2373058,0
0,nominal,1.00,1.00,15500,971561,106.446,-14.0989,107.375649,19.03,-16.9065,204.025,205.606837,93.2728832,-82.864845,0
0,nominal,1.00,1.00,15500,980666,-77.0509,-1.47641,77.0650438,-6.85931,2.70392,203.706,203.839387,-33.6725968,13.2736395,0
0,nominal,1.00,1.00,15500,983558,96.1288,106.132,143.194789,2.63609,-4.58299,199.518,199.588038,13.2122916,-22.9703084,0
0,nominal,1.00,1.00,15500,999535,35.3379,-44.7346,57.0083469,7.94425,5.60999,199.155,199.39232,39.8897843,28.1689639,0
0,nominal,1.00,1.00,15500,999889,-49.8081,-50.7032,71.07504,-7.99923,-4.90035,190.06,190.291368,-42.0879196,-25.7831737,0
0,nominal,1.00,1.00,17000,2485,-85.9419,-123.476,150.440462,8.67367,-11.7271,193.98,194.527627,44.7142489,-60.4552016,0
0,nominal,1.00,1.00,17000,6346,-77.4554,-57.4651,96.4446821,18.8647,0.388439,205.259,206.12444,91.9068104,1.89243346,0
0,nominal,1.00,1.00,17000,12234,142.189,122.527,187.698102,-15.7266,10.556,200.24,201.133818,-78.5387535,52.7167399,0
0,nominal,1.00,1.00,17000,18460,-97.0599,-128.812,161.285943,15.5806,-10.3598,193.703,194.604555,80.4355121,-53.4829094,0
0,nominal,1.00,1.00,17000,24414,19.5494,56.3841,59.6770121,-11.7672,28.5149,201.159,203.510466,-58.4970098,141.753041,0
0,nominal,1.00,1.00,17000,33486,25.0975,51.3471,57.1525081,-3.17711,3.21498,207.018,207.067338,-15.347023,15.5299539,0
0,nominal,1.00,1.00,17000,40487,60.0836,-9.52642,60.8341324,-15.7209,-17.1454,195.782,197.15908,-80.2979845,-87.5739343,0
0,nominal,1.00,1.00,17000,42075,-49.9804,-67.7784,84.2137274,0.803869,-9.85379,197.011,197.25891,4.08032546,-50.0164458,0
0,nominal,1.00,1.00,17000,43269,28.8418,-146.269,149.085445,-2.57909,-14.4508,202.42,202.951555,-12.7412805,-71.3901788,0
0,nominal,1.00,1.00,17000,55892,17.3891,46.4997,49.6447671,-6.12396,4.39009,190.937,191.085619,-32.0731969,22.9923483,0
0,nominal,1.00,1.00,17000,56575,75.2511,93.0048,119.635366,-12.2835,8.69898,205.228,205.779223,-59.852944,42.3869063,0
0,nominal,1.00,1.00,17000,60991,-0.37697,104.673,104.673679,5.05803,10.9844,199.297,199.663554,25.3793584,55.1157318,0
0,nominal,1.00,1.00,17000,71461,25.3977,-139.693,141.983018,-6.4424,-14.6217,205.723,206.342558,-31.3158956,-71.0746975,0
0,nominal,1.00,1.00,17000,74482,-36.2528,152.023,156.285822,9.50032,14.4482,207.513,208.232206,45.7818064,69.6255174,0
0,nominal,1.00,1.00,17000,78377,-87.2046,-31.5894,92.749838,12.4002,-7.35109,191.379,191.921143,64.7939429,-38.4111632,0
0,nominal,1.00,1.00,17000,88148,-21.4713,61.0354,64.7019071,6.96902,10.2019,193.998,194.391023,35.9231538,52.5876555,0
0,nominal,1.00,1.00,17000,88261,-70.8637,-36.3876,79.6600365,11.9772,-1.45612,208.026,208.375599,57.5754954,-6.99970196,0
0,nominal,1.00,1.00,17000,90323,-150.119,33.54,153.820173,20.0494,-6.77164,200.763,201.875248,99.8660112,-33.7295219,0
0,nominal,1.00,1.00,17000,99791,-16.3432,-84.2114,85.7826327,-2.14184,-4.33371,201.473,201.530986,-10.6309034,-21.5101279,0
0,nominal,1.00,1.00,17000,115205,-85.2849,-12.9227,86.2583929,16.3381,-0.732505,193.16,193.851117,84.583247,-3.79221889,0
0,nominal,1.00,1.00,17000,120484,-157.66,2.39266,157.678155,17.5283,-9.47982,191.245,192.280416,91.653638,-49.5689822,0
0,nominal,1.00,1.00,17000,121438,-112.584,-90.5112,144.455648,20.4039,-6.24673,196.54,197.694998,103.815508,-31.7835046,0
0,nominal,1.00,1.00,17000,124686,-83.9169,124.152,149.852478,10.0965,9.58275,192.825,193.326793,52.360949,49.6966161,0
0,nominal,1.00,1.00,17000,125378,110.073,-96.2026,146.188254,-34.1443,-19.1982,198.781,202.603776,-171.768429,-96.579653,0
0,nominal,1.00,1.00,17000,130484,78.1609,-92.6063,121.181901,-4.36942,-4.82845,204.163,204.266826,-21.4016252,-23.6499758,0
0,nominal,1.00,1.00,17000,134665,55.4259,82.064,99.0279278,-6.37439,11.2253,200.687,201.101746,-31.7628446,55.9343655,0
0,nominal,1.00,1.00,17000,135893,-127.754,-48.2066,136.546552,12.7669,-1.61606,190.588,191.021965,66.9869037,-8.47933763,0
0,nominal,1.00,1.00,17000,143475,-54.3397,27.8265,61.0501196,9.11357,-4.68967,209.403,209.653682,43.5216783,-22.3954289,0
0,nominal,1.00,1.00,17000,149365,-133.221,-13.1816,133.871541,17.9046,-7.08758,196.273,197.215362,91.2229395,-36.1108252,0
0,nominal,1.00,1.00,17000,168990,-30.1614,7.07443,30.979955,2.01343,2.65391,202.541,202.568393,9.94085148,13.1030754,0
0,nominal,1.00,1.00,17000,169209,-136.235,12.3657,136.79505,16.2206,-6.40973,195.363,196.139986,83.0280043,-32.8093344,0
0,nominal,1.00,1.00,17000,169630,103.78,-63.9606,121.906713,-10.9928,1.97395,198.983,199.296193,-55.2449204,9.92019419,0
0,nominal,1.00,1.00,17000,177107,-15.1657,-138.703,139.529641,3.16701,-14.8627,199.647,200.22451,15.8630483,-74.4448952,0
0,nominal,1.00,1.00,17000,178143,-124.4,-23.8162,126.659273,22.4182,5.01458,196.894,198.229586,113.859234,25.4684246,0
0,nominal,1.00,1.00,17000,186687,46.969,-104.243,114.335865,0.467946,-32.7561,187.38,190.222095,2.49731028,-174.811079,0
0,nominal,1.00,1.00,17000,196905,-39.8463,-55.7004,68.4854889,1.4842,1.81051,207.221,207.234224,7.16240149,8.73709711,0
0,nominal,1.00,1.00,17000,197775,-21.2768,7.27241,22.4853322,2.31395,4.26095,199.48,199.53892,11.5999098,21.3602867,0
0,nominal,1.00,1.00,17000,205827,83.3824,-126.054,151.13648,-16.4537,-16.5809,205.054,206.380216,-80.2408146,-80.861139,0
0,nominal,1.00,1.00,17000,206527,28.2234,-59.0651,65.461793,0.771924,-1.06638,203.585,203.589256,3.79165459,-5.23800869,0
0,nominal,1.00,1.00,17000,216238,22.287,178.055,179.444402,-11.2733,35.7581,194.044,197.633001,-58.0966173,184.278308,0
0,nominal,1.00,1.00,17000,218436,-64.4691,98.2607,117.522041,10.9106,35.871,191.592,195.226188,56.9470542,187.22598,0
0,nominal,1.00,1.00,17000,221055,72.7422,-89.5014,115.333986,-8.76131,-1.66281,199.876,200.074838,-43.8337269,-8.31920791,0
0,nominal,1.00,1.00,17000,222287,111.7,139.389,178.62302,-19.746,17.0806,188.924,190.719504,-104.518219,90.4099003,0
0,nominal,1.00,1.00,17000,241208,149.89,-11.4961,150.330211,-8.5352,10.4707,205.385,205.828772,-41.5570757,50.9808409,0
0,nominal,1.00,1.00,17000,250126,-97.7901,140.524,171.201338,18.6346,18.269,201.388,203.071739,92.530836,90.7154349,0
0,nominal,1.00,1.00,17000,251411,56.101,-68.266,88.3604491,-1.55704,-9.38907,203.64,203.862279,-7.64604203,-46.1062169,0
0,nominal,1.00,1.00,17000,256127,70.5694,-81.6788,107.941959,-4.30465,-3.30318,202.228,202.300779,-21.2861226,-16.3339399,0
0,nominal,1.00,1.00,17000,256385,-74.02,-33.7237,81.3403242,7.73202,-2.31043,203.507,203.666937,37.9938774,-11.3530739,0
0,nominal,1.00,1.00,17000,259096,102.352,-19.5296,104.198547,-17.9494,1.07106,205.731,206.515308,-87.246939,5.20611867,0
0,nominal,1.00,1.00,17000,259772,-45.4439,118.756,127.153984,4.34914,11.0228,198.071,198.425145,21.9574799,55.6507515,0
0,nominal,1.00,1.00,17000,263152,43.5369,17.6621,46.9830974,-3.64074,-3.52867,207.97,208.031794,-17.5060826,-16.9672068,0
0,nominal,1.00,1.00,17000,266234,-67.294,-30.5908,73.9207649,3.95266,-0.629021,197.5,197.540551,20.0134684,-3.18491646,0
0,nominal,1.00,1.00,17000,267634,34.0111,-17.5527,38.2733876,-1.44698,0.316792,195.348,195.353616,-7.40719127,1.62168028,0
0,nominal,1.00,1.00,17000,271896,18.294,-60.561,63.2637744,-2.73433,-2.1861,200.369,200.39958,-13.6464723,-10.9103704,0
0,nominal,1.00,1.00,17000,278454,-83.0084,-6.45677,83.2591397,10.9052,-5.6566,200.585,200.960849,54.3669766,-28.2005135,0
0,nominal,1.00,1.00,17000,284231,60.4437,63.2932,87.5183983,-31.45,15.1645,193.095,196.226256,-162.873197,78.5338823,0
0,nominal,1.00,1.00,17000,290634,65.4974,115.67,132.926515,-13.8658,9.80756,189.706,190.464734,-73.0909934,51.6987338,0
0,nominal,1.00,1.00,17000,295732,80.4216,-57.8333,99.0571771,-10.0203,-4.00334,209.398,209.675834,-47.8528926,-19.1183297,0
0,nominal,1.00,1.00,17000,298367,113.228,-144.347,183.457451,-16.8876,-22.685,199.958,201.948018,-84.4557357,-113.448824,0
0,nominal,1.00,1.00,17000,301276,76.3735,157.33,174.887508,-16.3133,41.6034,189.473,194.671478,-86.0982831,219.574293,0
0,nominal,1.00,1.00,17000,307254,-107.638,92.6083,141.99379,20.2955,5.84789,202.99,204.085877,99.9827578,28.8087591,0
0,nominal,1.00,1.00,17000,308905,-139.801,-75.95,159.099724,18.0956,-1.20868,197.732,198.561969,91.515789,-6.11271822,0
0,nominal,1.00,1.00,17000,309200,61.7294,106.185,122.824155,-18.9493,29.062,197.432,200.457154,-95.9788687,147.200049,0
0,nominal,1.00,1.00,17000,317570,-107.617,-13.7862,108.496442,12.2236,-4.52194,203.817,204.233283,59.9734075,-22.1862749,0
0,nominal,1.00,1.00,17000,318783,0.689168,42.1575,42.1631327,-1.43677,2.68938,191.573,191.597264,-7.49985645,14.0384083,0
0,nominal,1.00,1.00,17000,321021,-39.5207,-108.591,115.559037,0.098451,-34.2665,200.357,203.266156,0.49137789,-171.027216,0
0,nominal,1.00,1.00,17000,325296,-22.9425,-134.682,136.622104,3.25562,-21.7786,191.266,192.52945,17.0214257,-113.865507,0
0,nominal,1.00,1.00,17000,326546,-49.4834,-112.997,123.356917,2.09764,-27.8608,202.475,204.393615,10.3599951,-137.601185,0
0,nominal,1.00,1.00,17000,332236,18.0025,-25.9425,31.5769427,-3.50528,-6.37524,205.472,205.600762,-17.059648,-31.0272933,0
0,nominal,1.00,1.00,17000,333598,32.5726,62.4662,70.4485657,0.304915,5.6729,204.405,204.483933,1.49171987,27.753235,0
0,nominal,1.00,1.00,17000,343190,16.2591,124.613,125.669241,-3.71742,13.1358,204.105,204.561041,-18.2132726,64.358051,0
0,nominal,1.00,1.00,17000,345121,47.4188,-129.458,137.8692,-6.57635,-9.98357,199.929,200.286108,-32.8934272,-49.9355771,0
0,nominal,1.00,1.00,17000,352155,-132.491,5.5185,132.605878,26.5972,-8.17011,201.804,203.713073,131.797189,-40.4853719,0
0,nominal,1.00,1.00,17000,358188,-148.727,-45.6013,155.560918,24.3624,-5.90862,205.442,206.965827,118.585294,-28.7605261,0
0,nominal,1.00,1.00,17000,359010,-129.335,83.5229,153.95979,27.1106,5.63955,205.927,207.780457,131.651508,27.3861611,0
0,nominal,1.00,1.00,17000,361430,122.28,157.399,199.315939,-15.4551,30.6185,204.58,207.43512,-75.5455079,149.665168,0
0,nominal,1.00,1.00,17000,361671,-54.0141,-3.41625,54.1220266,9.36429,-4.10682,202.644,202.901815,46.2105466,-20.2661811,0
0,nominal,1.00,1.00,17000,366243,40.7552,17.9751,44.5431313,-9.37793,5.67708,204.157,204.451108,-45.9348932,27.8074227,0
0,nominal,1.00,1.00,17000,370966,-12.3876,-76.9448,77.9355816,-1.03444,-16.8551,203.58,204.279174,-5.0812457,-82.7934964,0
0,nominal,1.00,1.00,17000,373678,-5.27888,185.638,185.713041,-12.0385,27.8619,207.631,209.837659,-57.9802631,134.1895,0
0,nominal,1.00,1.00,17000,383965,7.16116,64.6848,65.0799936,-3.98629,0.854234,199.737,199.778601,-19.9576944,4.27679398,0
0,nominal,1.00,1.00,17000,386939,-1.55716,115.769,115.779472,-4.70382,32.7382,204.777,207.430797,-22.9704508,159.872447,0
0,nominal,1.00,1.00,17000,390738,-68.4097,-98.992,120.329976,17.4172,-14.8286,202.467,203.755079,86.0248831,-73.2395897,0
0,nominal,1.00,1.00,17000,392313,-49.016,-93.1208,105.23332,5.6154,-2.123,207.379,207.465875,27.0779587,-10.237295,0
0,nominal,1.00,1.00,17000,399212,75.3463,6.21757,75.6024014,-24.2396,1.2088,200.04,201.506876,-121.173765,6.04279144,0
0,nominal,1.00,1.00,17000,410010,-116.909,25.6084,119.680844,11.9301,1.93986,201.684,202.045852,59.1524365,9.6183138,0
0,nominal,1.00,1.00,17000,412081,41.4536,27.7901,49.9068193,0.49426,-0.413132,202.583,202.584024,2.43979011,-2.03932215,0
0,nominal,1.00,1.00,17000,417822,-43.4855,67.185,80.0300752,9.49457,6.18543,199.86,200.180983,47.5061043,30.9488142,0
0,nominal,1.00,1.00,17000,428586,-27.117,-113.467,116.662298,10.1871,-7.3997,205.994,206.37844,49.4533821,-35.9219201,0
0,nominal,1.00,1.00,17000,431980,7.03171,-28.0731,28.9403505,5.43728,-5.90918,201.518,201.677928,26.9816096,-29.3233359,0
0,nominal,1.00,1.00,17000,432179,69.4711,71.1676,99.4538135,-8.2912,10.7247,201.779,202.233845,-41.0905,53.1507243,0
0,nominal,1.00,1.00,17000,435193,-72.1343,77.7313,106.04486,11.7051,6.22646,196.527,196.973704,59.5597551,31.682466,0
0,nominal,1.00,1.00,17000,437701,46.5562,-178.914,184.872116,-5.98272,-28.521,205.604,207.658964,-29.0982666,-138.718118,0
0,nominal,1.00,1.00,17000,442674,67.2712,-0.291739,67.2718326,-2.90914,-2.44529,203.837,203.872424,-14.2718937,-11.996301,0
0,nominal,1.00,1.00,17000,446406,-98.5898,100.761,140.970663,14.2792,3.89809,199.449,199.997486,71.5932394,19.5442945,0
0,nominal,1.00,1.00,17000,451676,134.462,15.9278,135.402084,-17.5536,5.62568,198.819,199.67166,-88.2893486,28.2954848,0
0,nominal,1.00,1.00,17000,455466,-67.9424,76.7251,102.483709,9.50047,8.04602,204.489,204.867637,46.4595651,39.3469575,0
0,nominal,1.00,1.00,17000,456284,-32.2761,50.1388,59.6292369,-0.454851,1.74757,207.9,207.907842,-2.1878355,8.40582011,0
0,nominal,1.00,1.00,17000,470249,11.6341,-1.22239,11.6981417,-16.844,-25.1077,188.893,191.297366,-89.1721768,-132.920225,1
0,nominal,1.00,1.00,17000,472523,41.7707,156.55,162.026831,-4.9778,33.4356,200.248,203.081214,-24.8581759,166.970956,0
0,nominal,1.00,1.00,17000,475235,119.031,-65.8454,136.029393,-9.97249,-1.35995,207.005,207.249536,-48.1751165,-6.56964808,0
0,nominal,1.00,1.00,17000,481350,-163.417,47.6073,170.210372,19.497,4.22216,200.94,201.927817,97.0289639,21.0120434,0
0,nominal,1.00,1.00,17000,485020,-92.7847,-132.691,161.913255,17.9528,-14.7301,206.873,208.172325,86.7817453,-71.2035887,0
0,nominal,1.00,1.00,17000,485966,124.676,-9.74085,125.055944,-16.9586,-5.07053,208.146,208.897252,-81.4745419,-24.3604489,0
0,nominal,1.00,1.00,17000,490002,-38.9382,-61.5098,72.7986189,0.88278,-2.98864,194.324,194.348986,4.54282538,-15.3796752,0
0,nominal,1.00,1.00,17000,497687,32.0833,32.4427,45.6274799,-5.30973,0.913691,204.937,205.00781,-25.9090843,4.45839941,0
0,nominal,1.00,1.00,17000,500236,-92.0837,82.3707,123.548938,21.7581,2.95478,205.786,206.954158,105.731682,14.3585084,0
0,nominal,1.00,1.00,17000,500991,17.5603,-21.4325,27.7076919,0.0816106,2.59167,200.357,200.373778,0.407325923,12.9352606,0
0,nominal,1.00,1.00,17000,517654,-142.511,-33.3859,146.369407,20.9167,2.62422,199.831,200.93985,104.671948,13.1321967,0
0,nominal,1.00,1.00,17000,518487,-127.412,126.912,179.834573,16.9773,11.4286,195.13,196.200302,87.0050735,58.569159,0
0,nominal,1.00,1.00,17000,520817,-29.7097,-22.426,37.2235376,1.75976,-1.66644,194.269,194.284117,9.05836752,-8.57800267,0
0,nominal,1.00,1.00,17000,521794,-51.8282,110.735,122.26366,11.0204,8.66879,208.926,209.395966,52.7478629,41.4921551,0
0,nominal,1.00,1.00,17000,523372,71.3062,-81.9513,108.630519,-10.9763,-0.426607,201.192,201.491643,-54.5563442,-2.12039743,0
0,nominal,1.00,1.00,17000,525809,84.2655,9.20662,84.7669531,-7.58839,-0.896921,205.226,205.368204,-36.9757731,-4.37040628,0
0,nominal,1.00,1.00,17000,531061,-48.1846,152.068,159.519379,11.7501,20.8261,190.736,192.229064,61.6039971,109.188092,0
0,nominal,1.00,1.00,17000,540478,8.45731,-38.6437,39.5583321,4.34309,-0.533503,207.475,207.521138,20.9330763,-2.5714086,0
0,nominal,1.00,1.00,17000,542430,-99.8971,-67.2137,120.403954,12.4529,0.182767,194.398,194.796536,64.0587866,0.940169138,0
0,nominal,1.00,1.00,17000,543065,8.39578,-142.447,142.694208,-2.26052,-18.039,198.3,199.131629,-11.3994957,-90.96823,0
0,nominal,1.00,1.00,17000,544588,12.5527,-68.2681,69.4125619,-3.9998,-0.795249,199.246,199.28773,-20.0746815,-3.99129217,0
0,nominal,1.00,1.00,17000,551595,-3.17746,-98.3863,98.4375959,2.67022,-7.95279,197.067,197.24548,13.5498079,-40.3557673,0
0,nominal,1.00,1.00,17000,555547,116.673,-78.0288,140.360545,-19.7009,-6.49234,203.943,204.995178,-96.6000304,-31.8340909,0
0,nominal,1.00,1.00,17000,555551,29.204,-37.3127,47.3826044,-6.13697,-5.29698,192.309,192.479796,-31.912027,-27.5441087,0
0,nominal,1.00,1.00,17000,557050,-49.1898,-24.5576,54.9791974,4.66548,-0.951039,192.452,192.510892,24.2423046,-4.94169455,0
0,nominal,1.00,1.00,17000,568091,26.6361,2.30565,26.7357036,-0.440614,2.35052,199.679,199.69332,-2.20661161,11.7714932,0
0,nominal,1.00,1.00,17000,574533,90.1146,20.9176,92.5104703,-11.0182,5.69394,193.314,193.711446,-56.9963893,29.4543592,0
0,nominal,1.00,1.00,17000,576406,-61.2036,-30.3589,68.3194223,-14.6405,-15.3546,198.548,199.678282,-73.7378367,-77.3344481,0
0,nominal,1.00,1.00,17000,585589,119.519,31.7528,123.664998,-10.8575,-2.42226,203.547,203.850764,-53.3414887,-11.9002491,0
0,nominal,1.00,1.00,17000,593033,-93.9764,-95.2714,133.821536,19.2378,-7.62969,202.231,203.287192,95.1278488,-37.7275986,0
0,nominal,1.00,1.00,17000,595016,-56.769,-180.326,189.050749,9.528,-22.211,188.962,190.501309,50.4228363,-117.542151,0
0,nominal,1.00,1.00,17000,602998,14.4838,-117.85,118.736696,-7.93827,-27.6985,200.697,202.7548,-39.553506,-138.01153,0
0,nominal,1.00,1.00,17000,612374,-20.5464,19.2825,28.1774619,-0.986981,4.1244,208.481,208.524129,-4.73415323,19.7830977,0
0,nominal,1.00,1.00,17000,613946,-56.236,-10.8621,57.2754128,9.67624,-0.412921,191.719,191.963473,50.4709497,-2.15378236,0
0,nominal,1.00,1.00,17000,614466,21.1165,28.8704,35.7687932,-6.29587,3.72403,199.426,199.560106,-31.5699558,18.6737436,0
0,nominal,1.00,1.00,17000,615627,40.5881,-52.0102,65.9731367,-6.20229,-1.94358,197.051,197.158166,-31.4755571,-9.86333487,0
0,nominal,1.00,1.00,17000,617393,-46.5592,-20.9332,51.0485844,10.4996,-3.00974,191.972,192.282472,54.6933928,-15.6780155,0
0,nominal,1.00,1.00,17000,618047,-43.338,71.1305,83.2930386,4.31252,36.009,190.923,194.336918,22.5877448,188.60483,0
0,nominal,1.00,1.00,17000,618940,39.38,-49.6192,63.3470552,-7.56023,-14.0462,204.972,205.591764,-36.8842086,-68.5274086,0
0,nominal,1.00,1.00,17000,619096,24.645,105.642,108.478607,-4.73535,7.58881,198.265,198.466682,-23.8839432,38.2760951,0
0,nominal,1.00,1.00,17000,623949,141.638,32.7365,145.371942,13.4546,-2.90645,202.822,203.288557,66.3369851,-14.330053,0
0,nominal,1.00,1.00,17000,623988,67.3737,-110.1,129.078369,-3.01308,-7.42109,200.3,200.460074,-15.0428357,-37.0498752,0
0,nominal,1.00,1.00,17000,636304,-75.4238,11.5169,76.2980248,9.00213,-2.08838,189.832,190.056802,47.4215622,-11.0012011,0
0,nominal,1.00,1.00,17000,638021,-79.3201,34.3739,86.4479223,12.7581,7.20109,200.97,201.503265,63.4826093,35.8316664,0
0,nominal,1.00,1.00,17000,641878,7.33617,-96.5236,96.8019873,-2.87493,-4.58381,192.863,192.938885,-14.9065917,-23.7671819,0
0,nominal,1.00,1.00,17000,646287,118.897,-50.2327,129.072928,-13.566,-2.49787,198.228,198.707362,-68.436346,-12.6009948,0
0,nominal,1.00,1.00,17000,653538,0.941668,-58.2479,58.2555113,3.43954,-1.2672,195.039,195.073442,17.6351396,-6.49716211,0
0,nominal,1.00,1.00,17000,653541,-33.5513,30.2571,45.1794404,1.83146,3.15813,200.3,200.333267,9.14358462,15.7669995,0
0,nominal,1.00,1.00,17000,654306,-21.5855,85.6192,88.2982515,-2.78025,7.75559,190.007,190.185538,-14.6323557,40.8173909,0
0,nominal,1.00,1.00,17000,655322,-92.553,170.327,193.848768,20.8784,21.9766,203.969,206.209194,102.360653,107.744804,0
0,nominal,1.00,1.00,17000,658094,33.6712,-112.273,117.213379,-9.1865,-32.5483,205.141,207.910109,-44.7813943,-158.663066,0
0,nominal,1.00,1.00,17000,661991,12.8051,-79.5699,80.5936696,-3.53794,-8.11111,196.206,196.405452,-18.0317625,-41.3397653,0
0,nominal,1.00,1.00,17000,679446,32.9395,45.5309,56.1967394,-3.81681,3.80897,205.958,206.028576,-18.5319822,18.4939162,0
0,nominal,1.00,1.00,17000,680524,79.9294,-77.5059,111.336757,-14.808,-10.2931,200.617,201.42593,-73.8122891,-51.3072172,0
0,nominal,1.00,1.00,17000,685584,-102.9,-40.02,110.40838,9.04547,-1.73064,191.438,191.659394,47.250128,-9.04021145,0
0,nominal,1.00,1.00,17000,700441,-54.1753,145.594,155.346632,14.1631,19.7018,198.78,200.255444,71.2501258,99.1135929,0
0,nominal,1.00,1.00,17000,701433,-5.85918,-41.0117,41.4281248,-1.86677,-1.15731,191.633,191.645587,-9.74138066,-6.03919993,0
0,nominal,1.00,1.00,17000,702575,33.599,-64.9699,73.1435623,-6.86062,-7.13413,198.134,198.381062,-34.6261621,-36.0065915,0
0,nominal,1.00,1.00,17000,704600,136.403,-74.7918,155.56218,-3.35417,13.0177,199.304,199.756841,-16.8294164,65.315799,0
0,nominal,1.00,1.00,17000,706504,-59.0228,-42.9641,73.0041424,11.813,1.98119,206.583,206.929959,57.1828272,9.59028574,0
0,nominal,1.00,1.00,17000,708077,-9.42067,-79.0898,79.6488888,6.35701,-3.30174,198.192,198.321411,32.0750081,-16.6593001,0
0,nominal,1.00,1.00,17000,716245,-39.7821,50.2041,64.0551882,7.94181,3.0646,198.668,198.850291,39.9752854,15.4257354,0
0,nominal,1.00,1.00,17000,721334,88.8956,7.39632,89.2027648,-9.88725,8.92987,197.586,198.034663,-50.0402356,45.1948519,0
0,nominal,1.00,1.00,17000,722498,72.0899,38.3832,81.6714376,-6.63742,-0.0181199,196.337,196.449162,-33.8062617,-0.0922897875,0
0,nominal,1.00,1.00,17000,722822,-120.428,-29.6061,124.013807,8.22863,-3.27654,203.446,203.638702,40.4462609,-16.1052073,0
0,nominal,1.00,1.00,17000,735468,3.97216,-41.6434,41.8324135,3.84793,2.0259,207.158,207.203638,18.5748559,9.77949198,0
0,nominal,1.00,1.00,17000,735761,26.7509,-83.7001,87.871027,-10.981,-3.06425,191.377,191.71627,-57.3788909,-16.0115897,0
0,nominal,1.00,1.00,17000,738044,14.7857,20.4254,25.2153503,1.8103,-2.1566,198.926,198.945926,9.10036898,-10.8412173,0
0,nominal,1.00,1.00,17000,746555,62.089,-140.256,153.38445,27.02,-15.5671,207.315,209.647142,130.333068,-75.0891156,0
0,nominal,1.00,1.00,17000,748163,-22.3738,-90.4986,93.2232993,-0.875756,-2.97704,201.644,201.667877,-4.34307988,-14.7638412,0
0,nominal,1.00,1.00,17000,752203,-119.458,-99.6979,155.59526,20.5817,-12.5577,207.12,208.518576,99.3708961,-60.6300695,0
0,nominal,1.00,1.00,17000,754686,-145.191,11.2578,145.626799,15.951,5.57518,193.948,194.682674,82.2436942,28.7457463,0
0,nominal,1.00,1.00,17000,772027,95.9939,115.581,150.245787,-13.6705,7.78685,207.233,207.829338,-65.9668103,37.5753379,0
0,nominal,1.00,1.00,17000,778288,-25.3555,106.09,109.077906,-2.60843,37.626,196.591,200.176275,-13.2683083,191.392281,0
0,nominal,1.00,1.00,17000,779702,129.23,94.4656,160.075427,-22.8911,9.26747,199.778,201.298628,-114.582687,46.3888416,0
0,nominal,1.00,1.00,17000,781954,-24.7099,72.2793,76.3863624,10.3591,10.0288,200.977,201.493529,51.543709,49.9002373,0
0,nominal,1.00,1.00,17000,800455,-159.025,-64.2445,171.511826,19.7013,-6.95678,207.488,208.537306,94.9515153,-33.5285896,0
0,nominal,1.00,1.00,17000,813847,72.0732,-32.5619,79.087442,-14.1455,-0.952595,202.954,203.44859,-69.6980597,-4.69364979,0
0,nominal,1.00,1.00,17000,821221,45.8942,5.74938,46.2529238,-0.352645,-2.40548,203.034,203.048555,-1.73687658,-11.8476708,0
0,nominal,1.00,1.00,17000,823643,140.963,116.207,182.687258,-21.8531,15.3381,207.047,208.761288,-105.546567,74.0802813,0
0,nominal,1.00,1.00,17000,824497,-41.8119,-21.5855,47.054955,12.7308,1.3573,202.778,203.181773,62.7819586,6.69352691,0
0,nominal,1.00,1.00,17000,826836,-34.2819,-28.019,44.2754224,-5.04248,-18.5291,201.709,202.621013,-24.9987854,-91.8605516,0
0,nominal,1.00,1.00,17000,828139,-29.2124,-22.074,36.6145571,2.93962,1.71589,192.826,192.856039,15.2449358,8.89864437,0
0,nominal,1.00,1.00,17000,830862,-144.355,62.5729,157.333194,23.3654,0.24508,190.756,192.181824,122.488415,1.28478265,0
0,nominal,1.00,1.00,17000,837242,71.5669,116.805,136.986237,-6.63201,8.30713,204.253,204.529411,-32.4695843,40.6707857,0
0,nominal,1.00,1.00,17000,852654,-105.573,-51.3038,117.378611,8.90117,0.812328,192.616,192.823272,46.2119969,4.21734435,0
0,nominal,1.00,1.00,17000,858040,60.8066,103.526,120.062797,-8.2717,8.04867,197.306,197.643264,-41.9232056,40.7928294,0
0,nominal,1.00,1.00,17000,859678,-24.2058,-68.8665,72.996682,4.78071,-9.0828,208.614,208.866353,22.9165348,-43.5387845,0
0,nominal,1.00,1.00,17000,874674,19.3235,-66.5012,69.2517672,15.9231,-17.3799,190.959,192.408279,83.3849151,-91.0137778,0
0,nominal,1.00,1.00,17000,885308,25.2005,-54.7407,60.2628363,6.97809,-21.5902,193.087,194.415586,36.1396158,-111.815917,0
0,nominal,1.00,1.00,17000,885330,-37.85,-22.2418,43.9012547,6.40949,0.998538,203.557,203.660332,31.4874458,4.90544663,0
0,nominal,1.00,1.00,17000,891691,-54.7912,126.205,137.585528,1.5948,16.5674,201.805,202.490198,7.90267833,82.0960829,0
0,nominal,1.00,1.00,17000,892913,62.2356,104.94,122.006858,-13.9557,5.34023,204.955,205.498982,-68.0915323,26.055622,0
0,nominal,1.00,1.00,17000,893047,-52.8696,58.9333,79.172776,14.8655,6.84115,208.56,209.200999,71.2768508,32.8018316,0
0,nominal,1.00,1.00,17000,900669,-60.6981,-21.2282,64.3031556,8.98989,2.59666,193.768,193.993811,46.395122,13.4008711,0
0,nominal,1.00,1.00,17000,904694,149.959,55.0096,159.730266,-20.4377,5.45078,198.451,199.575074,-102.986128,27.466629,0
0,nominal,1.00,1.00,17000,904757,45.6146,-35.1931,57.612898,-2.6165,-7.82163,205.174,205.339704,-12.7525905,-38.1219355,0
0,nominal,1.00,1.00,17000,907158,-110.031,-62.338,126.462829,20.9359,-8.82979,197.49,198.7928,106.009925,-44.7100613,0
0,nominal,1.00,1.00,17000,913076,-92.9732,83.1176,124.709869,6.54459,21.7656,192.552,193.888746,33.9886888,113.037517,0
0,nominal,1.00,1.00,17000,920691,126.166,74.0823,146.308054,-12.9679,6.32852,198.017,198.542058,-65.4888217,31.9594782,0
0,nominal,1.00,1.00,17000,922289,65.571,-132.653,147.974236,-6.14436,-10.395,194.469,194.84353,-31.5955756,-53.4532496,0
0,nominal,1.00,1.00,17000,922789,-17.9838,126.457,127.729362,6.54987,11.0258,197.261,197.677442,33.2040799,55.8944748,0
0,nominal,1.00,1.00,17000,929351,54.2279,-57.2859,78.881807,-0.840479,-0.381705,205.174,205.176077,-4.0964206,-1.86039654,0
0,nominal,1.00,1.00,17000,931497,-156.108,23.6153,157.884103,22.9142,10.6164,193.652,195.291745,118.326689,54.8220519,0
0,nominal,1.00,1.00,17000,937254,-95.6874,38.8289,103.265493,14.9527,2.28711,193.752,194.341585,77.1744292,11.8043169,0
0,nominal,1.00,1.00,17000,938133,23.8486,-48.7508,54.2715047,-5.07355,-5.35655,205.618,205.750323,-24.6746394,-26.050978,0
0,nominal,1.00,1.00,17000,938587,57.9036,-67.3247,88.800012,-14.9259,-5.57262,195.214,195.86307,-76.4591679,-28.5462108,0
0,nominal,1.00,1.00,17000,942562,-135.442,111.877,175.672987,24.7512,14.4864,192.102,194.230935,128.844052,75.4099385,0
0,nominal,1.00,1.00,17000,943022,-149.345,7.0391,149.510795,23.1886,1.75768,196.259,197.63197,118.153053,8.95592049,0
0,nominal,1.00,1.00,17000,944420,98.9832,-97.8844,139.208583,-19.5706,-5.34505,204.506,205.50981,-95.6969478,-26.136397,0
0,nominal,1.00,1.00,17000,951504,86.9731,147.604,171.322097,8.78683,25.039,189.916,191.760911,46.2669285,131.842499,0
0,nominal,1.00,1.00,17000,957137,62.5042,-30.4437,69.5240526,-8.51254,1.17493,199.753,199.937752,-42.6153299,5.88191416,0
0,nominal,1.00,1.00,17000,962108,-76.4108,48.6279,90.571977,13.1178,-2.96927,191.36,191.832069,68.5503763,-15.5166702,0
0,nominal,1.00,1.00,17000,965220,-74.057,-115.214,136.962422,10.5597,-9.15879,195.823,196.321262,53.9247177,-46.7707573,0
0,nominal,1.00,1.00,17000,967369,51.2085,50.8674,72.1789641,-0.910108,-2.14417,207.382,207.395081,-4.38855831,-10.3392291,0
0,nominal,1.00,1.00,17000,969740,-116.879,62.3752,132.481569,24.5937,12.3111,196.001,197.92121,125.477421,62.8114142,0
0,nominal,1.00,1.00,17000,980666,-101.531,24.119,104.356457,15.0986,5.62519,203.202,203.839798,74.3034025,27.6827492,0
0,nominal,1.00,1.00,17000,983558,93.573,59.4088,110.839126,-18.8594,2.33496,198.681,199.587747,-94.9230173,11.7523065,0
0,nominal,1.00,1.00,17000,999535,72.615,10.6412,73.3905536,-7.31454,6.98182,199.135,199.391566,-36.731564,35.0607377,0
0,nominal,1.00,1.00,17000,999889,-85.674,-99.9884,131.672755,10.7353,-16.8057,189.244,190.291802,56.7272939,-88.8044007,0
0,nominal,1.00,1.00,19300,2485,-27.7128,-116.209,119.467698,-27.5476,4.78781,192.508,194.52795,-143.098469,24.8707067,0
0,nominal,1.00,1.00,19300,6346,109.498,-3.75601,109.562401,-21.756,6.27372,204.877,206.1244,-106.190544,30.6218853,0
0,nominal,1.00,1.00,19300,12234,62.0611,105.98,122.814252,-40.0835,-5.52061,197.022,201.133867,-203.446823,-28.0202718,0
0,nominal,1.00,1.00,19300,15082,-54.6995,28.6884,61.7661687,-47.7457,7.6781,200.417,206.168812,-238.231787,38.3106224,0
0,nominal,1.00,1.00,19300,18460,47.1639,-103.968,114.165575,-21.7256,6.31933,193.284,194.603803,-112.402475,32.6945324,0
0,nominal,1.00,1.00,19300,33486,13.621,35.0277,37.5828606,-38.5794,-3.06266,203.418,207.066735,-189.655783,-15.0559931,0
0,nominal,1.00,1.00,19300,40487,-95.6712,-158.531,185.162244,-41.3996,-10.7686,192.462,197.158594,-215.105319,-55.9518243,0
0,nominal,1.00,1.00,19300,42075,-72.8414,-95.3635,120.000278,-33.1574,0.241071,194.452,197.258844,-170.517146,1.23974554,0
0,nominal,1.00,1.00,19300,43269,28.3178,-145.442,148.173119,-35.735,5.0794,199.716,202.951401,-178.929079,25.433115,0
0,nominal,1.00,1.00,19300,55892,-40.5254,43.5126,59.461369,-33.6512,-1.82021,188.09,191.085228,-178.910096,-9.67733532,0
0,nominal,1.00,1.00,19300,56575,-13.188,87.7937,88.7786974,-43.4295,-3.58301,201.113,205.779975,-215.945762,-17.8159045,0
0,nominal,1.00,1.00,19300,60991,77.0593,109.535,133.925546,-27.9281,-3.23656,197.674,199.663378,-141.283629,-16.3732206,0
0,nominal,1.00,1.00,19300,71461,-29.5535,-146.102,149.061074,-40.7734,4.2339,202.23,206.342843,-201.618949,20.9360629,0
0,nominal,1.00,1.00,19300,74482,63.3476,146.694,159.787509,-29.9369,-5.62588,205.992,208.232016,-145.330401,-27.3111577,0
0,nominal,1.00,1.00,19300,78377,23.026,-69.8427,73.5404611,-23.2827,-1.72101,190.496,191.921265,-122.221464,-9.03436293,0
0,nominal,1.00,1.00,19300,88148,68.3253,98.1778,119.612821,-25.0891,0.665462,192.764,194.391012,-130.154489,3.45221099,0
0,nominal,1.00,1.00,19300,88261,31.6757,-17.5954,36.2346253,-30.3662,2.76146,206.132,208.374982,-147.314342,13.3965614,0
0,nominal,1.00,1.00,19300,90323,-1.28278,-57.4067,57.4210304,-24.7572,-8.22665,200.182,201.874788,-123.673457,-41.0958528,0
0,nominal,1.00,1.00,19300,99791,-49.9726,-47.3951,68.8734801,-36.4446,5.70712,198.127,201.531854,-183.945651,28.8053622,0
0,nominal,1.00,1.00,19300,115205,78.4461,-7.62347,78.8156577,-19.5548,0.84392,192.86,193.850669,-101.393757,4.37581665,0
0,nominal,1.00,1.00,19300,120484,-39.125,-88.0216,96.3253222,-22.1692,-6.69248,190.881,192.280573,-116.14147,-35.0610066,0
0,nominal,1.00,1.00,19300,121438,78.7042,-63.7679,101.295094,-18.9817,5.16847,196.714,197.69526,-96.4938947,26.2740324,0
0,nominal,1.00,1.00,19300,124686,-2.67803,96.591,96.6281177,-26.2258,-6.33487,191.435,193.32688,-136.995847,-33.0914932,0
0,nominal,1.00,1.00,19300,130484,94.3476,-54.0289,108.722544,-33.9746,6.25505,201.324,204.266375,-168.755836,31.0695695,0
0,nominal,1.00,1.00,19300,133321,70.6223,-28.6236,76.2024917,-12.9986,0.54463,194.609,195.043388,-66.7934165,2.79858588,0
0,nominal,1.00,1.00,19300,134665,27.8677,109.075,112.578703,-36.8852,-0.715126,197.689,201.10189,-186.581954,-3.6174294,0
0,nominal,1.00,1.00,19300,135893,-48.7341,-16.9586,51.6004517,-24.1223,3.92824,189.452,191.021927,-127.326711,20.7347508,0
0,nominal,1.00,1.00,19300,143475,24.357,-36.5936,43.9585601,-32.8042,-6.20292,206.979,209.654235,-158.490475,-29.9688374,0
0,nominal,1.00,1.00,19300,149365,7.03796,-65.2474,65.6258797,-23.5117,-3.49485,195.778,197.215718,-120.093678,-17.8510864,0
0,nominal,1.00,1.00,19300,165099,-78.4491,-71.3751,106.059729,-41.5385,-14.177,203.529,208.2078,-204.091309,-69.6559213,0
0,nominal,1.00,1.00,19300,168990,-19.6899,24.4323,31.3788057,-34.6216,1.1157,199.585,202.568685,-173.467946,5.59009946,0
0,nominal,1.00,1.00,19300,169209,-21.0908,-57.7485,61.479355,-24.4087,-5.69048,194.532,196.139912,-125.473958,-29.2521539,0
0,nominal,1.00,1.00,19300,169630,56.37,11.3807,57.5073668,-36.9618,8.02153,195.674,199.295845,-188.894794,40.994358,0
0,nominal,1.00,1.00,19300,173148,-77.0333,132.745,153.477569,-39.985,10.1743,193.723,198.067961,-206.402957,52.519835,0
0,nominal,1.00,1.00,19300,177107,25.3153,-147.926,150.076533,-31.661,4.05326,197.664,200.224636,-160.175854,20.5058078,0
0,nominal,1.00,1.00,19300,178143,82.4308,43.2757,93.1000698,-18.0017,5.94794,197.321,198.229706,-91.230533,30.1434718,0
0,nominal,1.00,1.00,19300,196905,-46.9785,9.05766,47.8437108,-37.1381,7.05062,203.757,207.233841,-182.266622,34.6030811,0
0,nominal,1.00,1.00,19300,197775,2.87302,38.9982,39.1038853,-32.9168,2.19664,196.793,199.539033,-167.266112,11.1621856,0
0,nominal,1.00,1.00,19300,205827,-56.0036,-160.583,170.068525,-46.1508,1.54068,201.148,206.380202,-229.437031,7.65943484,0
0,nominal,1.00,1.00,19300,205865,-64.8562,-121.561,137.780272,-32.5264,-6.05706,191.623,194.458296,-169.741628,-31.6092536,0
0,nominal,1.00,1.00,19300,206527,70.854,-16.7578,72.8087438,-32.153,5.37459,200.962,203.588868,-159.995422,26.7443099,0
0,nominal,1.00,1.00,19300,221055,28.71,-24.165,37.5261419,-37.5229,8.13474,196.356,200.074538,-191.096274,41.4285278,0
0,nominal,1.00,1.00,19300,222287,-59.4638,164.682,175.088848,-40.4163,-2.99697,186.364,190.719689,-216.867528,-16.0812711,0
0,nominal,1.00,1.00,19300,241208,170.641,89.4282,192.654493,-32.9166,8.5077,203.001,205.828301,-162.14994,41.9096458,0
0,nominal,1.00,1.00,19300,250126,76.8808,176.932,192.913426,-22.1757,-1.98296,201.847,203.071183,-109.863907,-9.82407467,0
0,nominal,1.00,1.00,19300,251411,90.771,-91.1453,128.634522,-32.5322,0.535924,201.249,203.862187,-161.651486,2.66298963,0
0,nominal,1.00,1.00,19300,256127,82.3665,-38.8303,91.0605981,-33.6532,6.18088,199.386,202.300564,-168.784167,30.9995687,0
0,nominal,1.00,1.00,19300,256385,-25.9863,-24.2509,35.5442532,-32.183,1.89068,201.099,203.666708,-160.035604,9.40173745,0
0,nominal,1.00,1.00,19300,259096,-37.4112,7.22009,38.1015431,-46.7796,2.79279,201.128,206.515382,-232.586214,13.885635,0
0,nominal,1.00,1.00,19300,259772,-13.9669,110.752,111.629207,-31.4561,-4.68285,195.86,198.425187,-160.605024,-23.9091698,0
0,nominal,1.00,1.00,19300,263152,40.7754,-28.1647,49.5568721,-37.9125,-4.31633,204.502,208.031383,-185.389385,-21.1065417,0
0,nominal,1.00,1.00,19300,266234,-62.2925,-8.10122,62.8170783,-31.6297,2.73762,194.973,197.54089,-162.226052,14.0410211,0
0,nominal,1.00,1.00,19300,267634,56.1487,1.32064,56.1642288,-30.4019,2.03088,192.963,195.353831,-157.553002,10.524712,0
0,nominal,1.00,1.00,19300,271896,8.5365,-26.1021,27.4625464,-35.6265,4.74817,197.15,200.399389,-180.707583,24.0840477,0
0,nominal,1.00,1.00,19300,278454,2.12725,-51.2222,51.2663532,-29.0338,-3.25355,198.826,200.961005,-146.026174,-16.3638055,0
0,nominal,1.00,1.00,19300,290634,-61.0325,96.7685,114.407642,-37.2949,-5.35229,186.701,190.464747,-199.757366,-28.6677093,0
0,nominal,1.00,1.00,19300,295732,26.6339,-42.8223,50.4292971,-42.6873,3.19494,205.259,209.675154,-207.967982,15.5654076,0
0,nominal,1.00,1.00,19300,307254,77.0179,61.7774,98.7329938,-21.7857,-5.61691,202.842,204.085873,-107.402313,-27.69106,0
0,nominal,1.00,1.00,19300,308905,-3.88042,-16.88,17.3202788,-24.4563,7.12237,196.921,198.561625,-124.193458,36.1686666,1
0,nominal,1.00,1.00,19300,317570,-29.3768,-41.6023,50.9288498,-30.117,-1.71996,201.993,204.233112,-149.099226,-8.51494854,0
0,nominal,1.00,1.00,19300,318783,-4.48173,27.7418,28.1014834,-31.5208,-2.51916,188.97,191.597411,-166.803196,-13.3310049,0
0,nominal,1.00,1.00,19300,322200,-57.4094,98.6446,114.134115,-47.5773,16.4274,188.407,195.014504,-252.524057,87.1910279,0
0,nominal,1.00,1.00,19300,329219,30.6142,-15.7782,34.4409761,-15.3206,6.28027,190.424,191.142518,-80.4551947,32.9804541,0
0,nominal,1.00,1.00,19300,332236,-3.33436,-59.3341,59.4277156,-38.7387,-1.77913,201.91,205.600341,-191.861225,-8.81150017,0
0,nominal,1.00,1.00,19300,333598,72.1264,57.85,92.4599377,-32.75,-2.51004,201.828,204.483262,-162.266881,-12.4365301,0
0,nominal,1.00,1.00,19300,343190,-9.69945,131.237,131.594945,-38.4143,-3.72587,200.888,204.561798,-191.222472,-18.5470013,0
0,nominal,1.00,1.00,19300,345121,10.5401,-103.037,103.574693,-37.4302,6.49067,196.65,200.285724,-190.339181,33.0062039,0
0,nominal,1.00,1.00,19300,352155,113.835,-71.5806,134.470032,-16.4291,-6.25984,202.953,203.713085,-80.9502693,-30.8437914,0
0,nominal,1.00,1.00,19300,358188,50.9622,-56.7297,76.2588007,-22.276,0.666363,205.763,206.966365,-108.260474,3.23849769,0
0,nominal,1.00,1.00,19300,359010,119.48,58.8387,133.182067,-17.4914,-4.86248,206.985,207.77965,-84.5056405,-23.4919439,0
0,nominal,1.00,1.00,19300,361671,33.2794,-36.7808,49.6018721,-29.262,-2.50665,200.765,202.901782,-145.752497,-12.485493,0
0,nominal,1.00,1.00,19300,366243,-39.7519,52.4235,65.7908573,-41.4684,2.1015,200.191,204.451659,-207.144177,10.4974749,0
0,nominal,1.00,1.00,19300,370966,-27.6052,-158.481,160.867257,-37.0045,-3.79776,200.864,204.279472,-184.226641,-18.9071212,0
0,nominal,1.00,1.00,19300,383965,-30.0495,14.0033,33.1521472,-36.4652,-6.09951,196.328,199.778874,-185.736115,-31.0679577,0
0,nominal,1.00,1.00,19300,390738,111.503,-142.229,180.726333,-21.4213,0.00576561,202.626,203.755167,-105.718417,0.0284544432,0
0,nominal,1.00,1.00,19300,392313,-8.56097,-30.9286,32.0915644,-35.0956,8.17051,204.313,207.466287,-171.7737,39.9901622,0
0,nominal,1.00,1.00,19300,410010,-49.2698,19.7467,53.0796133,-29.4544,-1.32441,199.883,202.04586,-147.358205,-6.62592617,0
0,nominal,1.00,1.00,19300,412081,91.7862,-0.281219,91.7866308,-30.8264,-3.1675,200.2,202.584155,-153.978022,-15.8216783,0
0,nominal,1.00,1.00,19300,416131,188.831,-20.4929,189.939742,4.83295,-0.365362,191.795,191.85623,25.1985193,-1.90496103,0
0,nominal,1.00,1.00,19300,417822,56.6252,62.4281,84.2833373,-26.8539,-2.6795,198.353,200.180479,-135.38439,-13.5087445,0
0,nominal,1.00,1.00,19300,428586,89.4085,-79.7505,119.808272,-27.4773,6.59662,204.435,206.378746,-134.406046,32.2675667,0
0,nominal,1.00,1.00,19300,431980,93.9991,-55.6975,109.261349,-27.7578,-1.19419,199.755,201.677915,-138.959225,-5.97827338,0
0,nominal,1.00,1.00,19300,432179,28.3895,103.245,107.077046,-38.3528,0.0726785,198.563,202.233052,-193.151796,0.366022371,0
0,nominal,1.00,1.00,19300,435193,36.8117,63.2249,73.1607083,-25.3229,-3.782,195.302,196.973156,-129.660219,-19.3648811,0
0,nominal,1.00,1.00,19300,440801,-114.483,-33.4646,119.273789,-62.1795,11.2116,182.969,193.570776,-339.836256,61.2759539,0
0,nominal,1.00,1.00,19300,442674,94.0767,-21.5263,96.5080674,-33.0506,-1.67499,201.168,203.871803,-164.293526,-8.32632427,0
0,nominal,1.00,1.00,19300,446406,19.6084,44.535,48.6606163,-25.8902,-7.79477,198.161,199.997107,-130.652348,-39.3355403,0
0,nominal,1.00,1.00,19300,451676,25.6811,51.8043,57.8204496,-41.9823,2.22234,195.195,199.67108,-215.078767,11.3852302,0
0,nominal,1.00,1.00,19300,455466,8.64982,80.1864,80.6515848,-31.1345,-2.34279,202.474,204.867192,-153.770361,-11.570819,0
0,nominal,1.00,1.00,19300,456284,-58.7747,21.6077,62.6207478,-38.5678,-3.97238,204.26,207.907197,-188.817194,-19.4476647,0
0,nominal,1.00,1.00,19300,472350,-46.5167,-134.572,142.384783,-50.98,-12.0421,193.662,200.621392,-263.242144,-62.1810164,0
0,nominal,1.00,1.00,19300,475235,96.4418,-20.5414,98.6051211,-38.0951,5.92722,203.632,207.249511,-187.078161,29.1075077,0
0,nominal,1.00,1.00,19300,481350,-33.5452,41.7038,53.520906,-25.3115,-2.08082,200.325,201.928471,-126.352178,-10.3872208,0
0,nominal,1.00,1.00,19300,485020,69.7582,-145.333,161.207591,-25.069,3.51696,206.627,208.171902,-121.324899,17.0208153,0
0,nominal,1.00,1.00,19300,485966,19.1426,-45.1999,49.0863534,-46.2661,-2.55236,203.693,208.896876,-227.136426,-12.5304257,0
0,nominal,1.00,1.00,19300,490002,-49.5481,-31.7496,58.8476959,-31.6463,4.31354,191.707,194.349347,-165.076393,22.5006912,0
0,nominal,1.00,1.00,19300,497687,-0.647027,12.124,12.1412528,-39.3857,-2.7226,201.17,205.007353,-195.783168,-13.5338271,1
0,nominal,1.00,1.00,19300,500236,119.045,35.9737,124.361646,-20.0442,-6.56099,205.876,206.953483,-97.3605471,-31.8686491,0
0,nominal,1.00,1.00,19300,500991,44.1521,20.7819,48.7985174,-32.4153,4.01321,197.694,200.374088,-163.96704,20.3001103,0
0,nominal,1.00,1.00,19300,517654,25.2305,20.537,32.5322378,-22.5991,5.32439,199.594,200.939875,-113.225347,26.6761025,0
0,nominal,1.00,1.00,19300,518487,8.752,113.103,113.441113,-23.3366,-5.4187,194.732,196.200181,-119.839574,-27.8264487,0
0,nominal,1.00,1.00,19300,520817,-19.0335,-16.9941,25.5161431,-31.0194,1.17613,191.788,194.283873,-161.737961,6.13244833,0
0,nominal,1.00,1.00,19300,521794,53.2809,90.7678,105.250405,-30.1559,-5.39978,207.143,209.396176,-145.580106,-26.0678855,0
0,nominal,1.00,1.00,19300,523372,-2.99076,-12.534,12.885876,-40.6623,8.21391,197.175,201.491617,-206.22442,41.6579688,1
0,nominal,1.00,1.00,19300,525809,64.6045,-6.6715,64.9480587,-37.6057,-1.58536,201.89,205.36863,-186.268265,-7.852593,0
0,nominal,1.00,1.00,19300,540478,78.3191,-10.0695,78.9637655,-31.6401,3.63258,205.063,207.521386,-154.294534,17.7144585,0
0,nominal,1.00,1.00,19300,542430,-2.73237,-3.14019,4.16252796,-25.7114,7.11107,192.961,194.796281,-133.246615,36.8523691,1
0,nominal,1.00,1.00,19300,543065,-3.65621,-176.715,176.752819,-35.1702,2.26846,195.988,199.131577,-179.450783,11.5744842,0
0,nominal,1.00,1.00,19300,544588,-19.7256,-13.8367,24.0946791,-36.1791,6.50988,195.868,199.28768,-184.711643,33.2360569,0
0,nominal,1.00,1.00,19300,551595,41.9812,-81.3324,91.5280309,-29.8076,4.69133,194.924,197.245703,-152.919086,24.0674827,0
0,nominal,1.00,1.00,19300,555547,-35.408,-65.6076,74.5525562,-46.9661,3.63571,199.509,204.994815,-235.408428,18.2232882,0
0,nominal,1.00,1.00,19300,555551,-17.3663,-51.4561,54.3076293,-34.1851,0.245294,189.42,192.480175,-180.472495,1.29497413,0
0,nominal,1.00,1.00,19300,557050,-14.3691,-10.4251,17.7525701,-28.715,1.88927,190.348,192.510991,-150.855276,9.92534726,1
0,nominal,1.00,1.00,19300,568091,54.1358,21.2753,58.1663411,-31.9079,1.38821,197.123,199.693561,-161.867971,7.04235427,0
0,nominal,1.00,1.00,19300,574533,30.2201,53.6459,61.5722099,-35.7406,1.71727,190.378,193.711441,-187.734927,9.02031747,0
0,nominal,1.00,1.00,19300,585589,86.6919,-17.5366,88.4478257,-37.5002,-5.00486,200.309,203.850458,-187.211758,-24.9856971,0
0,nominal,1.00,1.00,19300,593033,89.1667,-77.9053,118.405811,-21.399,4.64585,202.105,203.287806,-105.880607,22.9873086,0
0,nominal,1.00,1.00,19300,605985,37.8886,98.9233,105.930946,-48.223,20.5793,200.794,207.526374,-240.161559,102.489616,0
0,nominal,1.00,1.00,19300,612374,-43.6794,38.6287,58.3100887,-39.0391,0.905957,204.835,208.523978,-190.588034,4.4228623,0
0,nominal,1.00,1.00,19300,612561,-73.2314,-96.1815,120.887216,-35.8227,-6.97883,189.299,192.785065,-189.238718,-36.8667029,0
0,nominal,1.00,1.00,19300,613946,42.8859,-4.54676,43.1262501,-23.9012,0.842616,190.468,191.963633,-125.486696,4.42392423,0
0,nominal,1.00,1.00,19300,614466,-35.419,36.3639,50.7625727,-37.6178,-0.411403,195.982,199.560047,-191.945179,-2.09918768,0
0,nominal,1.00,1.00,19300,615627,3.85237,-22.4107,22.7393982,-36.1242,4.04172,193.778,197.157822,-186.420543,20.8574761,0
0,nominal,1.00,1.00,19300,617393,71.9785,-29.1738,77.6660484,-22.2041,0.118023,190.996,192.282365,-116.254267,0.617934407,0
0,nominal,1.00,1.00,19300,618940,-17.5915,-129.848,131.034209,-40.9137,-4.68665,201.425,205.591649,-203.121261,-23.2674693,0
0,nominal,1.00,1.00,19300,619096,-6.69758,78.7145,78.9989246,-36.1233,-5.68588,195.069,198.466967,-185.182166,-29.1480451,0
0,nominal,1.00,1.00,19300,623988,93.511,-78.2538,121.934262,-31.649,6.28196,197.846,200.459876,-159.967854,31.7517665,0
0,nominal,1.00,1.00,19300,636304,-0.869666,-18.8035,18.8236004,-25.372,-2.60588,188.337,190.056188,-134.715961,-13.8362616,1
0,nominal,1.00,1.00,19300,638021,33.0087,67.797,75.4056197,-26.9629,1.42667,199.686,201.503181,-135.026492,7.14456697,0
0,nominal,1.00,1.00,19300,641878,-12.9085,-49.1259,50.7935372,-32.6699,6.83438,190.03,192.938933,-171.919697,35.9647424,0
0,nominal,1.00,1.00,19300,646287,49.6719,-27.0744,56.5713778,-38.3811,3.51593,194.933,198.706681,-196.893805,18.0366074,0
0,nominal,1.00,1.00,19300,646993,-154.988,50.4086,162.979468,-50.2258,5.05017,185.709,192.447312,-270.454313,27.1939971,0
0,nominal,1.00,1.00,19300,653538,61.238,-16.63,63.4558866,-27.5208,5.14781,193.054,195.073682,-142.554933,26.66513,0
0,nominal,1.00,1.00,19300,653541,-27.811,31.4267,41.9653332,-33.7632,-0.942358,197.465,200.332893,-170.983212,-4.77227863,0
0,nominal,1.00,1.00,19300,654306,-68.054,76.7011,102.539776,-31.6759,-3.58825,187.495,190.185733,-168.942638,-19.1378437,0
0,nominal,1.00,1.00,19300,661991,-12.4576,-80.7398,81.6952086,-34.6299,2.64704,193.31,196.405175,-179.141793,13.6932388,0
0,nominal,1.00,1.00,19300,674095,-55.6468,-87.7038,103.867814,-44.5721,22.8236,193.216,199.599628,-230.685347,118.124793,0
0,nominal,1.00,1.00,19300,679446,19.8385,39.3507,44.0686246,-38.1506,-2.04792,202.456,206.029353,-188.438969,-10.1153831,0
0,nominal,1.00,1.00,19300,680524,-40.7953,-99.7476,107.767529,-42.8553,0.924798,196.812,201.425905,-217.747393,4.69889031,0
0,nominal,1.00,1.00,19300,685584,-55.0662,-17.9837,57.9284028,-26.3456,2.98046,189.816,191.658779,-138.795465,15.7018376,0
0,nominal,1.00,1.00,19300,692039,-82.87,-44.1077,93.8771863,-39.1469,19.8281,186.978,192.05834,-209.366343,106.045096,0
0,nominal,1.00,1.00,19300,701433,-23.9236,-13.3146,27.3791382,-31.6753,3.44369,188.978,191.645162,-167.61369,18.2227032,0
0,nominal,1.00,1.00,19300,702575,-19.2338,-70.5652,73.1395004,-37.2702,1.79984,194.84,198.380777,-191.286184,9.23752823,0
0,nominal,1.00,1.00,19300,706504,52.0783,11.6341,53.3619866,-28.759,5.85779,204.838,206.92994,-140.398754,28.5971841,0
0,nominal,1.00,1.00,19300,708077,78.8433,-37.7132,87.3988067,-26.5613,5.90534,196.446,198.321473,-135.209167,30.0608819,0
0,nominal,1.00,1.00,19300,716245,43.9096,32.5972,54.6866567,-27.7116,-3.08072,196.885,198.849508,-140.750184,-15.6473068,0
0,nominal,1.00,1.00,19300,721334,43.5469,81.0768,92.0314077,-36.4742,5.38642,194.573,198.035434,-187.457664,27.683286,0
0,nominal,1.00,1.00,19300,722498,56.2335,3.3215,56.3315088,-33.5155,-3.98976,193.527,196.448229,-173.182553,-20.6160381,0
0,nominal,1.00,1.00,19300,722822,-108.131,-32.0322,112.775773,-32.4913,0.811666,201.029,203.639393,-161.62494,4.03755677,0
0,nominal,1.00,1.00,19300,735468,64.3165,11.8661,65.401961,-32.4485,5.74018,204.566,207.203048,-158.621178,28.0602837,0
0,nominal,1.00,1.00,19300,735761,-94.142,-32.313,99.5331409,-36.5439,6.58332,188.086,191.716301,-194.293568,35.0016482,0
0,nominal,1.00,1.00,19300,738044,62.5389,-17.1998,64.8609831,-29.9984,-3.602,196.638,198.945675,-152.556474,-18.3179243,0
0,nominal,1.00,1.00,19300,748163,-44.0226,-35.945,56.8333734,-35.7957,7.2995,198.331,201.667549,-180.484644,36.8046347,0
0,nominal,1.00,1.00,19300,752203,54.4504,-121.657,133.286427,-24.6242,1.62669,207.053,208.518446,-118.927038,7.85639426,0
0,nominal,1.00,1.00,19300,754686,-40.3823,51.9392,65.7906578,-24.0684,2.63334,193.171,194.682453,-124.596342,13.6321705,0
0,nominal,1.00,1.00,19300,772027,7.68232,82.8989,83.254103,-44.65,-6.57926,202.87,207.829608,-220.091684,-32.4309164,0
0,nominal,1.00,1.00,19300,779702,-59.4467,90.8488,108.56986,-46.9533,-3.5003,195.715,201.298847,-239.906497,-17.8846793,0
0,nominal,1.00,1.00,19300,781954,100.777,97.2921,140.07768,-24.7644,-0.542353,199.965,201.493352,-123.843673,-2.71223964,0
0,nominal,1.00,1.00,19300,796870,89.329,-5.41512,89.4929817,-31.5458,31.9013,189.03,194.281166,-166.882505,168.763159,0
0,nominal,1.00,1.00,19300,800455,-29.7029,-67.9896,74.1946627,-28.0131,1.87437,206.638,208.536592,-135.566062,9.07079046,0
0,nominal,1.00,1.00,19300,812028,-165.589,-34.5891,169.163006,-59.7515,-10.8239,191.836,201.217418,-311.471778,-56.4226735,0
0,nominal,1.00,1.00,19300,813847,-45.2271,-11.8703,46.7588986,-43.4558,2.72439,198.735,203.448837,-218.662037,13.7086573,0
0,nominal,1.00,1.00,19300,821221,88.6677,-20.5101,91.0089294,-31.628,-2.27105,200.557,203.048266,-157.700803,-11.3237135,0
0,nominal,1.00,1.00,19300,823643,-17.4948,147.376,148.410759,-49.8435,-1.43814,202.719,208.761672,-245.874832,-7.09425362,0
0,nominal,1.00,1.00,19300,824497,98.585,9.41023,99.0330988,-24.3466,3.18701,201.693,203.182136,-120.71118,15.8012921,0
0,nominal,1.00,1.00,19300,828139,-0.380018,14.1804,14.1854911,-29.6708,3.44848,190.529,192.856289,-155.728524,18.0995019,1
0,nominal,1.00,1.00,19300,830862,68.5995,5.19548,68.7959622,-15.684,-6.40274,191.433,192.181103,-81.9294479,-33.4463755,0
0,nominal,1.00,1.00,19300,837242,53.0806,87.5874,102.416321,-37.3226,-6.32627,200.996,204.52968,-185.688272,-31.4746065,0
0,nominal,1.00,1.00,19300,852654,-63.268,5.05401,63.4695426,-26.9602,5.88508,190.838,192.822791,-141.272703,30.838093,0
0,nominal,1.00,1.00,19300,858040,12.7909,82.371,83.3581955,-36.9737,-5.17941,194.085,197.643285,-190.502615,-26.6862972,0
0,nominal,1.00,1.00,19300,859678,24.7029,-88.5866,91.9664013,-34.6875,0.739406,205.965,208.866825,-168.414536,3.58995946,0
0,nominal,1.00,1.00,19300,885330,23.8734,6.13529,24.6491584,-31.628,3.0018,201.168,203.661252,-157.221825,14.9218564,0
0,nominal,1.00,1.00,19300,891691,-71.2863,161.257,176.310966,-35.0764,-1.57443,199.423,202.490409,-175.889441,-7.89492686,0
0,nominal,1.00,1.00,19300,892913,-61.326,58.8384,84.9872672,-44.3779,-7.18453,200.521,205.49863,-221.31298,-35.8293146,0
0,nominal,1.00,1.00,19300,893047,99.2403,67.4616,119.998769,-25.7218,-1.3228,207.609,209.20052,-123.8954,-6.37159275,0
0,nominal,1.00,1.00,19300,900669,23.4989,22.1422,32.2873864,-26.1794,3.97173,192.179,193.994597,-136.224041,20.6668262,0
0,nominal,1.00,1.00,19300,904694,15.3828,53.5148,55.6818135,-43.8954,-2.01181,194.677,199.574517,-225.4781,-10.3340919,0
0,nominal,1.00,1.00,19300,904757,58.0689,-73.1254,93.377306,-35.3437,-1.82527,202.267,205.339835,-174.737847,-9.02406225,0
0,nominal,1.00,1.00,19300,907158,88.755,-84.7617,122.727323,-18.6851,0.437977,197.913,198.793562,-94.4106754,2.21297742,0
0,nominal,1.00,1.00,19300,920691,70.3302,63.607,94.8271453,-37.0361,-3.36992,195.028,198.542061,-189.90145,-17.2791599,0
0,nominal,1.00,1.00,19300,922289,49.8264,-105.764,116.913189,-32.892,6.61615,191.933,194.843357,-171.372302,34.4711436,0
0,nominal,1.00,1.00,19300,922789,66.4659,111.796,130.06176,-26.7902,-5.48798,195.777,197.677683,-136.840385,-28.0317913,0
0,nominal,1.00,1.00,19300,925620,108.357,-72.0841,130.143601,-46.6851,25.6162,189.991,197.312616,-245.722692,134.828492,0
0,nominal,1.00,1.00,19300,929351,96.3029,-10.8654,96.9139075,-32.4163,5.67853,202.52,205.17654,-160.064685,28.0393541,0
0,nominal,1.00,1.00,19300,931497,35.8577,98.3011,104.6369,-18.6104,4.7766,194.344,195.291457,-95.7600955,24.5780678,0
0,nominal,1.00,1.00,19300,937254,39.8129,23.7075,46.336946,-22.4467,-2.47414,193.025,194.34152,-116.289082,-12.8177179,0
0,nominal,1.00,1.00,19300,938133,-13.3769,-53.267,54.9209864,-39.6877,1.29835,201.882,205.750191,-196.588601,6.43123211,0
0,nominal,1.00,1.00,19300,938587,-88.5555,-55.494,104.506749,-40.4859,3.1763,191.607,195.863318,-211.29656,16.5771605,0
0,nominal,1.00,1.00,19300,942562,103.284,138.9,173.091868,-13.9963,-1.8928,193.716,194.230193,-72.2516467,-9.77100498,0
0,nominal,1.00,1.00,19300,943022,48.0749,16.3906,50.7922019,-19.2472,0.468597,196.692,197.632025,-97.8545137,2.38238973,0
0,nominal,1.00,1.00,19300,944420,-67.9299,-57.3527,88.903338,-47.2798,6.50271,199.892,205.510283,-236.526724,32.5311168,0
0,nominal,1.00,1.00,19300,957137,13.437,7.36758,15.3243011,-38.0905,3.96998,196.236,199.938027,-194.105567,20.2306407,1
0,nominal,1.00,1.00,19300,962108,53.1017,-24.3042,58.3993551,-21.5523,-7.05945,190.487,191.832309,-113.143154,-37.0600093,0
0,nominal,1.00,1.00,19300,965220,18.9091,-92.8859,94.791057,-26.2711,5.65754,194.473,196.320977,-135.088676,29.0916477,0
0,nominal,1.00,1.00,19300,967369,89.0198,-11.5028,89.7598975,-33.7737,-6.787,204.514,207.395039,-165.141262,-33.1859922,0
0,nominal,1.00,1.00,19300,969740,127.035,115.824,171.910122,-14.4437,1.89761,197.384,197.920855,-73.1756373,9.61379848,0
0,nominal,1.00,1.00,19300,977265,17.7407,-35.3459,39.5482627,-37.3006,-10.7411,204.924,208.567859,-182.021628,-52.4150417,0
0,nominal,1.00,1.00,19300,980666,20.4916,52.4236,56.2862284,-27.1651,1.40894,202.016,203.839133,-134.470042,6.97439807,0
0,nominal,1.00,1.00,19300,983558,-72.2734,25.6694,76.6965608,-44.1259,-4.58879,194.595,199.587991,-226.757625,-23.5812328,0
0,nominal,1.00,1.00,19300,999535,47.7196,63.6146,79.5234403,-35.5945,3.72364,196.154,199.39214,-181.462015,18.9832479,0
0,nominal,1.00,1.00,19300,999889,6.02894,-161.672,161.784374,-24.193,-1.01106,188.745,190.291877,-128.17823,-5.35675117,0
0,nominal,1.00,1.00,20500,2485,6.55189,-92.195,92.4275137,7.85659,-1.9013,194.36,194.52802,40.4228751,-9.78236263,0
0,nominal,1.00,1.00,20500,6346,132.873,32.5173,136.794038,-3.83553,8.19335,205.925,206.123623,-18.6258589,39.7880296,0
0,nominal,1.00,1.00,20500,12234,1.50138,78.439,78.4533674,-9.6912,0.261251,200.9,201.13378,-48.2389248,1.30040319,0
0,nominal,1.00,1.00,20500,14251,-13.8705,77.4625,78.694534,-7.4237,4.2046,205.129,205.306348,-36.1903973,20.4973456,0
0,nominal,1.00,1.00,20500,18460,97.3659,-70.0397,119.94031,4.07539,1.17533,194.558,194.604228,20.9469156,6.04102633,0
0,nominal,1.00,1.00,20500,33486,-26.3587,18.5039,32.2052074,-3.96678,-1.61218,207.023,207.067276,-19.1610594,-7.78744391,0
0,nominal,1.00,1.00,20500,43269,1.0026,-122.722,122.726095,-3.37422,-3.74994,202.889,202.951703,-16.6308671,-18.4827172,0
0,nominal,1.00,1.00,20500,55892,-38.7402,34.1417,51.637765,5.58933,0.668155,191.003,191.085931,29.2630482,3.49813877,0
0,nominal,1.00,1.00,20500,56575,-74.6685,70.7563,102.868065,-4.19848,1.48532,205.731,205.779197,-20.4076197,7.21971895,0
0,nominal,1.00,1.00,20500,58839,100.906,-23.5508,103.617861,4.68245,9.55071,200.132,200.414468,23.3968081,47.7220534,0
0,nominal,1.00,1.00,20500,60991,79.7766,96.224,124.993456,-3.60469,3.64369,199.598,199.663797,-18.0597501,18.2551428,0
0,nominal,1.00,1.00,20500,71461,-74.7262,-128.416,148.575483,-1.29776,-4.87911,206.281,206.342775,-6.29122411,-23.6527358,0
0,nominal,1.00,1.00,20500,72181,-2.3557,-127.883,127.904695,-50.4325,-14.5225,197.798,204.642099,-254.969717,-73.4208637,0
0,nominal,1.00,1.00,20500,74482,55.7721,121.925,134.075474,-4.23928,3.19282,208.164,208.231641,-20.3650968,15.3380027,0
0,nominal,1.00,1.00,20500,78377,72.9578,-85.2076,112.174755,5.91002,-7.47227,191.684,191.920606,30.8320987,-38.9822312,0
0,nominal,1.00,1.00,20500,83218,28.1637,-7.50188,29.1457064,-0.386537,-8.12955,203.639,203.801573,-1.89814819,-39.9213805,0
0,nominal,1.00,1.00,20500,88148,92.3154,108.221,142.245977,-0.284689,8.10154,194.222,194.391104,-1.46579172,41.7127823,0
0,nominal,1.00,1.00,20500,88261,31.0254,-2.16443,31.1008071,-0.927779,2.46356,208.359,208.375629,-4.45279062,11.8236313,0
0,nominal,1.00,1.00,20500,90323,41.6935,-111.916,119.430059,6.84065,-15.5238,201.161,201.875038,34.0058461,-77.1710222,0
0,nominal,1.00,1.00,20500,99791,-67.5655,-14.3334,69.0691186,3.59595,4.39367,201.451,201.530992,17.8502465,21.8101176,0
0,nominal,1.00,1.00,20500,111480,80.3383,-19.9213,82.7713757,5.78608,3.54914,201.347,201.461385,28.7368573,17.6269823,0
0,nominal,1.00,1.00,20500,115205,131.056,-2.77511,131.085378,2.06502,0.608363,193.839,193.850954,10.6532741,3.13849638,0
0,nominal,1.00,1.00,20500,120484,29.6859,-137.396,140.566402,12.2486,-15.8157,191.237,192.280407,64.049321,-82.7020922,0
0,nominal,1.00,1.00,20500,121438,131.876,-35.654,136.610714,2.05606,2.45929,197.669,197.69499,10.4015298,12.4414552,0
0,nominal,1.00,1.00,20500,124686,37.6059,61.1722,71.8069758,6.7818,-1.74242,193.2,193.326845,35.1024845,-9.01873706,0
0,nominal,1.00,1.00,20500,129282,68.9271,145.926,161.385695,10.7153,23.7719,196.034,197.760588,54.6604161,121.264168,0
0,nominal,1.00,1.00,20500,130484,57.5303,-20.0985,60.9400125,-9.8799,4.49595,203.978,204.266616,-48.4361059,22.0413476,0
0,nominal,1.00,1.00,20500,133321,161.122,-26.837,163.341738,6.78476,-1.26716,194.921,195.043162,34.8077426,-6.5008901,0
0,nominal,1.00,1.00,20500,134665,-5.24555,111.015,111.138859,-3.83844,7.05475,200.942,201.102438,-19.1022285,35.1083895,0
0,nominal,1.00,1.00,20500,135893,10.6037,8.00849,13.2881288,11.9253,4.25603,190.602,191.022116,62.5664998,22.3294089,1
0,nominal,1.00,1.00,20500,143475,12.3251,-75.4502,76.4502503,-1.75195,-11.1365,209.351,209.654316,-8.36848164,-53.1953513,0
0,nominal,1.00,1.00,20500,146009,41.1539,28.2325,49.9070891,-18.8798,21.0342,188.989,191.090886,-99.8989359,111.298541,0
0,nominal,1.00,1.00,20500,149365,57.3168,-91.2712,107.775913,7.07953,-9.59,196.855,197.215564,35.9631709,-48.71606,0
0,nominal,1.00,1.00,20500,168990,-30.637,32.7836,44.8708168,2.08707,3.33899,202.53,202.568274,10.3049919,16.4863971,0
0,nominal,1.00,1.00,20500,169209,29.5684,-97.7447,102.11913,9.09245,-12.1417,195.552,196.139436,46.4963283,-62.0893675,0
0,nominal,1.00,1.00,20500,169630,15.1616,61.6732,63.5095088,-6.85996,11.879,198.823,199.295647,-34.5028493,59.7466088,0
0,nominal,1.00,1.00,20500,177107,22.5632,-131.394,133.31722,-0.215347,-5.31694,200.154,200.224724,-1.07590655,-26.5642455,0
0,nominal,1.00,1.00,20500,178143,139.699,82.16,162.068122,2.38652,11.2074,197.898,198.229462,12.0593437,56.6322045,0
0,nominal,1.00,1.00,20500,196905,-70.6509,52.5478,88.0501048,2.24802,10.3303,206.964,207.233844,10.861889,49.9135115,0
0,nominal,1.00,1.00,20500,197711,-14.0493,168.084,168.670133,-18.6169,33.193,192.9,196.618347,-96.5106273,172.073613,0
0,nominal,1.00,1.00,20500,197775,0.0186615,55.1237,55.1237032,1.5819,5.91261,199.445,199.538892,7.93150994,29.6453158,0
0,nominal,1.00,1.00,20500,198818,40.9101,-38.4109,56.1162501,-15.5391,-22.9339,190.279,192.28501,-81.6648185,-120.527751,0
0,nominal,1.00,1.00,20500,205865,-55.4404,-168.498,177.384368,7.76043,-17.5107,193.513,194.458556,40.1028871,-90.4884943,0
0,nominal,1.00,1.00,20500,206527,50.7913,14.521,52.8262775,-5.97963,6.09606,203.41,203.58916,-29.3969323,29.969323,0
0,nominal,1.00,1.00,20500,207177,-110.181,-17.336,111.536495,-38.8324,-27.0407,194.766,200.431907,-199.379769,-138.836861,0
0,nominal,1.00,1.00,20500,221055,-7.8867,25.0847,26.2952888,-4.18577,9.42974,199.808,200.07418,-20.948961,47.1940062,0
0,nominal,1.00,1.00,20500,241208,118.281,143.341,185.84143,-17.707,18.3587,204.242,205.828507,-86.6961741,89.8869968,0
0,nominal,1.00,1.00,20500,251411,62.8287,-93.2676,112.455728,-8.49073,-6.04579,203.595,203.86164,-41.7040202,-29.6951792,0
0,nominal,1.00,1.00,20500,256127,51.1967,-3.92073,51.3466086,-8.09274,5.56355,202.062,202.300513,-40.0507765,27.5338757,0
0,nominal,1.00,1.00,20500,256385,-23.094,-13.9615,26.9862246,3.99037,0.81329,203.626,203.666719,19.5965643,3.99403809,0
0,nominal,1.00,1.00,20500,259772,-5.90745,87.5946,87.7935756,3.98722,1.6809,198.378,198.425185,20.0991037,8.4732178,0
0,nominal,1.00,1.00,20500,263152,-3.19199,-55.4332,55.5250256,-6.72279,-7.95177,207.771,208.031764,-32.3567293,-38.2717992,0
0,nominal,1.00,1.00,20500,266234,-49.4441,8.959,50.249206,7.92371,3.20993,197.356,197.541083,40.1493241,16.2646689,0
0,nominal,1.00,1.00,20500,267634,53.1873,14.1874,55.0469908,-2.37723,2.90307,195.317,195.353038,-12.1711372,14.8633759,0
0,nominal,1.00,1.00,20500,271896,-11.4886,2.10106,11.6791431,-0.785211,4.63193,200.344,200.399076,-3.91931378,23.1198838,1
0,nominal,1.00,1.00,20500,278454,20.4548,-74.5196,77.2759317,3.84539,-8.25534,200.755,200.961458,19.1546412,-41.1214665,0
0,nominal,1.00,1.00,20500,295732,-39.5826,-26.218,47.4780554,-8.32025,1.20999,209.507,209.675639,-39.7134702,5.77541562,0
0,nominal,1.00,1.00,20500,307254,111.268,31.8172,115.727706,-0.106471,-3.12418,204.062,204.085942,-0.521758093,-15.3099548,0
0,nominal,1.00,1.00,20500,308905,43.6107,27.2453,51.4217807,7.54659,8.61103,198.231,198.561402,38.0696763,43.4393712,0
0,nominal,1.00,1.00,20500,317570,-14.899,-54.6008,56.5970632,5.48102,-5.43749,204.087,204.232983,26.8562917,-26.6430003,0
0,nominal,1.00,1.00,20500,318783,6.23895,12.8558,14.2897198,3.98601,-1.47996,191.551,191.598184,20.8091318,-7.72619302,1
0,nominal,1.00,1.00,20500,329219,125.965,24.0913,128.248088,10.0713,7.54485,190.728,191.142684,52.8045174,39.5581666,0
0,nominal,1.00,1.00,20500,332236,-39.8948,-73.5911,83.709289,-2.13818,-6.79622,205.477,205.600481,-10.4059335,-33.075332,0
0,nominal,1.00,1.00,20500,333598,48.1406,46.2092,66.7293604,-6.61661,0.862956,204.375,204.483899,-32.3748502,4.22241468,0
0,nominal,1.00,1.00,20500,341298,55.4337,108.899,122.196102,-43.3416,28.0572,198.448,205.054406,-218.402806,141.383133,0
0,nominal,1.00,1.00,20500,343190,-43.4826,115.793,123.688137,-1.27994,4.52044,204.507,204.560958,-6.25866107,22.1040845,0
0,nominal,1.00,1.00,20500,345121,-20.2947,-68.4097,71.3565828,-2.11121,1.37397,200.27,200.28584,-10.5418185,6.86058821,0
0,nominal,1.00,1.00,20500,358188,89.2273,-55.9383,105.311939,2.2795,-3.22574,206.928,206.965695,11.0159089,-15.5887072,0
0,nominal,1.00,1.00,20500,359010,161.365,34.169,164.942971,-2.36416,-2.26542,207.754,207.779801,-11.3796124,-10.9043388,0
0,nominal,1.00,1.00,20500,361671,40.4204,-54.2113,67.6215482,0.140246,-6.14041,202.808,202.900984,0.691521045,-30.2769615,0
0,nominal,1.00,1.00,20500,366243,-142.348,68.3,157.885538,-50.2041,6.38143,198.089,204.451525,-253.44214,32.214964,0
0,nominal,1.00,1.00,20500,370966,-51.7008,-191.017,197.890038,0.960134,-16.8796,203.578,204.278841,4.71629547,-82.9146568,0
0,nominal,1.00,1.00,20500,383965,-49.2571,-23.7329,54.6764341,2.11468,-7.41299,199.63,199.778781,10.592997,-37.1336472,0
0,nominal,1.00,1.00,20500,392313,-23.671,16.967,29.1237932,0.604283,8.91576,207.273,207.465545,2.9153966,43.014575,0
0,nominal,1.00,1.00,20500,410010,-27.8138,12.6276,30.5460923,7.74686,-0.367475,201.897,202.045904,38.3703572,-1.82011124,0
0,nominal,1.00,1.00,20500,412081,73.1789,-19.2292,75.6631584,-7.38549,-4.3413,202.403,202.584221,-36.4890343,-21.4487928,0
0,nominal,1.00,1.00,20500,417822,71.2895,49.6348,86.8665999,-0.703016,0.91168,200.178,200.181311,-3.51195436,4.55434663,0
0,nominal,1.00,1.00,20500,428586,88.1509,-45.6087,99.2508674,-5.39399,3.05363,206.285,206.378102,-26.1482415,14.8029668,0
0,nominal,1.00,1.00,20500,431980,91.7553,-66.1017,113.086117,-5.56116,-5.74621,201.519,201.677596,-27.5962068,-28.5144825,0
0,nominal,1.00,1.00,20500,432179,-13.3452,109.681,110.489892,-4.93833,7.70128,202.026,202.233038,-24.444032,38.1202419,0
0,nominal,1.00,1.00,20500,435193,68.2169,43.1719,80.7301579,2.78993,-0.590642,196.953,196.973645,14.1654608,-2.99889821,0
0,nominal,1.00,1.00,20500,442674,62.3967,-32.7249,70.4575564,-9.20563,-3.88417,203.627,203.871983,-45.2082975,-19.0749262,0
0,nominal,1.00,1.00,20500,446406,50.6749,-1.41873,50.694756,3.94621,-7.46401,199.819,199.997292,19.7489228,-37.3538552,0
0,nominal,1.00,1.00,20500,451676,-35.2047,68.7348,77.2259259,-6.56234,6.86267,199.445,199.670901,-32.9030058,34.4088345,0
0,nominal,1.00,1.00,20500,455466,11.3751,70.4741,71.3862149,1.42021,2.69263,204.845,204.867619,6.93309576,13.1447192,0
0,nominal,1.00,1.00,20500,475235,36.4829,12.9139,38.701044,-13.0821,6.51421,206.733,207.248907,-63.280173,31.5102572,0
0,nominal,1.00,1.00,20500,481350,9.54229,31.1578,32.5862517,9.01712,0.203798,201.727,201.928533,44.6996188,1.01026635,0
0,nominal,1.00,1.00,20500,485020,86.3484,-132.88,158.471261,-1.78353,-5.90012,208.081,208.172272,-8.57132559,-28.3549195,0
0,nominal,1.00,1.00,20500,485966,-64.5017,-62.9915,90.1576307,-9.62315,-6.75097,208.566,208.897001,-46.1395913,-32.3685069,0
0,nominal,1.00,1.00,20500,490002,-36.6025,-5.59321,37.0273818,7.19828,3.67438,194.181,194.349111,37.0699502,18.9224486,0
0,nominal,1.00,1.00,20500,497687,-40.8825,-3.89701,41.0678158,-2.6621,-2.84659,204.97,205.00705,-12.9877543,-13.8878372,0
0,nominal,1.00,1.00,20500,500236,148.123,0.146946,148.123073,-3.89532,-6.2047,206.824,206.953712,-18.8339845,-29.9999033,0
0,nominal,1.00,1.00,20500,500991,31.5661,46.7486,56.4078919,-2.78892,7.04944,200.231,200.374465,-13.9285126,35.2065365,0
0,nominal,1.00,1.00,20500,517654,72.3552,54.6085,90.6496731,5.31411,8.79356,200.677,200.939854,26.4809121,43.8194711,0
0,nominal,1.00,1.00,20500,518487,60.1301,85.2253,104.302352,7.03064,0.75087,196.073,196.200446,35.8572572,3.82954308,0
0,nominal,1.00,1.00,20500,520817,-5.85112,-10.3906,11.9247714,5.07904,0.385345,194.218,194.284782,26.1512321,1.98408489,1
0,nominal,1.00,1.00,20500,521794,47.0034,64.1897,79.5590171,-3.36484,-0.631612,209.368,209.39599,-16.0714149,-3.01675519,0
0,nominal,1.00,1.00,20500,523372,-49.2401,38.168,62.3007518,-2.8283,10.4099,201.203,201.491966,-14.0569475,51.7382942,0
0,nominal,1.00,1.00,20500,525809,16.2022,-16.5215,23.1402517,-8.9417,-2.65528,205.157,205.368934,-43.5846693,-12.9426732,0
0,nominal,1.00,1.00,20500,539122,110.118,91.7919,143.358735,7.45314,8.59085,196.492,196.820878,37.9310099,43.7211184,0
0,nominal,1.00,1.00,20500,540478,57.6371,10.6523,58.6131964,-6.92443,4.18356,207.364,207.521754,-33.3926332,20.174958,0
0,nominal,1.00,1.00,20500,542430,39.6685,42.6228,58.2262224,6.99697,9.65692,194.431,194.796374,35.9869054,49.6675942,0
0,nominal,1.00,1.00,20500,543065,-18.2257,-172.787,173.745571,0.79962,-9.8861,198.884,199.131162,4.02053458,-49.7078699,0
0,nominal,1.00,1.00,20500,544588,-38.2485,26.5635,46.5678782,1.50016,7.99673,199.121,199.287157,7.53391154,40.1601539,0
0,nominal,1.00,1.00,20500,551595,45.9639,-56.7478,73.0273436,-0.623092,0.4841,197.244,197.245578,-3.15899089,2.45432054,0
0,nominal,1.00,1.00,20500,555551,-22.0388,-52.9898,57.3901351,3.23025,-3.45823,192.422,192.480181,16.7873216,-17.9721134,0
0,nominal,1.00,1.00,20500,557050,12.6789,1.30519,12.7459023,6.24392,1.87137,192.401,192.511385,32.452638,9.72640475,1
0,nominal,1.00,1.00,20500,568091,41.6103,31.0813,51.9371185,-3.53887,3.47863,199.632,199.693665,-17.7269676,17.4252124,0
0,nominal,1.00,1.00,20500,574533,5.0735,67.9415,68.1306673,-2.57321,6.34707,193.59,193.711112,-13.2920605,32.786146,0
0,nominal,1.00,1.00,20500,585589,33.077,-48.4265,58.6448108,-11.1778,-8.13232,203.381,203.850212,-54.9599028,-39.9856427,0
0,nominal,1.00,1.00,20500,593033,122.175,-54.6852,133.855152,-1.13982,0.628212,203.283,203.287166,-5.60706011,3.0903322,0
0,nominal,1.00,1.00,20500,596056,80.1592,71.9151,107.690663,2.23608,15.9571,197.203,197.860184,11.3389756,80.917126,0
0,nominal,1.00,1.00,20500,612374,-85.582,46.2636,97.2861728,-17.9668,4.0493,207.709,208.523935,-86.4998628,19.4950628,0
0,nominal,1.00,1.00,20500,613946,83.3852,0.604718,83.3873927,3.42931,0.836402,191.931,191.963456,17.8674107,4.35782651,0
0,nominal,1.00,1.00,20500,614466,-60.5109,35.89,70.353828,1.88545,2.10716,199.54,199.560033,9.44898266,10.5600882,0
0,nominal,1.00,1.00,20500,615627,-16.7347,2.04351,16.859007,-0.227638,3.957,197.118,197.157844,-1.15483112,20.0742702,1
0,nominal,1.00,1.00,20500,617393,112.539,-30.1648,116.511552,1.25188,-1.9555,192.269,192.283019,6.51108603,-10.1706463,0
0,nominal,1.00,1.00,20500,618940,-64.8269,-165.948,178.160786,-2.41333,-15.922,204.96,205.591673,-11.774639,-77.6834504,0
0,nominal,1.00,1.00,20500,619096,-26.0546,47.2678,53.9730219,0.573491,-2.07972,198.455,198.466726,2.88977854,-10.4795546,0
0,nominal,1.00,1.00,20500,623988,70.5817,-44.9259,83.6666772,-7.9,2.77843,200.285,200.459998,-39.4437926,13.8723819,0
0,nominal,1.00,1.00,20500,636304,46.0473,-37.2107,59.2029563,7.39501,-5.02249,189.846,190.056348,38.9526774,-26.4556009,0
0,nominal,1.00,1.00,20500,638021,53.9806,80.4963,96.9203771,1.80762,6.92997,201.376,201.503313,8.97634276,34.413088,0
0,nominal,1.00,1.00,20500,641878,-9.38663,-7.42983,11.9712655,3.72811,5.92459,192.812,192.939024,19.3354667,30.7272888,1
0,nominal,1.00,1.00,20500,646287,2.51781,-6.81348,7.26380595,-6.93894,2.84418,198.566,198.707561,-34.9452575,14.3236002,1
0,nominal,1.00,1.00,20500,653538,73.2612,14.7552,74.732318,-1.11954,5.88043,194.981,195.072866,-5.74179023,30.1589899,0
0,nominal,1.00,1.00,20500,653541,-32.1884,27.3388,42.2315413,3.5131,1.01624,200.3,200.333384,17.5391912,5.07358962,0
0,nominal,1.00,1.00,20500,654306,-50.9083,57.5396,76.8274728,9.11458,0.658729,189.966,190.185674,47.9800596,3.46761526,0
0,nominal,1.00,1.00,20500,661991,-21.8982,-68.578,71.9893968,2.14432,-2.277,196.38,196.404906,10.9192382,-11.5948671,0
0,nominal,1.00,1.00,20500,679446,-19.2544,29.1825,34.9621256,-4.28027,0.0928468,205.984,206.028487,-20.7796237,0.450747631,0
0,nominal,1.00,1.00,20500,685584,-8.73501,0.591483,8.75501295,11.0609,2.84756,191.318,191.658627,57.8142151,14.8839106,1
0,nominal,1.00,1.00,20500,701433,-12.686,8.55684,15.3020948,5.34566,3.84023,191.533,191.646063,27.9098641,20.0499653,1
0,nominal,1.00,1.00,20500,702575,-43.7521,-63.2821,76.9341955,0.897912,-2.70082,198.361,198.381418,4.52665595,-13.6156805,0
0,nominal,1.00,1.00,20500,706504,54.6788,47.0867,72.1590499,-2.0364,8.82441,206.731,206.929272,-9.85048203,42.6854705,0
0,nominal,1.00,1.00,20500,708077,89.2663,-3.69201,89.3426172,-2.79779,5.32052,198.231,198.322124,-14.1137864,26.8399998,0
0,nominal,1.00,1.00,20500,716245,58.3889,15.3851,60.3818263,0.316127,-1.84257,198.841,198.849788,1.58984817,-9.26654966,0
0,nominal,1.00,1.00,20500,721334,9.08966,119.592,119.936935,-4.96983,13.42,197.517,198.034747,-25.1615304,67.9435188,0
0,nominal,1.00,1.00,20500,722498,35.1786,-21.4824,41.2192602,-4.42278,-5.26269,196.328,196.448315,-22.527505,-26.8056008,0
0,nominal,1.00,1.00,20500,735468,43.4116,46.4562,63.5825883,-5.80624,8.68156,206.94,207.203392,-28.0576012,41.9520634,0
0,nominal,1.00,1.00,20500,738044,58.4596,-40.411,71.0673888,-3.19348,-6.21694,198.823,198.945807,-16.0619244,-31.2687164,0
0,nominal,1.00,1.00,20500,743759,84.0895,40.7927,93.4616947,7.90627,10.4684,191.337,191.786194,41.3211768,54.7118435,0
0,nominal,1.00,1.00,20500,748163,-58.6191,7.71915,59.1251568,3.48496,7.43517,201.501,201.668242,17.295001,36.8989236,0
0,nominal,1.00,1.00,20500,752203,77.8203,-118.875,142.081894,0.194195,-6.70063,208.411,208.518779,0.931788629,-32.1510381,0
0,nominal,1.00,1.00,20500,754686,15.4994,72.158,73.8038506,10.9641,7.49818,194.229,194.682661,56.4493459,38.6048427,0
0,nominal,1.00,1.00,20500,772027,-64.0367,47.7215,79.8626353,-7.12486,-2.94387,207.686,207.829027,-34.3059234,-14.1746194,0
0,nominal,1.00,1.00,20500,781954,112.862,99.6842,150.581442,-4.37153,6.41985,201.343,201.49275,-21.7118549,31.8851413,0
0,nominal,1.00,1.00,20500,800455,-5.78665,-60.5239,60.7998996,6.4051,-2.45117,208.424,208.536801,30.7311058,-11.7604978,0
0,nominal,1.00,1.00,20500,821221,66.466,-35.2678,75.2432513,-7.59324,-4.62009,202.854,203.048634,-37.4320447,-22.7754444,0
0,nominal,1.00,1.00,20500,824497,112.82,28.8516,116.450707,-4.03711,5.01947,203.08,203.182134,-19.8794071,24.7167126,0
0,nominal,1.00,1.00,20500,828139,19.3007,37.5462,42.2165152,4.51474,5.85794,192.715,192.856863,23.4270296,30.3969074,0
0,nominal,1.00,1.00,20500,830862,148.296,-35.2215,152.421316,5.75761,-8.41087,191.911,192.181489,30.001459,-43.8269302,0
0,nominal,1.00,1.00,20500,837242,9.61758,54.5197,55.3614987,-7.35066,-2.17339,204.386,204.529687,-35.9645964,-10.6337518,0
0,nominal,1.00,1.00,20500,852654,-20.3419,44.0514,48.5213225,11.2508,8.62698,192.301,192.822924,58.506196,44.8618572,0
0,nominal,1.00,1.00,20500,858040,-15.5079,54.4044,56.571492,-1.80494,-1.10538,197.632,197.643333,-9.13283274,-5.59312257,0
0,nominal,1.00,1.00,20500,859678,2.36549,-89.1619,89.193273,-2.96826,-5.51811,208.773,208.867005,-14.2176431,-26.4311477,0
0,nominal,1.00,1.00,20500,885330,20.5139,24.8345,32.211372,-0.358347,4.56813,203.609,203.660554,-1.75997623,22.4357961,0
0,nominal,1.00,1.00,20500,893047,103.192,63.6339,121.23474,-5.62617,3.1943,209.101,209.201065,-26.906471,15.2763497,0
0,nominal,1.00,1.00,20500,900669,56.4025,49.0043,74.7172231,4.08679,7.13152,193.82,193.994208,21.0854917,36.7945516,0
0,nominal,1.00,1.00,20500,904694,-53.3983,43.9795,69.1778495,-6.53954,1.13459,199.464,199.574398,-32.7855653,5.68819436,0
0,nominal,1.00,1.00,20500,904757,23.7695,-88.2486,91.3936788,-6.7537,-7.89761,205.076,205.339111,-32.9326689,-38.5106497,0
0,nominal,1.00,1.00,20500,907158,139.583,-86.9347,164.441649,1.10571,-5.51161,198.714,198.793496,5.56432863,-27.736395,0
0,nominal,1.00,1.00,20500,911922,51.9706,26.8492,58.4963486,7.63368,14.985,191.255,191.992964,39.9136232,78.3508928,0
0,nominal,1.00,1.00,20500,920691,24.7885,46.6073,52.7892995,-8.43986,0.0812515,198.362,198.541484,-42.5477662,0.409612224,0
0,nominal,1.00,1.00,20500,922289,34.8418,-70.2182,78.3871586,-3.1548,1.34766,194.813,194.843203,-16.1939912,6.91771083,0
0,nominal,1.00,1.00,20500,922789,79.6831,84.4269,116.091765,-1.53246,0.674553,197.67,197.677091,-7.752618,3.41252087,0
0,nominal,1.00,1.00,20500,925620,-1.20495,82.6256,82.6343856,-18.2377,29.9267,194.176,197.313304,-93.9235539,154.121519,0
0,nominal,1.00,1.00,20500,929351,67.0869,21.966,70.5914818,-9.18229,6.91276,204.854,205.176173,-44.8235817,33.7448134,0
0,nominal,1.00,1.00,20500,931497,106.166,134.271,171.172197,7.21829,13.6274,194.682,195.29181,37.0773364,69.9982536,0
0,nominal,1.00,1.00,20500,937254,88.6337,9.35716,89.1262544,4.51753,-1.69476,194.281,194.340905,23.2525569,-8.72324108,0
0,nominal,1.00,1.00,20500,938133,-54.1795,-48.3331,72.6051429,-1.89584,-2.12391,205.73,205.749698,-9.21518495,-10.3237739,0
0,nominal,1.00,1.00,20500,943022,110.525,20.2551,112.365674,5.38031,1.82142,197.551,197.632646,27.2350431,9.21999889,0
0,nominal,1.00,1.00,20500,957137,-22.0497,32.6796,39.4226525,-2.82875,6.02225,199.827,199.937738,-14.1559949,30.1373188,0
0,nominal,1.00,1.00,20500,962108,104.182,-71.068,126.113242,3.86306,-11.515,191.448,191.832883,20.1781163,-60.1468806,0
0,nominal,1.00,1.00,20500,965220,50.0878,-62.472,80.0720831,4.10397,1.01957,196.275,196.320548,20.9092854,5.19459941,0
0,nominal,1.00,1.00,20500,967369,54.0688,-51.8552,74.9159322,-9.45106,-10.066,206.935,207.395133,-45.671636,-48.6432938,0
0,nominal,1.00,1.00,20500,977265,-16.5408,-101.729,103.064967,-3.76444,-17.2522,207.819,208.567845,-18.1140319,-83.0155087,0
0,nominal,1.00,1.00,20500,980666,42.0127,64.0214,76.5754962,2.68945,5.77691,203.74,203.839627,13.2004025,28.3543241,0
0,nominal,1.00,1.00,20500,999535,16.6199,90.4456,91.9599241,-5.05676,9.82556,199.086,199.392447,-25.3998774,49.3533448,0
0,nominal,1.00,1.00,20500,999889,57.4691,-178.202,187.239553,7.40704,-13.2118,189.688,190.291758,39.0485429,-69.6501624,0
0,nominal,1.00,1.00,22000,2485,73.5878,-124.215,144.37635,13.6635,9.61385,193.809,194.527751,70.499822,49.6047655,0
0,nominal,1.00,1.00,22000,6346,46.4469,88.7859,100.201051,-6.34953,-1.19735,206.023,206.124299,-30.8195202,-5.81172976,0
0,nominal,1.00,1.00,22000,12234,-83.5005,96.5741,127.667107,-23.6796,-8.40059,199.558,201.13351,-118.660239,-42.0959821,0
0,nominal,1.00,1.00,22000,14251,-70.3215,119.571,138.716752,-12.6701,-7.06323,204.793,205.306097,-61.8678373,-34.4896066,0
0,nominal,1.00,1.00,22000,18460,91.4376,-76.9505,119.508218,7.06397,7.9943,194.312,194.60463,36.3537507,41.1415661,0
0,nominal,1.00,1.00,22000,33486,-48.965,12.4451,50.5217947,-6.92597,-2.42752,206.937,207.0671,-33.4689785,-11.73072,0
0,nominal,1.00,1.00,22000,43269,-27.9312,-171.719,173.975765,-5.72738,12.0399,202.513,202.951416,-28.2815424,59.4524796,0
0,nominal,1.00,1.00,22000,55892,29.3669,45.7502,54.3644702,9.95476,-3.59548,190.792,191.085353,52.1759822,-18.8450249,0
0,nominal,1.00,1.00,22000,56575,-79.9748,94.3238,123.664659,-13.0356,-7.13444,205.242,205.779264,-63.513316,-34.7611113,0
0,nominal,1.00,1.00,22000,58839,99.829,31.6085,104.713545,8.4442,5.07728,200.172,200.414353,42.1847211,25.3645865,0
0,nominal,1.00,1.00,22000,60991,13.7703,138.658,139.340095,-6.4941,-9.44949,199.334,199.663491,-32.578988,-47.4053097,0
0,nominal,1.00,1.00,22000,74482,-2.60592,165.957,165.977458,-7.32026,-11.9642,207.759,208.231915,-35.2343821,-57.5869156,0
0,nominal,1.00,1.00,22000,78377,92.265,-152.063,177.865079,9.77931,7.69158,191.517,191.920704,51.06236,40.1613434,0
0,nominal,1.00,1.00,22000,83218,13.4008,-59.5111,61.0012497,-0.59162,-1.49464,203.795,203.80134,-2.90301528,-7.33403665,0
0,nominal,1.00,1.00,22000,88261,11.1535,12.4007,16.6786667,-1.44127,0.96217,208.368,208.375206,-6.91694502,4.61764762,1
0,nominal,1.00,1.00,22000,99791,-8.95047,10.2325,13.5946669,6.04855,2.73849,201.422,201.531403,30.0292421,13.595784,1
0,nominal,1.00,1.00,22000,111480,97.1767,-1.83698,97.1940611,10.2926,3.10649,201.174,201.461079,51.1626751,15.4418066,0
0,nominal,1.00,1.00,22000,115205,93.1375,0.585883,93.1393427,3.73038,0.453483,193.814,193.850427,19.2472164,2.33978454,0
0,nominal,1.00,1.00,22000,121438,94.4749,-27.0845,98.2806027,3.81513,4.55218,197.606,197.695242,19.3067518,23.0366487,0
0,nominal,1.00,1.00,22000,124686,82.2468,63.0189,103.614274,11.9246,-7.12118,192.828,193.327558,61.8406041,-36.9302176,0
0,nominal,1.00,1.00,22000,130484,-49.5289,3.69618,49.6666254,-16.8692,3.41082,203.54,204.266334,-82.879041,16.7574924,0
0,nominal,1.00,1.00,22000,133321,152.439,-40.1739,157.643874,12.016,2.73461,194.654,195.043693,61.7300441,14.0485682,0
0,nominal,1.00,1.00,22000,134665,-35.6249,178.692,182.208574,-6.496,-9.9865,200.749,201.102186,-32.3588162,-49.7462005,0
0,nominal,1.00,1.00,22000,135815,-43.7335,76.7659,88.3494336,-13.9798,18.7381,196.821,198.204584,-71.0279899,95.2037638,0
0,nominal,1.00,1.00,22000,135893,115.087,37.6245,121.08105,21.1948,0.0523319,189.842,191.021484,111.64442,0.275660286,0
0,nominal,1.00,1.00,22000,143475,-7.12784,-158.578,158.738112,-2.98313,4.5824,209.583,209.654314,-14.2336449,21.8643688,0
0,nominal,1.00,1.00,22000,149365,92.8835,-171.901,195.390118,11.7484,7.55248,196.721,197.216167,59.7211279,38.3918341,0
0,nominal,1.00,1.00,22000,168990,-0.223196,60.3957,60.3961124,3.54537,-2.56812,202.521,202.56831,17.5061845,-12.680759,0
0,nominal,1.00,1.00,22000,169630,-50.9383,149.921,158.338298,-11.9067,-3.56034,198.908,199.295855,-59.8603374,-17.8994309,0
0,nominal,1.00,1.00,22000,178143,96.9569,169.085,194.911205,3.12326,-6.26464,198.106,198.229634,15.7656002,-31.6226667,0
0,nominal,1.00,1.00,22000,196905,-22.7298,126.343,128.371326,3.84809,-2.57445,207.182,207.233725,18.5734765,-12.4260312,0
0,nominal,1.00,1.00,22000,197775,13.7062,104.071,104.969676,2.74096,-4.33543,199.473,199.538935,13.7410076,-21.7344202,0
0,nominal,1.00,1.00,22000,206527,-20.7704,55.3364,59.106063,-10.202,0.147986,203.334,203.589828,-50.173606,0.727797614,0
0,nominal,1.00,1.00,22000,221055,-40.7459,89.8248,98.6342895,-7.27162,-0.174051,199.942,200.074262,-36.3686469,-0.870507447,0
0,nominal,1.00,1.00,22000,251411,-35.892,-149.612,153.857032,-14.6915,8.36148,203.16,203.862062,-72.3149242,41.1571175,0
0,nominal,1.00,1.00,22000,256127,-39.1207,30.01,49.305469,-13.8939,1.93954,201.814,202.300996,-68.8450752,9.61053247,0
0,nominal,1.00,1.00,22000,256385,20.1303,-11.8012,23.3344659,6.81887,1.71463,203.545,203.666404,33.5005527,8.42383748,0
0,nominal,1.00,1.00,22000,259772,31.3611,116.732,120.87133,6.91202,-8.99094,198.101,198.425349,34.8913938,-45.3856366,0
0,nominal,1.00,1.00,22000,261252,-30.5482,-66.4465,73.1322766,-14.5061,-20.181,199.471,201.013381,-72.7228519,-101.172602,0
0,nominal,1.00,1.00,22000,263152,-57.4425,-115.474,128.972421,-11.4457,3.5334,207.686,208.03116,-55.1105997,17.0131834,0
0,nominal,1.00,1.00,22000,266234,41.1798,31.2372,51.6869286,13.8144,-0.153779,197.057,197.540686,70.1035741,-0.780378266,0
0,nominal,1.00,1.00,22000,267634,9.26885,35.7744,36.9556393,-4.14417,-0.812932,195.308,195.353653,-21.2186393,-4.16230774,0
0,nominal,1.00,1.00,22000,271896,-13.5216,31.6764,34.4416606,-1.39401,1.02821,200.392,200.399486,-6.95641543,5.13099325,0
0,nominal,1.00,1.00,22000,278454,44.493,-142.075,148.87892,6.53626,5.76135,200.772,200.960971,32.5556352,28.6959835,0
0,nominal,1.00,1.00,22000,295732,-107.294,-24.2511,110.000538,-41.2794,3.15227,205.548,209.675716,-200.826084,15.3359313,0
0,nominal,1.00,1.00,22000,307254,65.4599,18.7562,68.0940052,0.215193,-4.3041,204.041,204.086504,1.05465568,-21.0942899,0
0,nominal,1.00,1.00,22000,308905,90.8474,87.655,126.240442,13.1416,-0.744251,198.125,198.561757,66.3298423,-3.75647192,0
0,nominal,1.00,1.00,22000,317570,37.5506,-99.6321,106.473485,9.40295,4.28209,203.972,204.233515,46.0992195,20.9935187,0
0,nominal,1.00,1.00,22000,318783,39.7782,5.96853,40.2234825,7.07533,-1.75557,191.459,191.597732,36.9548049,-9.16943053,0
0,nominal,1.00,1.00,22000,329219,161.608,78.315,179.583922,17.5938,-1.10414,190.328,191.142639,92.4393678,-5.80124837,0
0,nominal,1.00,1.00,22000,332236,-41.0411,-130.675,136.968345,-3.59926,5.86162,205.485,205.600094,-17.5159257,28.5257805,0
0,nominal,1.00,1.00,22000,333598,-27.3649,60.9555,66.816246,-11.2723,-4.69076,204.119,204.483824,-55.2241585,-22.9805163,0
0,nominal,1.00,1.00,22000,343190,-35.3781,167.679,171.370525,-1.96016,-11.0387,204.254,204.561462,-9.59667865,-54.0439845,0
0,nominal,1.00,1.00,22000,345121,-30.0406,-74.105,79.9624204,-3.67988,7.69752,200.104,200.285806,-18.3898373,38.4675968,0
0,nominal,1.00,1.00,22000,358188,72.0681,-86.8787,112.879226,4.08291,5.03581,206.864,206.965562,19.7371703,24.3435784,0
0,nominal,1.00,1.00,22000,359010,77.8234,26.5631,82.2318665,-3.35376,-4.37478,207.707,207.780134,-16.1465911,-21.0622656,0
0,nominal,1.00,1.00,22000,361671,24.6764,-103.682,106.578055,0.241616,4.07394,202.86,202.901047,1.19104801,20.08252,0
0,nominal,1.00,1.00,22000,383965,-10.1796,-75.3908,76.0749432,3.64035,0.573748,199.744,199.777994,18.2250781,2.87241669,0
0,nominal,1.00,1.00,22000,392313,-9.15355,75.0046,75.5610846,0.962369,0.835251,207.462,207.465913,4.6387724,4.02604332,0
0,nominal,1.00,1.00,22000,410010,50.0122,12.9472,51.660915,13.3613,-1.45569,201.598,202.045532,66.2769472,-7.22075616,0
0,nominal,1.00,1.00,22000,412081,-20.0643,-50.1286,53.9949319,-12.6208,0.883019,202.188,202.583444,-62.421113,4.36731656,0
0,nominal,1.00,1.00,22000,417822,35.399,65.521,74.4720796,-1.13533,-5.10326,200.113,200.18128,-5.6734445,-25.5018914,0
0,nominal,1.00,1.00,22000,428586,7.81179,-35.8423,36.6837094,-8.92353,5.75588,206.105,206.378367,-43.2960384,27.9269304,0
0,nominal,1.00,1.00,22000,431980,5.03738,-115.104,115.214175,-9.70053,5.59925,201.366,201.677262,-48.1736241,27.8063327,0
0,nominal,1.00,1.00,22000,432179,-49.2389,180.901,187.482375,-8.2929,-9.63228,201.834,202.233817,-41.0877256,-47.723773,0
0,nominal,1.00,1.00,22000,435193,63.8583,48.4093,80.1332815,4.94601,-4.83917,196.852,196.973578,25.1255258,-24.582783,0
0,nominal,1.00,1.00,22000,438465,10.7234,52.6455,53.7265296,9.99873,-0.230399,207.719,207.959637,48.135847,-1.10918597,0
0,nominal,1.00,1.00,22000,442674,-41.3361,-63.4041,75.6885266,-15.7501,2.4453,203.248,203.872006,-77.4920294,12.0311147,0
0,nominal,1.00,1.00,22000,446406,63.7758,-48.735,80.264892,6.97397,-1.83323,199.867,199.997037,34.8930539,-9.17224955,0
0,nominal,1.00,1.00,22000,451676,-76.6438,126.621,148.010641,-11.2393,-5.61982,199.275,199.670804,-56.4009535,-28.2013298,0
0,nominal,1.00,1.00,22000,455466,18.6165,101.727,103.416423,2.44017,-6.7001,204.743,204.867132,11.9182097,-32.7244399,0
0,nominal,1.00,1.00,22000,475235,-89.8034,55.4888,105.563524,-33.1133,0.455491,204.586,207.248955,-161.855161,2.22640357,0
0,nominal,1.00,1.00,22000,481350,82.9791,38.9859,91.68114,15.6583,-3.29813,201.293,201.928036,77.7885967,-16.3847228,0
0,nominal,1.00,1.00,22000,490002,43.6586,16.9216,46.8232197,12.6788,1.50846,193.929,194.348873,65.3785664,7.77841375,0
0,nominal,1.00,1.00,22000,497687,-46.888,-22.2726,51.9090864,-4.7427,-0.398768,204.952,205.007255,-23.1405402,-1.94566533,0
0,nominal,1.00,1.00,22000,500236,56.4735,-37.6395,67.8674308,-6.1095,-1.78835,206.856,206.953929,-29.5350389,-8.64538616,0
0,nominal,1.00,1.00,22000,500991,-5.90399,100.866,101.038641,-4.84593,-3.11694,200.291,200.373858,-24.1944471,-15.5620572,0
0,nominal,1.00,1.00,22000,502946,-80.0548,-1.86587,80.0765413,-32.4051,16.332,199.955,203.221128,-162.061964,81.6783776,0
0,nominal,1.00,1.00,22000,517654,86.9378,121.166,149.128738,9.0443,-3.56233,200.705,200.940256,45.0626541,-17.7490845,0
0,nominal,1.00,1.00,22000,518487,95.9095,108.115,144.525034,12.1022,-9.12596,195.614,196.200365,61.86776,-46.6528981,0
0,nominal,1.00,1.00,22000,520817,42.1563,-10.1202,43.3540319,8.95673,1.22519,194.074,194.284435,46.1511073,6.31300432,0
0,nominal,1.00,1.00,22000,521794,0.755416,73.3075,73.3113921,-5.56297,-6.95003,209.207,209.396319,-26.5907451,-33.2208291,0
0,nominal,1.00,1.00,22000,523372,-52.5615,111.361,123.142128,-4.85173,-1.27017,201.429,201.491426,-24.0865516,-6.30579509,0
0,nominal,1.00,1.00,22000,525809,-65.6028,-36.3222,74.9868627,-15.3455,1.0121,204.792,205.368625,-74.9321263,4.94208758,0
0,nominal,1.00,1.00,22000,527175,-61.6774,40.6377,73.8615213,-1.80775,4.91105,203.83,203.897168,-8.86891037,24.0938527,0
0,nominal,1.00,1.00,22000,531205,-44.8394,-78.7204,90.5951057,-3.65587,1.26187,207.229,207.265087,-17.6416911,6.08925392,0
0,nominal,1.00,1.00,22000,540478,-22.8798,38.359,44.6642825,-11.6437,0.0901846,207.195,207.521931,-56.1968194,0.435264364,0
0,nominal,1.00,1.00,22000,542430,84.3346,114.001,141.804629,12.1327,-2.31487,194.404,194.795986,62.4097241,-11.9075225,0
0,nominal,1.00,1.00,22000,544588,-9.00477,82.649,83.1380965,2.59909,-0.733767,199.269,199.2873,13.0431226,-3.68229378,0
0,nominal,1.00,1.00,22000,551595,20.9299,-65.5334,68.7945291,-1.06965,6.25475,197.144,197.246097,-5.42572942,31.7268088,0
0,nominal,1.00,1.00,22000,552721,-136.674,-39.6497,142.309104,-71.3243,16.1843,181.534,195.713261,-392.897749,89.1529961,0
0,nominal,1.00,1.00,22000,555551,16.9049,-86.7717,88.4030744,5.7405,4.95397,192.331,192.480411,29.8469825,25.7575222,0
0,nominal,1.00,1.00,22000,557050,63.6938,13.7466,65.1603343,11.0639,0.301688,192.193,192.511429,57.5666127,1.56971378,0
0,nominal,1.00,1.00,22000,568091,-6.52231,59.4706,59.8271911,-6.10524,-2.4133,199.586,199.693939,-30.5895203,-12.0915295,0
0,nominal,1.00,1.00,22000,574533,-20.2132,123.538,125.180713,-4.5219,-5.84058,193.571,193.711879,-23.3604207,-30.1728048,0
0,nominal,1.00,1.00,22000,580463,-182.472,27.1724,184.484065,-76.5016,3.27074,181.755,197.225943,-420.905065,17.9953234,0
0,nominal,1.00,1.00,22000,585589,-75.5546,-108.961,132.593352,-19.2237,2.99486,202.92,203.850549,-94.7353637,14.7588212,0
0,nominal,1.00,1.00,22000,593033,62.4352,-61.3566,87.5373438,-1.69351,6.1017,203.189,203.28765,-8.33465394,30.0296768,0
0,nominal,1.00,1.00,22000,613946,78.1715,6.16647,78.4143403,6.08949,0.129354,191.867,191.963654,31.738079,0.674185764,0
0,nominal,1.00,1.00,22000,614466,-18.7984,56.5652,59.6070608,3.20106,-3.30453,199.507,199.56004,16.0448506,-16.563479,0
0,nominal,1.00,1.00,22000,615627,-11.6757,27.6912,30.0520303,-0.424009,0.803461,197.156,197.158093,-2.15062691,4.07525513,0
0,nominal,1.00,1.00,22000,617393,74.5555,-48.9387,89.1825035,2.14448,2.88522,192.249,192.282608,11.1547004,15.0077244,0
0,nominal,1.00,1.00,22000,619096,-10.1231,44.0102,45.1594382,0.960063,-5.62961,198.384,198.466183,4.83941749,-28.3773389,0
0,nominal,1.00,1.00,22000,623988,-27.0663,-36.5265,45.4617399,-13.5886,5.60399,199.92,200.459625,-67.9701881,28.0311625,0
0,nominal,1.00,1.00,22000,636304,93.1595,-78.2575,121.667287,13.0103,2.99613,189.587,190.056505,68.624431,15.803457,0
0,nominal,1.00,1.00,22000,638021,46.0361,140.614,147.958168,2.92764,-6.75177,201.369,201.503428,14.5386827,-33.5293417,0
0,nominal,1.00,1.00,22000,641878,28.3403,29.4099,40.8425614,6.5963,2.24094,192.813,192.938814,34.2108675,11.6223491,0
0,nominal,1.00,1.00,22000,646287,-59.1556,9.76981,59.9569362,-12.1224,1.47782,198.331,198.706623,-61.1220636,7.45128094,0
0,nominal,1.00,1.00,22000,653538,31.7099,55.5569,63.9694216,-1.95992,-0.146662,195.063,195.072901,-10.0476256,-0.751869909,0
0,nominal,1.00,1.00,22000,653541,11.5393,39.4192,41.0734558,6.04375,-2.6579,200.224,200.332827,30.1849429,-13.2746324,0
0,nominal,1.00,1.00,22000,654306,55.6174,73.9632,92.5410727,16.2918,-6.23736,189.384,190.185769,86.0252186,-32.9349892,0
0,nominal,1.00,1.00,22000,661991,6.52064,-97.6262,97.8437207,3.77304,6.82994,196.25,196.405057,19.2256815,34.802242,0
0,nominal,1.00,1.00,22000,679446,-47.4046,35.7926,59.3995481,-7.43013,-3.06439,205.872,206.028827,-36.0910177,-14.8849285,0
0,nominal,1.00,1.00,22000,685584,95.9656,19.3096,97.8890036,19.6478,0.581647,190.648,191.65864,103.057992,3.05089484,0
0,nominal,1.00,1.00,22000,701433,41.5053,35.435,54.5740703,9.48986,-0.0334834,191.411,191.646105,49.5784464,-0.174929341,0
0,nominal,1.00,1.00,22000,702575,-17.1854,-93.6179,95.1821894,1.59232,6.10982,198.281,198.381502,8.03062321,30.8139459,0
0,nominal,1.00,1.00,22000,706504,15.2903,110.74,111.790612,-3.43588,-2.42033,206.887,206.929684,-16.60752,-11.6988018,0
0,nominal,1.00,1.00,22000,708077,27.3276,29.2415,40.0232813,-4.73379,1.78463,198.257,198.321536,-23.8770384,9.00159893,0
0,nominal,1.00,1.00,22000,716245,36.8136,6.92514,37.459294,0.679002,-2.14479,198.837,198.849727,3.41486745,-10.7866745,0
0,nominal,1.00,1.00,22000,722498,-18.9665,-59.6321,62.575678,-7.74165,0.988855,196.294,196.449091,-39.4390557,5.03762214,0
0,nominal,1.00,1.00,22000,735468,-22.6204,109.09,111.41055,-9.87371,-2.40072,206.954,207.20331,-47.7096843,-11.600259,0
0,nominal,1.00,1.00,22000,738044,5.74659,-88.0657,88.2529932,-5.5688,2.7251,198.85,198.946627,-28.0050289,13.7042997,0
0,nominal,1.00,1.00,22000,740909,30.2674,-111.038,115.089326,1.04757,-15.1173,195.555,196.141246,5.35690726,-77.3045946,0
0,nominal,1.00,1.00,22000,741206,5.74616,80.3544,80.5595926,2.98631,-20.6727,202.534,203.608202,14.7447342,-102.07027,0
0,nominal,1.00,1.00,22000,743759,117.53,117.742,166.362494,13.58,-2.16815,191.292,191.785679,70.9909458,-11.3342429,0
0,nominal,1.00,1.00,22000,748163,-4.48027,55.8061,55.9856555,5.92186,1.20305,201.577,201.667555,29.3776572,5.96819082,0
0,nominal,1.00,1.00,22000,754686,106.092,136.155,172.608506,19.0312,-6.16792,193.652,194.682631,98.2752566,-31.850536,0
0,nominal,1.00,1.00,22000,772027,-143.21,39.2892,148.501668,-59.297,-6.07282,199.098,207.829322,-297.828205,-30.5016625,0
0,nominal,1.00,1.00,22000,781954,25.8074,159.157,161.235767,-8.05092,-9.12321,201.125,201.492719,-40.0294344,-45.360895,0
0,nominal,1.00,1.00,22000,800455,49.3853,-87.8952,100.819016,10.897,5.66347,208.175,208.536927,52.3453825,27.2053321,0
0,nominal,1.00,1.00,22000,814814,-15.9466,-13.0179,20.5854262,2.77013,-22.0333,196.37,197.621651,14.1066864,-112.202984,0
0,nominal,1.00,1.00,22000,821221,-25.6895,-71.1121,75.61006,-13.0062,2.52131,202.616,203.048668,-64.1913768,12.4437853,0
0,nominal,1.00,1.00,22000,824497,31.9953,65.5562,72.9473411,-6.75529,-1.74036,203.062,203.181787,-33.2671302,-8.57058435,0
0,nominal,1.00,1.00,22000,828139,51.4522,83.6316,98.1915139,7.92355,-2.6962,192.675,192.856703,41.1239133,-13.9935124,0
0,nominal,1.00,1.00,22000,830862,134.023,-96.6736,165.251171,9.74899,2.08726,191.923,192.181782,50.796361,10.8755074,0
0,nominal,1.00,1.00,22000,837242,-56.3901,52.3714,76.9584753,-12.631,-6.42489,204.038,204.529526,-61.9051353,-31.4886933,0
0,nominal,1.00,1.00,22000,852654,90.3989,109.589,142.062346,19.8758,-2.88681,191.774,192.822841,103.641787,-15.0531876,0
0,nominal,1.00,1.00,22000,858040,-24.7751,58.8629,63.8642825,-3.16406,-6.1468,197.523,197.643947,-16.0186915,-31.1194139,0
0,nominal,1.00,1.00,22000,859678,-22.9602,-141.072,142.928234,-5.01852,7.73329,208.663,208.866553,-24.050838,37.0611464,0
0,nominal,1.00,1.00,22000,880231,78.3645,77.5512,110.250549,20.1259,9.46778,192.604,193.883964,104.493676,49.1567153,0
0,nominal,1.00,1.00,22000,885330,9.09683,58.3495,59.0543518,-0.567225,-1.35136,203.656,203.661273,-2.78521134,-6.63550301,0
0,nominal,1.00,1.00,22000,893047,15.4323,95.2029,96.4455704,-9.34989,-5.84618,208.91,209.200828,-44.7555885,-27.9842037,0
0,nominal,1.00,1.00,22000,900669,67.8886,105.463,125.424505,7.01113,-3.62797,193.834,193.994685,36.1707956,-18.7168918,0
0,nominal,1.00,1.00,22000,904694,-98.0065,60.3641,115.104729,-33.3072,-4.48495,196.725,199.575074,-169.308425,-22.7980684,0
0,nominal,1.00,1.00,22000,904757,-42.8684,-155.261,161.070413,-11.5551,7.16017,204.889,205.339452,-56.3968783,34.9465808,0
0,nominal,1.00,1.00,22000,907158,87.6906,-138.463,163.895222,1.34526,8.1747,198.62,198.792706,6.77303393,41.1574867,0
0,nominal,1.00,1.00,22000,911922,97.3506,130.459,162.778039,13.2177,0.464959,191.537,191.993089,69.0085989,2.42751531,0
0,nominal,1.00,1.00,22000,920691,-59.4493,56.8866,82.2818603,-14.696,-5.02877,197.933,198.541516,-74.2473463,-25.4064254,0
0,nominal,1.00,1.00,22000,922289,-8.37426,-76.3541,76.8119575,-5.55727,7.96074,194.601,194.843029,-28.557253,40.9080118,0
0,nominal,1.00,1.00,22000,922789,31.8133,105.946,110.619352,-2.79338,-8.99054,197.453,197.677313,-14.1470628,-45.5325571,0
0,nominal,1.00,1.00,22000,929351,-37.6614,69.0177,78.6245761,-15.648,-0.414628,204.578,205.175997,-76.4891631,-2.02674774,0
0,nominal,1.00,1.00,22000,937254,91.0577,0.40275,91.0585907,8.04503,-1.43937,194.169,194.340924,41.433133,-7.41297529,0
0,nominal,1.00,1.00,22000,938133,-48.1271,-71.3009,86.0234625,-3.39006,4.5226,205.672,205.749649,-16.4828465,21.9893812,0
0,nominal,1.00,1.00,22000,943022,111.162,35.9385,116.827077,9.5686,-1.76793,197.392,197.631691,48.4751155,-8.956442,0
0,nominal,1.00,1.00,22000,957137,-37.2394,77.5149,85.9961199,-4.9286,-1.89471,199.868,199.937736,-24.6592751,-9.47980667,0
0,nominal,1.00,1.00,22000,962108,90.0593,-160.775,184.280433,5.90069,5.25586,191.67,191.832821,30.7856733,27.4214014,0
0,nominal,1.00,1.00,22000,965220,64.8979,-69.1453,94.8304273,7.17913,7.04078,196.063,196.320688,36.6164447,35.9108042,0
0,nominal,1.00,1.00,22000,967369,-46.8086,-123.96,132.503308,-16.119,2.63914,206.751,207.395186,-77.9633472,12.7648234,0
0,nominal,1.00,1.00,22000,977523,39.7321,-35.1454,53.0456305,11.0948,-4.24392,197.327,197.684219,56.2254532,-21.5070416,0
0,nominal,1.00,1.00,22000,980666,47.1384,113.144,122.570769,4.59729,-5.20202,203.721,203.839255,22.5665984,-25.5350209,0
0,nominal,1.00,1.00,22000,999535,-34.4787,171.689,175.1168,-8.78207,-7.15983,199.07,199.392209,-44.115487,-35.9663937,0
0,nominal,1.00,1.00,23300,2485,149.047,-73.1041,166.009691,9.10258,5.85997,194.227,194.528465,46.8656778,30.1707281,0
0,nominal,1.00,1.00,23300,6346,2.60355,92.7548,92.7913325,-7.42737,2.24746,205.978,206.124121,-36.0590451,10.9111653,0
0,nominal,1.00,1.00,23300,18460,122.957,-30.9401,126.790038,2.62809,5.92191,194.496,194.603879,13.5123087,30.4474642,0
0,nominal,1.00,1.00,23300,33486,-107.957,-2.07156,107.976873,-38.653,-2.21584,203.415,207.06672,-190.020402,-10.8931986,0
0,nominal,1.00,1.00,23300,43269,-58.6461,-113.182,127.473645,-3.9521,6.58313,202.806,202.9513,-19.487096,32.4602329,0
0,nominal,1.00,1.00,23300,55892,88.7621,26.2834,92.5717425,7.57157,-2.21525,190.923,191.085918,39.6577154,-11.6028451,0
0,nominal,1.00,1.00,23300,58839,137.943,70.8844,155.089875,3.5484,6.96741,200.261,200.413583,17.7188769,34.7916469,0
0,nominal,1.00,1.00,23300,60991,-27.9157,92.5305,96.6497788,-6.26163,-5.01471,199.503,199.664224,-31.3861446,-25.136013,0
0,nominal,1.00,1.00,23300,74482,-45.3801,108.793,117.878201,-6.38089,-6.68608,208.027,208.232207,-30.6733741,-32.1404433,0
0,nominal,1.00,1.00,23300,78377,141.181,-118.128,184.082316,4.93892,2.59208,191.84,191.921071,25.7449958,13.5116764,0
0,nominal,1.00,1.00,23300,83218,8.07375,-77.7006,78.1189393,-1.04459,-4.07498,203.758,203.801421,-5.1266208,-19.9991166,0
0,nominal,1.00,1.00,23300,88261,1.23264,20.4033,20.4405003,-1.71093,1.57562,208.362,208.374981,-8.21133412,7.56193548,0
0,nominal,1.00,1.00,23300,99791,28.9676,30.3909,41.9848622,5.68187,3.4864,201.421,201.531283,28.2089256,17.3090194,0
0,nominal,1.00,1.00,23300,111480,146.674,19.1992,147.925223,5.29179,3.41428,201.363,201.461456,26.2798528,16.9558459,0
0,nominal,1.00,1.00,23300,115205,103.652,3.90221,103.725428,-0.349665,0.534473,193.85,193.851052,-1.80379159,2.75714728,0
0,nominal,1.00,1.00,23300,121438,105.13,0.949708,105.13429,-0.323322,4.03057,197.654,197.695356,-1.63579791,20.3920487,0
0,nominal,1.00,1.00,23300,124686,146.021,20.8666,147.504398,7.24638,-5.50948,193.113,193.32743,37.5240403,-28.5298245,0
0,nominal,1.00,1.00,23300,134665,-70.2144,134.623,151.833508,-4.31943,-4.01288,201.016,201.102444,-21.487991,-19.962988,0
0,nominal,1.00,1.00,23300,143475,-23.6353,-149.41,151.267893,-2.36264,-1.27233,209.637,209.654174,-11.2701479,-6.06920534,0
0,nominal,1.00,1.00,23300,168990,21.2181,51.1639,55.3891003,3.13739,-0.44348,202.544,202.568783,15.4899182,-2.18954894,0
0,nominal,1.00,1.00,23300,178143,102.738,148.894,180.899198,-1.06934,-0.25231,198.227,198.230045,-5.39452244,-1.27283367,0
0,nominal,1.00,1.00,23300,196305,94.3032,-44.6781,104.351455,8.00016,-21.1311,189.787,191.127265,42.1533614,-111.341135,0
0,nominal,1.00,1.00,23300,196905,2.99952,126.123,126.158663,4.29427,2.21763,207.178,207.234366,20.7274421,10.703984,0
0,nominal,1.00,1.00,23300,197775,28.6245,88.5088,93.0224149,1.87802,-0.672209,199.529,199.53897,9.41226589,-3.36897895,0
0,nominal,1.00,1.00,23300,206527,-79.9593,63.8396,102.318054,-13.4526,2.3985,203.13,203.589101,-66.2265544,11.8077093,0
0,nominal,1.00,1.00,23300,221055,-81.8928,100.988,130.019256,-15.0604,3.42253,199.478,200.074991,-75.4990525,17.1574309,0
0,nominal,1.00,1.00,23300,256385,58.4465,-1.79166,58.473955,5.2379,1.44634,203.594,203.666503,25.7271825,7.10404039,0
0,nominal,1.00,1.00,23300,259772,69.6126,70.3412,98.9636221,4.85367,-5.40432,198.292,198.425004,24.4773869,-27.2543522,0
0,nominal,1.00,1.00,23300,266234,121.104,34.4992,125.922093,10.5439,1.08618,197.256,197.540586,53.4528734,5.50644847,0
0,nominal,1.00,1.00,23300,267634,-17.9071,35.0968,39.401137,-4.00009,0.529343,195.312,195.353675,-20.4805132,2.7102431,0
0,nominal,1.00,1.00,23300,271896,-20.2043,43.1277,47.6257519,-0.70196,2.43206,200.383,200.398988,-3.50309158,12.1370575,0
0,nominal,1.00,1.00,23300,278454,78.2017,-121.973,144.889332,4.01443,0.748014,200.92,200.961493,19.9802409,3.72294446,0
0,nominal,1.00,1.00,23300,307254,58.0801,-7.77231,58.5978397,-2.35996,-4.06645,204.032,204.086164,-11.566617,-19.9304521,0
0,nominal,1.00,1.00,23300,308905,159.415,94.4337,185.285903,8.01547,2.67111,198.382,198.56183,40.4042201,13.4644776,0
0,nominal,1.00,1.00,23300,317570,88.9329,-84.1329,122.42306,6.8374,0.787459,204.117,204.233004,33.4974549,3.85788053,0
0,nominal,1.00,1.00,23300,318783,79.2081,-5.85477,79.4241867,4.64984,-1.74123,191.533,191.597346,24.2769653,-9.09101826,0
0,nominal,1.00,1.00,23300,332236,-57.0147,-108.927,122.946197,-1.57264,1.30072,205.59,205.600129,-7.64939929,6.32676687,0
0,nominal,1.00,1.00,23300,333598,-120.282,37.4688,125.982818,-46.0384,-2.79853,199.214,204.483701,-231.100224,-14.0478581,0
0,nominal,1.00,1.00,23300,343190,-42.3034,115.911,123.389374,-0.335365,-5.6104,204.484,204.561226,-1.64005497,-27.4368655,0
0,nominal,1.00,1.00,23300,345121,-48.4261,-31.2694,57.6442758,-2.06903,5.65693,200.195,200.285596,-10.3350733,28.2570993,0
0,nominal,1.00,1.00,23300,358188,86.7658,-64.9131,108.360577,0.797098,2.14268,206.953,206.965627,3.85158949,10.3534619,0
0,nominal,1.00,1.00,23300,359010,47.9053,1.11293,47.918226,-6.00241,-3.81974,207.658,207.779846,-28.9052673,-18.3943792,0
0,nominal,1.00,1.00,23300,361671,22.8252,-90.1357,92.9808269,-0.751487,0.386783,202.9,202.90176,-3.7037309,1.90627403,0
0,nominal,1.00,1.00,23300,383965,13.4704,-81.8786,82.9792553,3.60269,-2.39862,199.732,199.778889,18.0376204,-12.0091923,0
0,nominal,1.00,1.00,23300,392313,-2.27921,90.5509,90.5795799,1.20864,3.95829,207.425,207.466285,5.82687718,19.0829939,0
0,nominal,1.00,1.00,23300,410010,124.327,4.7485,124.417648,9.83775,-1.11367,201.803,202.045719,48.7492753,-5.51859982,0
0,nominal,1.00,1.00,23300,412081,-123.147,-50.9533,133.271987,-47.561,-1.03612,196.919,202.583846,-241.525703,-5.26165581,0
0,nominal,1.00,1.00,23300,417822,23.6669,39.4034,45.9646613,-2.38138,-3.08692,200.143,200.180969,-11.8983926,-15.4235721,0
0,nominal,1.00,1.00,23300,428586,-46.2233,-2.19418,46.2753486,-8.19763,4.99622,206.155,206.378408,-39.7644006,24.2352599,0
0,nominal,1.00,1.00,23300,431980,-54.5228,-92.5832,107.444798,-8.75119,1.63242,201.481,201.677568,-43.4343189,8.10210392,0
0,nominal,1.00,1.00,23300,435193,85.7481,21.2321,88.3376405,1.86015,-3.49681,196.934,196.973826,9.44555029,-17.7562534,0
0,nominal,1.00,1.00,23300,438465,68.2889,58.1147,89.669907,8.43359,1.8669,207.781,207.960464,40.5888411,8.98494088,0
0,nominal,1.00,1.00,23300,446406,97.8085,-68.0773,119.168039,3.65809,-4.01836,199.923,199.996837,18.2974945,-20.0995383,0
0,nominal,1.00,1.00,23300,455466,30.7194,70.3778,76.7900792,1.42817,-3.40379,204.834,204.867257,6.97232881,-16.6173096,0
0,nominal,1.00,1.00,23300,481350,166.878,21.6356,168.274674,10.5757,-2.14396,201.64,201.928531,52.4484229,-10.6326126,0
0,nominal,1.00,1.00,23300,490002,117.306,30.0583,121.095826,9.42518,2.38344,194.106,194.349309,48.556871,12.279064,0
0,nominal,1.00,1.00,23300,497687,-69.0367,-27.9464,74.478636,-2.36602,-1.34315,204.989,205.007054,-11.5421803,-6.55230281,0
0,nominal,1.00,1.00,23300,500236,12.9249,-54.6065,56.1152643,-7.60529,-3.52133,206.784,206.95377,-36.7789094,-17.0290255,0
0,nominal,1.00,1.00,23300,500991,-34.6704,93.3248,99.5567925,-4.03872,0.570033,200.333,200.374517,-20.1600335,2.84542736,0
0,nominal,1.00,1.00,23300,517654,130.207,113.143,172.49696,4.56724,0.856024,200.886,200.939736,22.7354818,4.26124269,0
0,nominal,1.00,1.00,23300,518487,157.92,58.6757,168.468288,6.8755,-5.95595,195.989,196.199985,35.0810505,-30.3892055,0
0,nominal,1.00,1.00,23300,520817,92.5825,-2.82973,92.6257344,6.2196,0.973391,194.182,194.284019,32.0297453,5.01277667,0
0,nominal,1.00,1.00,23300,521794,-31.9249,37.2866,49.086554,-4.95996,-4.8105,209.282,209.396031,-23.6998882,-22.9857322,0
0,nominal,1.00,1.00,23300,523372,-74.9325,117.887,139.686164,-2.22178,3.05659,201.456,201.491437,-11.0286117,15.1724942,0
0,nominal,1.00,1.00,23300,527175,-64.3767,79.3491,102.179446,0.807631,7.13854,203.771,203.8976,3.96342463,35.0321685,0
0,nominal,1.00,1.00,23300,531205,-60.5898,-80.8111,101.002761,-1.48542,-1.75747,207.252,207.264774,-7.16721672,-8.47986992,0
0,nominal,1.00,1.00,23300,540478,-106.027,44.0674,114.820122,-38.4008,1.64945,203.931,207.521553,-188.302906,8.08827496,0
0,nominal,1.00,1.00,23300,542430,148.646,113.459,186.998872,7.34795,1.95913,194.648,194.796495,37.7499384,10.0649891,0
0,nominal,1.00,1.00,23300,544588,8.15438,89.05,89.4225722,2.63921,2.51108,199.254,199.287299,13.2454555,12.602407,0
0,nominal,1.00,1.00,23300,551595,11.4233,-30.9293,32.9714025,-1.75736,4.39036,197.189,197.245698,-8.91205899,22.2647308,0
0,nominal,1.00,1.00,23300,555551,50.8942,-63.6225,81.4741806,4.37123,2.08632,192.419,192.479952,22.7172473,10.8425883,0
0,nominal,1.00,1.00,23300,557050,124.91,17.8687,126.181609,7.21823,0.893213,192.374,192.511445,37.5218585,4.64310666,0
0,nominal,1.00,1.00,23300,568091,-43.0159,51.0256,66.7381413,-5.12311,-0.31085,199.628,199.693969,-25.6632837,-1.55714629,0
0,nominal,1.00,1.00,23300,574533,-45.8395,99.4696,109.523792,-3.17465,-1.59898,193.679,193.711616,-16.3912969,-8.25582536,0
0,nominal,1.00,1.00,23300,593033,43.8987,-28.328,52.2453007,-3.93197,4.36496,203.203,203.287905,-19.3499604,21.4807852,0
0,nominal,1.00,1.00,23300,613946,105.866,7.97946,106.166293,2.29519,0.393699,191.949,191.963125,11.9572907,2.05106044,0
0,nominal,1.00,1.00,23300,614466,3.35833,41.5627,41.6981584,3.55202,-1.42859,199.523,199.559729,17.8025591,-7.16002666,0
0,nominal,1.00,1.00,23300,615627,-12.7041,37.2058,39.3149553,0.0815356,2.02104,197.148,197.158376,0.413575588,10.2513847,0
0,nominal,1.00,1.00,23300,617393,77.6689,-35.2061,85.2755974,-1.02339,1.28402,192.276,192.283011,-5.32250515,6.67800454,0
0,nominal,1.00,1.00,23300,619096,-2.82987,10.9817,11.3404541,1.23956,-4.55166,198.411,198.467073,6.24743588,-22.9405628,1
0,nominal,1.00,1.00,23300,623988,-190.941,-2.56151,190.958181,-72.789,4.82118,186.715,200.459406,-389.840131,25.8210642,0
0,nominal,1.00,1.00,23300,636304,163.376,-67.549,176.789663,7.74735,0.255936,189.898,190.056143,40.7974281,1.34775511,0
0,nominal,1.00,1.00,23300,638021,57.5353,113.649,127.382911,0.774253,-1.91246,201.493,201.503563,3.84258014,-9.49144635,0
0,nominal,1.00,1.00,23300,641878,66.0895,49.6867,82.6836753,4.67907,3.71391,192.846,192.938505,24.2632463,19.2584238,0
0,nominal,1.00,1.00,23300,653538,15.0591,62.4095,64.2006401,-2.95535,2.07767,195.04,195.073454,-15.1525328,10.6525328,0
0,nominal,1.00,1.00,23300,653541,46.873,26.5471,53.8686054,4.87626,-1.39439,200.269,200.333209,24.3485512,-6.96258532,0
0,nominal,1.00,1.00,23300,654306,152.313,39.0265,157.233322,12.0794,-4.08,189.758,190.185848,63.6568682,-21.5010698,0
0,nominal,1.00,1.00,23300,661991,29.0762,-63.3252,69.6814635,3.06122,3.74642,196.346,196.405597,15.5909466,19.0807045,0
0,nominal,1.00,1.00,23300,679446,-118.249,20.0459,119.936083,-44.5256,-1.98955,201.15,206.028663,-221.355208,-9.89087745,0
0,nominal,1.00,1.00,23300,701433,96.0653,40.2784,104.167612,6.69599,1.39043,191.524,191.64606,34.9616236,7.25982122,0
0,nominal,1.00,1.00,23300,702575,-5.01818,-64.1581,64.3540514,2.0731,3.08962,198.346,198.380894,10.4519375,15.5769211,0
0,nominal,1.00,1.00,23300,706504,-7.05384,109.448,109.675072,-3.63739,1.75923,206.89,206.929451,-17.5812751,8.50321427,0
0,nominal,1.00,1.00,23300,708077,-5.55956,45.7596,46.096092,-5.22871,3.18727,198.227,198.321561,-26.3773855,16.0788894,0
0,nominal,1.00,1.00,23300,716245,35.9886,-6.99887,36.6628356,-0.834917,-2.13071,198.837,198.850169,-4.1990022,-10.7158627,0
0,nominal,1.00,1.00,23300,722498,-64.4936,-61.0592,88.8124448,-6.06389,-1.29338,196.351,196.448871,-30.8829087,-6.5870813,0
0,nominal,1.00,1.00,23300,734480,-132.412,25.4373,134.833208,-52.422,5.83454,190.83,197.985345,-274.705235,30.5745428,0
0,nominal,1.00,1.00,23300,735468,-78.1098,107.639,132.993591,-9.30841,1.71162,206.987,207.203268,-44.9709885,8.26921497,0
0,nominal,1.00,1.00,23300,738044,-29.2471,-81.4132,86.5072366,-5.12605,-0.493593,198.88,198.946662,-25.7745877,-2.48186344,0
0,nominal,1.00,1.00,23300,741206,22.9843,-49.3666,54.4549285,2.40609,-19.9421,202.615,203.608239,11.875182,-98.4236113,0
0,nominal,1.00,1.00,23300,748163,32.0425,71.7014,78.5354224,5.39573,3.60298,201.564,201.668395,26.769314,17.8751166,0
0,nominal,1.00,1.00,23300,781954,-26.6421,118.569,121.525344,-8.11576,-3.80382,201.294,201.493447,-40.3179429,-18.8968375,0
0,nominal,1.00,1.00,23300,800455,107.035,-62.0258,123.708088,7.72109,2.80043,208.375,208.536803,37.0538212,13.4393761,0
0,nominal,1.00,1.00,23300,814814,3.46706,-170.002,170.03735,3.05313,-25.3198,195.969,197.621514,15.579658,-129.203088,0
0,nominal,1.00,1.00,23300,821221,-160.515,-63.6242,172.664716,-63.1869,-0.0537938,192.967,203.048887,-327.449253,-0.278772018,0
0,nominal,1.00,1.00,23300,824497,-12.9656,62.703,64.0294697,-7.21035,0.698304,203.053,203.182178,-35.5096945,3.43902331,0
0,nominal,1.00,1.00,23300,828139,94.3426,76.206,121.276051,4.9383,0.325526,192.793,192.85651,25.6145192,1.68847417,0
0,nominal,1.00,1.00,23300,858040,-40.932,24.1367,47.5185112,-1.81686,-4.53872,197.583,197.643474,-9.19542673,-22.971207,0
0,nominal,1.00,1.00,23300,859678,-49.393,-108.733,119.42585,-3.54391,2.96094,208.816,208.867059,-16.9714485,14.1796606,0
0,nominal,1.00,1.00,23300,885330,4.48115,57.1311,57.3065729,-0.855445,0.838766,203.657,203.660524,-4.20042031,4.11852281,0
0,nominal,1.00,1.00,23300,893047,-41.4113,69.3215,80.7487841,-8.88845,-2.68834,208.994,209.2002,-42.5296898,-12.8632401,0
0,nominal,1.00,1.00,23300,900669,102.474,94.5163,139.406785,3.49752,0.150234,193.963,193.994589,18.0318927,0.774549785,0
0,nominal,1.00,1.00,23300,907158,83.8289,-100.896,131.17655,-2.25973,3.61568,198.747,198.79273,-11.3698823,18.1923752,0
0,nominal,1.00,1.00,23300,922289,-42.0335,-30.683,52.0409609,-4.5517,5.88601,194.701,194.843123,-23.3778974,30.2310209,0
0,nominal,1.00,1.00,23300,922789,10.133,57.9583,58.837422,-3.70378,-5.83271,197.557,197.677785,-18.7479057,-29.524188,0
0,nominal,1.00,1.00,23300,937254,128.942,-9.78096,129.312438,3.51793,-1.60598,194.303,194.34148,18.1053818,-8.26533816,0
0,nominal,1.00,1.00,23300,938133,-61.9558,-50.5746,79.9769424,-1.11936,2.19282,205.735,205.749731,-5.44078548,10.6584684,0
0,nominal,1.00,1.00,23300,943022,155.131,28.5112,157.729248,4.08831,-0.553097,197.589,197.632065,20.6909798,-2.79922971,0
0,nominal,1.00,1.00,23300,957137,-62.3284,75.1305,97.6187558,-2.88879,0.995034,199.915,199.938347,-14.4500913,4.97728535,0
0,nominal,1.00,1.00,23300,962108,114.672,-145.818,185.506217,1.62743,-0.521234,191.825,191.832612,8.48393067,-2.71723707,0
0,nominal,1.00,1.00,23300,965220,100.582,-29.2333,104.744091,3.77558,5.14616,196.217,196.320781,19.2418598,26.2268815,0
0,nominal,1.00,1.00,23300,977523,102.95,-69.7259,124.339871,8.20593,-6.19258,197.417,197.684489,41.5664811,-31.368018,0
0,nominal,1.00,1.00,23300,980666,68.4336,93.2588,115.673512,2.21493,-1.27551,203.823,203.839025,10.8669287,-6.25792967,0
0,nominal,1.00,1.00,23300,999535,-93.9249,145.794,173.429459,-28.4317,-1.12631,197.351,199.391693,-144.066663,-5.70714108,0
1,G12_G678,0.75,1.10,5000,2194,-81.0675,55.5971,98.300443,-23.399,1.00765,199.753,201.12133,-117.139667,5.04447993,0
1,G12_G678,0.75,1.10,5000,3069,119.98,-101.626,157.235633,0.301189,-9.44081,206.9,207.115498,1.45572257,-45.6298212,0
1,G12_G678,0.75,1.10,5000,7888,98.2347,-58.1687,114.165029,18.0661,-12.5875,201.697,202.895315,89.5704944,-62.4079684,0
1,G12_G678,0.75,1.10,5000,7914,53.953,-118.643,130.334522,-0.393939,-9.48413,190.08,190.316868,-2.07249053,-49.8954651,0
1,G12_G678,0.75,1.10,5000,14367,46.7166,-117.36,126.316311,24.4941,-20.5843,198.486,201.04817,123.404673,-103.706559,0
1,G12_G678,0.75,1.10,5000,14743,-25.8944,-0.332584,25.8965357,-1.173,1.85646,207.378,207.389627,-5.6563377,8.95205856,0
1,G12_G678,0.75,1.10,5000,17893,150.882,31.205,154.075079,-23.8206,12.7516,195.119,196.980833,-122.082421,65.3529385,0
1,G12_G678,0.75,1.10,5000,19361,-80.6551,-28.5634,85.5635026,-2.13362,-1.46823,201.519,201.535643,-10.5876865,-7.28581424,0
1,G12_G678,0.75,1.10,5000,19654,8.89961,-35.5936,36.6893366,-1.5732,0.815576,208.915,208.922515,-7.5303353,3.90386521,0
1,G12_G678,0.75,1.10,5000,20762,-158.951,-81.6226,178.683153,13.6898,-21.4185,194.663,196.31568,70.3256397,-110.028614,0
1,G12_G678,0.75,1.10,5000,21317,-53.8148,8.97108,54.5574282,0.921588,8.22592,200.442,200.612837,4.59777891,41.038904,0
1,G12_G678,0.75,1.10,5000,27280,151.27,87.606,174.806819,-7.58203,18.2075,198.453,199.430673,-38.2056709,91.7471643,0
1,G12_G678,0.75,1.10,5000,30079,-11.5292,49.0352,50.3723465,5.214,-9.38233,195.082,195.377073,26.7272224,-48.0942886,0
1,G12_G678,0.75,1.10,5000,32284,95.406,-80.908,125.093602,20.1786,-21.6276,203.652,205.788887,99.0837311,-106.19881,0
1,G12_G678,0.75,1.10,5000,33183,18.8517,-128.209,129.587554,-1.61768,-34.7426,194.348,197.435585,-8.32362566,-178.764896,0
1,G12_G678,0.75,1.10,5000,35261,-56.7761,157.297,167.229997,0.638913,9.13663,209.735,209.934886,3.04628698,43.5627339,0
1,G12_G678,0.75,1.10,5000,36512,-128.439,-12.6482,129.060272,-1.36014,-5.75544,203.686,203.771837,-6.67763126,-28.2564339,0
1,G12_G678,0.75,1.10,5000,36739,20.9021,-10.654,23.4607225,21.9028,-24.5189,195.512,198.257033,112.027906,-125.408671,0
1,G12_G678,0.75,1.10,5000,37913,-181.586,16.0444,182.29344,3.04627,13.529,201.099,201.576589,15.1481111,67.2753221,0
1,G12_G678,0.75,1.10,5000,38785,47.6155,65.6099,81.0672241,0.924896,-0.919417,209.013,209.017069,4.42506447,-4.39885079,0
1,G12_G678,0.75,1.10,5000,39689,-48.7219,38.6344,62.1807076,8.39596,7.74304,196.174,196.506196,42.798536,39.4702662,0
1,G12_G678,0.75,1.10,5000,39847,-95.8056,-94.084,134.277742,-30.441,-8.23853,203.717,206.143503,-149.427883,-40.441053,0
1,G12_G678,0.75,1.10,5000,39939,106.311,-114.45,156.207654,27.4448,-8.96837,206.309,208.319591,133.027643,-43.4705708,0
1,G12_G678,0.75,1.10,5000,40760,103.192,39.1883,110.38257,5.92827,-8.68007,198.106,198.384665,29.9247373,-43.8152807,0
1,G12_G678,0.75,1.10,5000,42482,-16.2141,24.5878,29.4526221,16.8237,18.6333,194.232,195.847662,86.6165204,95.9332139,0
1,G12_G678,0.75,1.10,5000,48914,117.387,17.4183,118.672259,-8.91276,-13.78,198.799,199.475232,-44.8330223,-69.316244,0
1,G12_G678,0.75,1.10,5000,57540,87.4446,6.54524,87.6892139,-7.56991,-23.9527,203.338,204.883815,-37.2282112,-117.79746,0
1,G12_G678,0.75,1.10,5000,59830,-81.1895,35.5669,88.6382496,2.92634,26.4906,203.087,204.82833,14.4092926,130.439664,0
1,G12_G678,0.75,1.10,5000,61685,12.0983,-137.463,137.994367,19.6812,-2.54512,197.396,198.391048,99.704148,-12.893473,0
1,G12_G678,0.75,1.10,5000,64276,4.28253,129.578,129.648749,-14.8985,9.2952,198.795,199.569081,-74.9440378,46.7577152,0
1,G12_G678,0.75,1.10,5000,65073,146.654,-43.9094,153.086352,-3.2182,25.3096,204.742,206.325518,-15.7183187,123.61704,0
1,G12_G678,0.75,1.10,5000,65981,-29.0606,13.7277,32.139823,-1.77653,-3.29862,192.563,192.599444,-9.22570795,-17.1300821,0
1,G12_G678,0.75,1.10,5000,68300,120.325,16.2371,121.415605,6.00415,12.1822,209.244,209.684304,28.6944906,58.2200684,0
1,G12_G678,0.75,1.10,5000,68712,85.7314,-15.0678,87.0454568,-16.5383,-5.01632,198.479,199.229998,-83.3251881,-25.2738073,0
1,G12_G678,0.75,1.10,5000,72041,18.8287,-182.933,183.899436,-0.795745,-20.9853,196.869,197.985907,-4.04200255,-106.595249,0
1,G12_G678,0.75,1.10,5000,72767,-119.547,80.2371,143.97735,-3.76131,0.249329,194.079,194.115604,-19.3803039,1.28467789,0
1,G12_G678,0.75,1.10,5000,72806,147.303,-106.346,181.680064,3.65095,-9.69138,208.061,208.318583,17.5474981,-46.5795127,0
1,G12_G678,0.75,1.10,5000,78997,-169.555,-30.485,172.273716,-1.89534,-3.10901,201.737,201.769858,-9.39510353,-15.4112037,0
1,G12_G678,0.75,1.10,5000,79249,-141.557,1.72382,141.567496,20.7646,10.4788,205.542,206.853783,101.023635,50.981308,0
1,G12_G678,0.75,1.10,5000,80506,-35.7661,66.4073,75.4264105,17.235,-8.65246,205.417,206.320271,83.9025008,-42.1214408,0
1,G12_G678,0.75,1.10,5000,84066,-26.3795,105.162,108.420129,1.76649,14.8024,201.333,201.884146,8.77397148,73.521976,0
1,G12_G678,0.75,1.10,5000,84084,-161.621,-36.7565,165.747965,3.84918,-2.2813,209.289,209.336824,18.3916976,-10.9002384,0
1,G12_G678,0.75,1.10,5000,86119,-105.518,62.2377,122.505427,4.85086,20.1677,191.256,192.377557,25.3631781,105.448718,0
1,G12_G678,0.75,1.10,5000,87456,-103.602,155.55,186.893491,5.98611,7.15678,199.621,199.838927,29.9873761,35.8518392,0
1,G12_G678,0.75,1.10,5000,87711,73.6699,99.9035,124.128818,1.44531,3.18501,196.695,196.726094,7.34797529,16.1926333,0
1,G12_G678,0.75,1.10,5000,88258,82.8947,-49.921,96.7658903,4.60326,4.16492,197.906,198.003337,23.2598304,21.0449405,0
1,G12_G678,0.75,1.10,5000,88864,55.0077,23.2754,59.729317,-19.6047,9.95276,207.654,208.814716,-94.4104135,47.9295366,0
1,G12_G678,0.75,1.10,5000,91172,-149.571,96.1297,177.798772,2.12795,5.19175,190.591,190.673574,11.1650078,27.2402684,0
1,G12_G678,0.75,1.10,5000,92385,-21.9242,76.3663,79.4511317,-10.5777,22.8763,202.17,203.73493,-52.3208191,113.153781,0
1,G12_G678,0.75,1.10,5000,94538,22.8508,-4.61291,23.3117567,2.53348,11.897,200.072,200.441419,12.6628414,59.4635931,0
1,G12_G678,0.75,1.10,5000,95558,56.2095,80.3161,98.031545,0.496611,16.8006,199.617,200.323372,2.48781917,84.1641744,0
1,G12_G678,0.75,1.10,5000,99864,162.343,27.6231,164.676305,4.11015,-1.56081,202.375,202.422751,20.3095738,-7.71246448,0
1,G12_G678,0.75,1.10,5000,103348,117.636,-138.501,181.71614,8.70112,-18.2556,198.426,199.453889,43.850705,-92.0020562,0
1,G12_G678,0.75,1.10,5000,103848,-44.2407,-121.178,129.001346,-12.4208,-3.91091,196.826,197.256295,-63.105484,-19.8698851,0
1,G12_G678,0.75,1.10,5000,105309,-1.52771,21.1257,21.1808663,2.42864,-2.52209,195.647,195.678327,12.4133772,-12.8910231,0
1,G12_G678,0.75,1.10,5000,107166,83.9764,48.1932,96.8226228,26.8615,17.0389,198.714,201.243927,135.176686,85.7458458,0
1,G12_G678,0.75,1.10,5000,110356,36.4722,114.936,120.584018,-5.9781,14.9862,194.182,194.851156,-30.7860667,77.1760513,0
1,G12_G678,0.75,1.10,5000,112813,-101.048,68.4993,122.07724,-3.15175,31.579,196.497,199.043306,-16.0396851,160.709833,0
1,G12_G678,0.75,1.10,5000,112921,-188.301,-8.82158,188.507525,-6.73384,17.7914,199.839,200.742383,-33.6963255,89.0286681,0
1,G12_G678,0.75,1.10,5000,115107,164.501,-52.6874,172.732571,-24.4152,19.0006,206.166,208.474325,-118.424959,92.1616561,0
1,G12_G678,0.75,1.10,5000,117101,91.6812,-115.327,147.328746,9.51285,0.0773316,206.643,206.861862,46.0351911,0.374228016,0
1,G12_G678,0.75,1.10,5000,117586,46.5548,-56.9668,73.5701414,10.2584,-5.76873,206.944,207.278393,49.5708984,-27.8758021,0
1,G12_G678,0.75,1.10,5000,120467,-134.835,29.9599,138.123397,-1.73504,0.0206357,190.725,190.732893,-9.09707694,0.108196094,0
1,G12_G678,0.75,1.10,5000,122405,133.63,76.8553,154.154838,23.456,10.7474,188.325,190.084182,124.550644,57.0683659,0
1,G12_G678,0.75,1.10,5000,123422,-102.502,50.9649,114.473058,-7.13745,13.0053,203.989,204.527732,-34.9893867,63.7549084,0
1,G12_G678,0.75,1.10,5000,123734,-6.0705,-155.401,155.519522,-20.2589,-18.081,195.402,197.279718,-103.678059,-92.532318,0
1,G12_G678,0.75,1.10,5000,127861,132.266,75.4929,152.294034,2.34499,35.9513,201.015,204.218082,11.6657463,178.848842,0
1,G12_G678,0.75,1.10,5000,128416,68.2758,-130.711,147.468473,1.66227,-29.7058,204.302,206.457029,8.13633738,-145.401416,0
1,G12_G678,0.75,1.10,5000,128492,-100.642,-46.3659,110.808884,-4.25368,19.7629,199.989,201.008125,-21.2695698,98.8199351,0
1,G12_G678,0.75,1.10,5000,132821,-50.4285,25.7476,56.621308,3.18793,-2.59016,202.759,202.800601,15.7227546,-12.7745747,0
1,G12_G678,0.75,1.10,5000,144025,93.3124,8.51732,93.7003134,3.69869,-9.24107,207.455,207.693656,17.8288786,-44.5449375,0
1,G12_G678,0.75,1.10,5000,146336,90.8101,-62.1974,110.068119,-2.10713,-17.0486,198.591,199.332586,-10.6104003,-85.8477977,0
1,G12_G678,0.75,1.10,5000,147381,169.505,22.6337,171.009442,-11.9912,18.0065,190.588,191.81191,-62.9168678,94.478666,0
1,G12_G678,0.75,1.10,5000,148874,188.839,-42.7622,193.620179,25.9352,-9.51467,189.874,191.873134,136.591634,-50.1104417,0
1,G12_G678,0.75,1.10,5000,155425,64.6102,109.995,127.567151,9.33629,30.8493,206.128,208.632687,45.2936525,149.66089,0
1,G12_G678,0.75,1.10,5000,156215,80.0939,28.3105,84.9500867,2.00156,20.8608,200.025,201.119815,10.0065492,104.290964,0
1,G12_G678,0.75,1.10,5000,157826,19.7272,-73.6934,76.2881355,1.86819,-10.7928,193.597,193.906609,9.64989127,-55.7487978,0
1,G12_G678,0.75,1.10,5000,159082,84.3375,36.1979,91.7774584,26.1394,-15.4142,197.041,199.364043,132.6597,-78.228389,0
1,G12_G678,0.75,1.10,5000,160690,-70.4072,-70.1747,99.4065507,20.7426,4.46214,196.932,198.071651,105.328743,22.658278,0
1,G12_G678,0.75,1.10,5000,162845,-73.0193,-75.2943,104.885889,20.6597,0.578756,201.976,203.030694,102.287896,2.86546916,0
1,G12_G678,0.75,1.10,5000,163331,87.9175,9.49618,88.4288654,24.9034,-4.39137,193.373,195.019436,128.784267,-22.7093234,0
1,G12_G678,0.75,1.10,5000,164916,184.162,-6.42143,184.273918,-5.09844,-8.70306,203.262,203.512108,-25.0830947,-42.8169555,0
1,G12_G678,0.75,1.10,5000,166222,-99.9573,3.60912,100.022435,3.81367,10.9806,192.54,192.890563,19.807157,57.0302275,0
1,G12_G678,0.75,1.10,5000,168748,-63.5544,-6.16373,63.8525906,-15.4833,2.11803,191.133,191.770807,-81.0079892,11.0814459,0
1,G12_G678,0.75,1.10,5000,170168,-0.278252,168.896,168.896229,-7.16758,23.1258,207.507,208.914652,-34.541389,111.445879,0
1,G12_G678,0.75,1.10,5000,171074,70.3612,15.8601,72.126564,15.2038,22.6965,200.575,202.42682,75.8010719,113.157173,0
1,G12_G678,0.75,1.10,5000,171667,-148.01,78.5596,167.566616,4.55467,-3.66293,190.7,190.789549,23.8839539,-19.2078133,0
1,G12_G678,0.75,1.10,5000,174010,-129.95,-40.8942,136.232662,-6.55902,-17.2584,201.159,202.004496,-32.6061474,-85.794819,0
1,G12_G678,0.75,1.10,5000,177133,111.385,54.6921,124.088049,-3.40233,6.36227,207.478,207.603408,-16.3985097,30.6647934,0
1,G12_G678,0.75,1.10,5000,177911,-31.8847,-175.12,177.999013,-5.10606,-33.179,206.509,209.219705,-24.7256052,-160.666121,0
1,G12_G678,0.75,1.10,5000,178255,93.6628,45.5956,104.171392,3.57402,4.24831,192.629,192.708986,18.5539041,22.0543636,0
1,G12_G678,0.75,1.10,5000,179599,-109.803,-35.7959,115.490455,-7.19299,-30.4514,197.878,200.336541,-36.3506302,-153.88977,0
1,G12_G678,0.75,1.10,5000,183168,-133.979,11.1398,134.441317,-25.3757,9.65807,195.832,197.705277,-129.578925,49.31814,0
1,G12_G678,0.75,1.10,5000,184877,-109.025,60.7177,124.792186,-12.2223,-18.168,195.058,196.283174,-62.6598243,-93.1415271,0
1,G12_G678,0.75,1.10,5000,185232,-87.6001,30.9794,92.9166333,-3.39633,7.86922,198.451,198.635996,-17.1141995,39.6532141,0
1,G12_G678,0.75,1.10,5000,189437,146.054,-126.493,193.215553,8.08955,-21.795,192.927,194.322645,41.9306266,-112.970191,0
1,G12_G678,0.75,1.10,5000,192169,-99.2932,62.3395,117.240577,-5.68562,-18.5142,207.171,208.074326,-27.4440921,-89.366755,0
1,G12_G678,0.75,1.10,5000,192241,-26.4994,-3.35798,26.7113128,-19.7269,0.215418,203.967,204.918848,-96.7161355,1.05614143,0
1,G12_G678,0.75,1.10,5000,196364,-66.6799,23.0802,70.5613541,16.7976,19.1248,203.378,204.9647,82.5930042,94.0357364,0
1,G12_G678,0.75,1.10,5000,197803,-31.9145,-77.7968,84.0885093,3.03312,-11.6118,207.868,208.214167,14.5915677,-55.861412,0
1,G12_G678,0.75,1.10,5000,199585,65.8811,-45.4212,80.0212768,2.52609,-12.4301,208.917,209.301699,12.0913569,-59.497791,0
1,G12_G678,0.75,1.10,5000,201481,-164.003,89.6537,186.908453,5.08225,28.6488,197.046,199.182602,25.7922008,145.391431,0
1,G12_G678,0.75,1.10,5000,205166,86.8839,-39.8985,95.6070206,-18.4344,12.2612,197.768,199.003382,-93.2122487,61.9978965,0
1,G12_G678,0.75,1.10,5000,207140,81.5137,143.896,165.379993,-2.07592,12.407,206.854,207.236146,-10.0356773,59.9795025,0
1,G12_G678,0.75,1.10,5000,208522,18.423,-27.7371,33.2979526,1.18061,-11.5241,205.987,206.312488,5.7314782,-55.9457636,0
1,G12_G678,0.75,1.10,5000,209996,-83.6787,35.058,90.725896,-1.26559,-0.476184,194.685,194.689696,-6.50070627,-2.44592033,0
1,G12_G678,0.75,1.10,5000,210007,-27.5063,31.0677,41.4945602,8.38128,-1.72333,190.848,191.039721,43.915996,-9.02985622,0
1,G12_G678,0.75,1.10,5000,210579,122.712,-73.9659,143.280108,6.9074,-21.8606,204.039,205.322944,33.853332,-107.139321,0
1,G12_G678,0.75,1.10,5000,212323,84.8129,111.945,140.445402,1.41769,29.7123,198.191,200.410836,7.15315024,149.917504,0
1,G12_G678,0.75,1.10,5000,219140,-76.4997,20.6082,79.226902,-4.61538,2.14269,206.537,206.599674,-22.3465045,10.3743639,0
1,G12_G678,0.75,1.10,5000,219362,-118.269,132.698,177.753525,-1.46965,9.20429,205.863,206.073903,-7.13897106,44.7107542,0
1,G12_G678,0.75,1.10,5000,223567,121.311,-85.9138,148.652413,0.50326,8.36013,203.719,203.891089,2.47036359,41.0375566,0
1,G12_G678,0.75,1.10,5000,225463,93.7419,41.7889,102.634575,3.54539,11.3818,190.842,191.213975,18.5776192,59.6399115,0
1,G12_G678,0.75,1.10,5000,230191,160.315,118.254,199.210712,5.48202,3.88749,202.416,202.527534,27.0829381,19.2054482,0
1,G12_G678,0.75,1.10,5000,230414,97.9095,30.2243,102.468427,5.6367,12.9925,191.87,192.391981,29.3777037,67.7151196,0
1,G12_G678,0.75,1.10,5000,232782,-89.0048,61.7716,108.340136,-8.74513,23.5104,195.514,197.116566,-44.7289197,120.249189,0
1,G12_G678,0.75,1.10,5000,232952,117.836,64.1039,134.144075,-7.09189,25.4125,189.805,191.629925,-37.3640842,133.887411,0
1,G12_G678,0.75,1.10,5000,234558,60.1628,153.52,164.887698,3.26859,18.6101,202.726,203.604643,16.1231909,91.7992759,0
1,G12_G678,0.75,1.10,5000,235519,-54.8635,104.471,118.00082,-10.8172,15.8816,191.093,192.056689,-56.6069924,83.1092714,0
1,G12_G678,0.75,1.10,5000,235739,-27.1856,68.1608,73.3822288,-29.0776,6.78678,204.865,207.029552,-141.935421,33.1280599,0
1,G12_G678,0.75,1.10,5000,240667,-92.1944,-71.6496,116.762462,-1.31179,-1.29556,201.056,201.064453,-6.52450064,-6.44377686,0
1,G12_G678,0.75,1.10,5000,241448,15.6457,73.9504,75.5873639,-1.00676,40.5687,196.892,201.030576,-5.11326006,206.045446,0
1,G12_G678,0.75,1.10,5000,244500,37.7303,-58.0303,69.2177091,8.70775,-4.16681,208.764,208.987069,41.7109751,-19.9594279,0
1,G12_G678,0.75,1.10,5000,245319,123.256,74.8264,144.190956,-3.20486,25.3267,197.219,198.864393,-16.2502599,128.419169,0
1,G12_G678,0.75,1.10,5000,249477,76.8699,93.6348,121.146429,30.2177,6.85965,189.192,191.712746,159.719756,36.2576113,0
1,G12_G678,0.75,1.10,5000,254585,-175.522,-61.141,185.866066,-8.3515,2.31329,205.097,205.28,-40.719757,11.2790046,0
1,G12_G678,0.75,1.10,5000,257727,-81.577,-5.7905,81.7822525,20.5107,-19.7342,189.682,191.805601,108.132032,-104.038338,0
1,G12_G678,0.75,1.10,5000,258210,48.8448,75.2373,89.7020947,19.0199,27.8877,197.64,200.501995,96.2350739,141.103522,0
1,G12_G678,0.75,1.10,5000,261956,-14.8787,-60.0697,61.8849301,-0.976268,-4.2871,200.401,200.449228,-4.8715725,-21.3926078,0
1,G12_G678,0.75,1.10,5000,266384,-27.6797,140.118,142.825837,-0.838055,7.74387,205.556,205.703522,-4.07701551,37.6727996,0
1,G12_G678,0.75,1.10,5000,269435,-105.207,34.1827,110.620838,-9.97222,-10.775,209.15,209.664657,-47.6797514,-51.5180492,0
1,G12_G678,0.75,1.10,5000,272437,-121.241,38.4073,127.179011,2.12004,23.0182,190.635,192.031339,11.1209379,120.744879,0
1,G12_G678,0.75,1.10,5000,272729,-66.339,52.6329,84.6822596,0.0310729,-25.6325,201.334,202.959123,0.154335085,-127.31332,0
1,G12_G678,0.75,1.10,5000,275842,95.0451,-80.2551,124.396351,1.85498,-0.422309,198.881,198.890099,9.32708504,-2.12342557,0
1,G12_G678,0.75,1.10,5000,277896,104.834,54.4716,118.141114,2.5426,-0.199618,194.018,194.034762,13.1049696,-1.0288633,0
1,G12_G678,0.75,1.10,5000,278352,-123.934,23.4135,126.12624,-4.28862,-3.00198,196.211,196.280821,-21.8571844,-15.2997538,0
1,G12_G678,0.75,1.10,5000,279189,143.072,105.357,177.678627,4.1084,13.507,197.672,198.175522,20.7839249,68.3303655,0
1,G12_G678,0.75,1.10,5000,279347,-90.6566,-54.7919,105.928143,-1.62868,9.43428,205.746,205.968626,-7.91597407,45.8540142,0
1,G12_G678,0.75,1.10,5000,280481,-18.8799,48.8973,52.4156138,-13.9545,3.19533,196.764,197.284084,-70.9199854,16.2394035,0
1,G12_G678,0.75,1.10,5000,282834,187.917,61.2469,197.646102,9.41861,4.90232,209.653,209.921708,44.9247566,23.3830186,0
1,G12_G678,0.75,1.10,5000,285556,-90.2499,10.1423,90.8180087,-6.04105,12.222,207.236,207.68397,-29.1505819,58.9762396,0
1,G12_G678,0.75,1.10,5000,288351,159.921,-22.0392,161.432502,3.88301,-31.2877,207.173,209.558225,18.7428381,-151.022093,0
1,G12_G678,0.75,1.10,5000,290979,-86.4784,64.1503,107.674392,-13.5628,15.6828,189.589,190.719398,-71.5379057,82.719989,0
1,G12_G678,0.75,1.10,5000,291805,-34.3927,-13.7721,37.0476524,2.99416,-26.4998,192.553,194.391003,15.5497967,-137.623408,0
1,G12_G678,0.75,1.10,5000,300520,79.9815,167.09,185.246075,7.34497,11.9921,199.739,200.233432,36.7728386,60.0388507,0
1,G12_G678,0.75,1.10,5000,301588,-182.114,-77.198,197.800506,4.7648,-29.262,202.966,205.11988,23.4758531,-144.17193,0
1,G12_G678,0.75,1.10,5000,306140,146.284,-73.5585,163.737172,1.12167,-11.3209,190.681,191.020064,5.8824424,-59.3708865,0
1,G12_G678,0.75,1.10,5000,306506,-83.3274,85.731,119.554423,-9.61773,26.2967,200.551,202.496224,-47.9565298,131.122258,0
1,G12_G678,0.75,1.10,5000,309708,66.0309,-60.705,89.6949094,-7.65704,-21.3712,192.21,193.54597,-39.8368451,-111.186723,0
1,G12_G678,0.75,1.10,5000,313505,-14.6929,-28.4202,31.9935787,-1.203,-0.426752,199.139,199.143091,-6.04100653,-2.14298555,0
1,G12_G678,0.75,1.10,5000,315970,41.8635,168.264,173.393559,4.45725,36.8036,200.85,204.242734,22.1919343,183.239233,0
1,G12_G678,0.75,1.10,5000,318169,92.8567,109.655,143.689198,3.82681,17.3694,206.538,207.302402,18.528358,84.0978416,0
1,G12_G678,0.75,1.10,5000,321422,151.78,103.511,183.716345,5.33237,6.3087,208.283,208.446736,25.6015613,30.2890778,0
1,G12_G678,0.75,1.10,5000,322522,-64.3735,14.225,65.92646,-7.86476,13.5716,204.825,205.424739,-38.3974612,66.2594898,0
1,G12_G678,0.75,1.10,5000,323648,166.018,96.8425,192.198975,10.0915,30.1999,191.146,193.779941,52.7947224,157.993889,0
1,G12_G678,0.75,1.10,5000,324590,168.873,72.161,183.644494,6.31259,18.164,208.338,209.223569,30.2997533,87.1852471,0
1,G12_G678,0.75,1.10,5000,328645,8.56314,-177.908,178.113963,0.0580445,-28.6724,189.262,191.421562,0.306688612,-151.49581,0
1,G12_G678,0.75,1.10,5000,328757,-135.41,95.281,165.572755,10.0574,18.8792,194.749,195.920261,51.6428839,96.941191,0
1,G12_G678,0.75,1.10,5000,334197,-159.648,55.6216,169.05989,17.3541,18.4742,207.285,208.828954,83.7209639,89.1246352,0
1,G12_G678,0.75,1.10,5000,336284,-29.6771,-57.0129,64.2744197,-3.65746,8.02396,200.603,200.796724,-18.2323295,39.9992024,0
1,G12_G678,0.75,1.10,5000,339213,70.5536,8.75928,71.0952562,1.23654,-11.7761,193.995,194.356028,6.37408181,-60.7031109,0
1,G12_G678,0.75,1.10,5000,345045,-62.1275,99.4162,117.232278,-4.96181,16.3121,202.106,202.823912,-24.5505329,80.7106172,0
1,G12_G678,0.75,1.10,5000,346935,-76.6355,-40.4261,86.6445002,7.42731,-11.497,208.132,208.58158,35.6855745,-55.238983,0
1,G12_G678,0.75,1.10,5000,347000,57.157,50.5406,76.2972798,0.0268123,27.7016,199.887,201.797404,0.134137288,138.586301,0
1,G12_G678,0.75,1.10,5000,347071,-79.7666,102.803,130.119819,-2.33218,29.9716,205.202,207.392374,-11.3652888,146.059005,0
1,G12_G678,0.75,1.10,5000,352538,162.864,-1.14047,162.867993,5.1685,-24.7142,191.086,192.746892,27.0480307,-129.335482,0
1,G12_G678,0.75,1.10,5000,355306,63.3382,181.658,192.383358,1.01912,14.5691,204.453,204.973965,4.98461749,71.2589201,0
1,G12_G678,0.75,1.10,5000,355611,-4.32027,9.90209,10.8035235,-4.78134,17.7741,206.703,207.520867,-23.1314495,85.9885923,1
1,G12_G678,0.75,1.10,5000,359091,95.4013,105.05,141.904583,-11.9638,1.33515,199.383,199.746078,-60.0041127,6.69640842,0
1,G12_G678,0.75,1.10,5000,359912,180.537,-5.48924,180.620431,12.2421,-2.8805,206.536,206.918548,59.2734439,-13.9467212,0
1,G12_G678,0.75,1.10,5000,361323,-28.1408,94.9659,99.0475986,-0.932687,2.73154,206.793,206.813143,-4.51024454,13.2090545,0
1,G12_G678,0.75,1.10,5000,365658,-97.1536,-47.39,108.095486,5.36287,-9.17315,209.442,209.711369,25.6055137,-43.7980443,0
1,G12_G678,0.75,1.10,5000,365922,54.0925,-92.013,106.735143,-1.68105,-3.54608,199.844,199.882528,-8.41181121,-17.7442405,0
1,G12_G678,0.75,1.10,5000,375150,-2.39822,-157.26,157.278285,10.6656,-34.1554,199.52,202.703174,53.4562951,-171.187851,0
1,G12_G678,0.75,1.10,5000,376005,-105.602,74.2753,129.106942,-1.45449,11.8,193.238,193.60341,-7.5269357,61.0645939,0
1,G12_G678,0.75,1.10,5000,378385,19.3864,-93.2615,95.2551305,15.9849,4.84654,204.799,205.479041,78.0516506,23.6648616,0
1,G12_G678,0.75,1.10,5000,380472,-139.094,-94.5165,168.168099,-4.6663,-18.6046,194.969,195.910226,-23.9335484,-95.423375,0
1,G12_G678,0.75,1.10,5000,382711,-55.0716,-141.954,152.262337,7.36897,-23.8345,207.086,208.583308,35.5841052,-115.094695,0
1,G12_G678,0.75,1.10,5000,384022,131.894,-3.74248,131.947086,17.34,11.24,204.113,205.156355,84.9529427,55.0675361,0
1,G12_G678,0.75,1.10,5000,385468,9.02041,-90.9393,91.3855792,1.25694,-19.1794,193.366,194.318911,6.50031546,-99.1870339,0
1,G12_G678,0.75,1.10,5000,387712,-37.72,-40.5926,55.4126121,-3.072,-9.23735,193.191,193.436109,-15.9013619,-47.814598,0
1,G12_G678,0.75,1.10,5000,388489,-144.42,131.361,195.225123,-1.40368,3.48515,199.461,199.496384,-7.0373657,17.4728393,0
1,G12_G678,0.75,1.10,5000,392988,-193.164,-17.3347,193.940256,-2.91365,1.32378,195.251,195.277225,-14.9225868,6.77988845,0
1,G12_G678,0.75,1.10,5000,395167,94.0698,-53.0445,107.994658,-21.7369,8.49996,191.19,192.609341,-113.692662,44.458183,0
1,G12_G678,0.75,1.10,5000,395425,38.904,-43.3859,58.2739868,-21.5304,-6.23757,207.181,208.390096,-103.920726,-30.1068631,0
1,G12_G678,0.75,1.10,5000,395558,156.591,-25.5413,158.660327,14.0992,3.65976,192.826,193.375406,73.1187703,18.9795982,0
1,G12_G678,0.75,1.10,5000,395972,-41.5277,67.7947,79.5026491,-4.98283,30.4729,196.215,198.629687,-25.3947456,155.303621,0
1,G12_G678,0.75,1.10,5000,398553,-122.969,78.7717,146.03546,-3.6714,35.7147,201.073,204.253201,-18.2590402,177.620566,0
1,G12_G678,0.75,1.10,5000,398782,-64.7984,-104.532,122.986876,-5.45582,-31.0407,203.717,206.140503,-26.7813683,-152.371672,0
1,G12_G678,0.75,1.10,5000,399417,23.4785,163.963,165.635459,-25.4178,3.90456,194.772,196.462317,-130.500277,20.046824,0
1,G12_G678,0.75,1.10,5000,400841,59.759,10.6053,60.6927547,-1.85934,-5.08914,206.245,206.316157,-9.01520037,-24.6752164,0
1,G12_G678,0.75,1.10,5000,403047,14.5801,41.7753,44.2465254,-4.46134,7.29824,207.777,207.952999,-21.4717702,35.1253507,0
1,G12_G678,0.75,1.10,5000,403626,-53.8371,-47.7585,71.9674069,4.63359,-6.13508,195.539,195.690086,23.6965004,-31.3752244,0
1,G12_G678,0.75,1.10,5000,406683,119.38,-6.83929,119.575751,7.51938,-18.397,204.676,205.638653,36.7379663,-89.8835232,0
1,G12_G678,0.75,1.10,5000,406689,45.0383,-44.2058,63.1078539,29.1204,-1.61186,197.169,199.314351,147.692589,-8.17501737,0
1,G12_G678,0.75,1.10,5000,406805,164.301,35.8493,168.166557,11.3891,1.62175,209.458,209.773677,54.3741466,7.74260234,0
1,G12_G678,0.75,1.10,5000,407102,37.454,45.6251,59.0292459,-3.79892,18.0853,197.458,198.32088,-19.2391293,91.5906167,0
1,G12_G678,0.75,1.10,5000,407683,44.4104,17.2159,47.6305662,13.7299,7.20714,209.396,209.969374,65.5690653,34.418709,0
1,G12_G678,0.75,1.10,5000,408017,53.1396,179.205,186.91776,5.01838,21.4255,207.664,208.826658,24.1658641,103.173877,0
1,G12_G678,0.75,1.10,5000,412996,95.6589,55.4365,110.561434,16.1824,11.7913,190.826,191.873571,84.8018614,61.7908461,0
1,G12_G678,0.75,1.10,5000,417794,-123.942,109.152,165.153802,-4.01404,29.0513,192.449,194.670769,-20.8576818,150.955838,0
1,G12_G678,0.75,1.10,5000,419080,-68.0195,87.53,110.851943,-3.47739,31.0791,190.339,192.890999,-18.2694561,163.282879,0
1,G12_G678,0.75,1.10,5000,419632,-77.9884,135.542,156.377186,-1.07964,35.978,204.119,207.2683,-5.28926754,176.259927,0
1,G12_G678,0.75,1.10,5000,420414,6.56335,-187.412,187.526892,-11.7291,-18.9692,198.644,199.892074,-59.0458307,-95.4934456,0
1,G12_G678,0.75,1.10,5000,424748,57.657,-57.1864,81.2072287,0.0106838,-20.4631,190.192,191.289664,0.0561737613,-107.591802,0
1,G12_G678,0.75,1.10,5000,427799,-37.3573,126.646,132.040816,1.92922,28.8083,189.226,191.416089,10.195322,152.242821,0
1,G12_G678,0.75,1.10,5000,431558,-81.1244,-173.411,191.448539,-2.2811,-33.8242,191.041,194.025626,-11.9403688,-177.052046,0
1,G12_G678,0.75,1.10,5000,432984,39.6809,58.0615,70.3257535,-26.7763,5.91459,204.601,206.430429,-130.870817,28.9079232,0
1,G12_G678,0.75,1.10,5000,434314,-109.346,74.4811,132.302615,2.76464,34.2719,195.854,198.849178,14.115821,174.98698,0
1,G12_G678,0.75,1.10,5000,434756,121.898,-81.0361,146.376132,-2.44356,-29.6474,189.466,191.787133,-12.8970897,-156.478735,0
1,G12_G678,0.75,1.10,5000,435948,-172.092,-18.9138,173.128242,-2.0396,-16.5083,202.056,202.739515,-10.0942313,-81.7016075,0
1,G12_G678,0.75,1.10,5000,436170,-90.4445,31.5955,95.8044007,0.308171,8.28254,201.302,201.472556,1.53088891,41.144847,0
1,G12_G678,0.75,1.10,5000,437193,47.2261,122.88,131.642694,0.473837,5.19576,198.318,198.386616,2.38927884,26.1991347,0
1,G12_G678,0.75,1.10,5000,437324,-66.6357,-50.7107,83.7370385,6.58663,-12.8487,194.311,194.846703,33.8973604,-66.1244088,0
1,G12_G678,0.75,1.10,5000,439711,150.866,-119.557,192.495263,0.386209,-38.7052,196.139,199.921857,1.96905766,-197.335563,0
1,G12_G678,0.75,1.10,5000,447186,-119.304,-133.781,179.250664,0.212684,-17.1116,193.326,194.081927,1.10013138,-88.5116332,0
1,G12_G678,0.75,1.10,5000,447875,-102.71,51.6099,114.947492,-10.9172,0.636887,203.703,203.996331,-53.5937124,3.12654698,0
1,G12_G678,0.75,1.10,5000,448237,77.0121,-34.5803,84.4195516,1.75408,5.10917,197.256,197.329952,8.89240378,25.9012147,0
1,G12_G678,0.75,1.10,5000,449552,39.7635,-81.2597,90.4669817,-6.28918,-8.87313,203.245,203.535786,-30.9438363,-43.6573101,0
1,G12_G678,0.75,1.10,5000,449888,122.333,118.6,170.385806,4.45905,8.42478,198.16,198.389127,22.5022709,42.5150384,0
1,G12_G678,0.75,1.10,5000,450386,-90.3413,-78.49,119.675522,23.9167,-17.6839,191.411,193.708285,124.949454,-92.3870624,0
1,G12_G678,0.75,1.10,5000,455455,-142.979,92.0173,170.029932,3.31607,3.97798,207.904,207.968492,15.9500058,19.1337348,0
1,G12_G678,0.75,1.10,5000,455716,25.0538,-5.98615,25.7590156,3.86078,-18.2811,198.519,199.396333,19.4479118,-92.0874073,0
1,G12_G678,0.75,1.10,5000,456849,166.963,-44.4841,172.78738,-3.54265,-22.4182,202.063,203.333672,-17.5324033,-110.946586,0
1,G12_G678,0.75,1.10,5000,457526,112.177,-21.9377,114.301977,9.95731,-0.610712,193.995,194.251335,51.3276631,-3.14808114,0
1,G12_G678,0.75,1.10,5000,459007,-90.3721,-76.5234,118.418526,-0.860317,13.6945,201.004,201.471803,-4.2800989,68.130485,0
1,G12_G678,0.75,1.10,5000,460180,-77.3395,167.21,184.2297,-3.1008,25.8117,198.201,199.898712,-15.6447243,130.229918,0
1,G12_G678,0.75,1.10,5000,460304,-175.383,-36.7241,179.186652,10.8452,-15.4038,207.61,208.462964,52.2383315,-74.195848,0
1,G12_G678,0.75,1.10,5000,461895,185.685,-16.682,186.432852,13.4692,16.2677,193.463,194.612409,69.6215814,84.0868797,0
1,G12_G678,0.75,1.10,5000,465993,-87.2696,-130.935,157.35297,-1.25842,-45.813,204.499,209.5716,-6.15367312,-224.025545,0
1,G12_G678,0.75,1.10,5000,466563,-83.8997,-13.7576,85.0201812,3.66392,-12.9626,191.11,191.584147,19.1717859,-67.8279525,0
1,G12_G678,0.75,1.10,5000,467753,17.9488,65.446,67.8626432,1.45191,8.69876,201.929,202.121492,7.19020052,43.0783097,0
1,G12_G678,0.75,1.10,5000,470645,-98.7659,36.2048,105.192635,-32.4799,10.5478,200.924,203.805431,-161.652665,52.4964663,0
1,G12_G678,0.75,1.10,5000,471011,-40.3179,-107.761,115.056361,-3.90814,-26.0392,192.731,194.52134,-20.2776927,-135.106444,0
1,G12_G678,0.75,1.10,5000,471644,84.4244,105.71,135.285193,5.59325,16.4966,206.41,207.143695,27.0977666,79.9215154,0
1,G12_G678,0.75,1.10,5000,473911,20.5567,-108.764,110.689591,-2.66158,-24.6881,201.961,203.481773,-13.178683,-122.241918,0
1,G12_G678,0.75,1.10,5000,479046,52.5198,189.155,196.310834,-10.7036,18.4208,190.985,192.169621,-56.044192,96.4515538,0
1,G12_G678,0.75,1.10,5000,484193,56.6429,-147.413,157.9209,7.92741,-34.3573,195.936,199.083359,40.4591805,-175.349604,0
1,G12_G678,0.75,1.10,5000,485841,64.0671,81.1583,103.398564,7.58932,-5.28228,193.815,194.035446,39.1575471,-27.2542373,0
1,G12_G678,0.75,1.10,5000,486302,60.2207,93.6261,111.321064,11.458,27.9511,195.571,197.890287,58.5874184,142.920474,0
1,G12_G678,0.75,1.10,5000,490876,41.1642,-69.638,80.8946377,0.760365,-13.0948,190.015,190.467194,4.00160514,-68.9145594,0
1,G12_G678,0.75,1.10,5000,494977,-163.885,90.1251,187.03162,-3.03032,9.96962,209.24,209.499293,-14.4825081,47.6468171,0
1,G12_G678,0.75,1.10,5000,495039,-60.8252,-145.77,157.951252,-8.56771,-29.1294,188.478,190.908051,-45.4573478,-154.550664,0
1,G12_G678,0.75,1.10,5000,495533,-115.955,-61.4696,131.240519,3.30867,-25.9507,189.047,190.848511,17.5018382,-137.271155,0
1,G12_G678,0.75,1.10,5000,497875,-78.2365,56.9071,96.7438265,-2.79276,6.74261,206.771,206.899755,-13.5065362,32.6090699,0
1,G12_G678,0.75,1.10,5000,498583,-117.689,23.6175,120.035357,-10.6609,-10.6561,201.036,201.600299,-53.0298056,-53.0059293,0
1,G12_G678,0.75,1.10,5000,502064,-102.412,100.322,143.362204,-2.85187,6.89834,190.386,190.532279,-14.9794103,36.2334415,0
1,G12_G678,0.75,1.10,5000,504806,184.937,8.8253,185.147454,2.14258,1.09809,193.715,193.729961,11.0604754,5.66858529,0
1,G12_G678,0.75,1.10,5000,505446,-40.665,-81.4818,91.0655037,27.3824,0.658421,188.363,190.344028,145.370375,3.49549009,0
1,G12_G678,0.75,1.10,5000,507745,-107.886,-75.9262,131.924891,-2.88129,-16.9636,190.643,191.417917,-15.1135368,-88.9809749,0
1,G12_G678,0.75,1.10,5000,507886,-117.222,-80.2953,142.085652,-17.9819,-15.4062,207.602,208.948056,-86.617181,-74.2102677,0
1,G12_G678,0.75,1.10,5000,509483,-72.461,60.2914,94.2637228,3.71556,-3.26839,205.248,205.307645,18.102783,-15.9241016,0
1,G12_G678,0.75,1.10,5000,509607,-20.7054,-134.085,135.674245,3.48457,-14.4913,203.361,203.90644,17.134898,-71.2589926,0
1,G12_G678,0.75,1.10,5000,516608,159.335,-110.347,193.814609,-5.22067,-14.9651,193.303,193.951694,-27.0077029,-77.4178362,0
1,G12_G678,0.75,1.10,5000,516639,45.8924,178.609,184.410648,-1.98165,12.8137,206.844,207.24999,-9.58040842,61.9486183,0
1,G12_G678,0.75,1.10,5000,516702,-131.68,-52.2024,141.649966,-19.4116,-20.2423,193.779,195.798013,-100.173909,-104.460752,0
1,G12_G678,0.75,1.10,5000,519833,-7.18274,-47.2921,47.8344486,-11.1031,-20.5859,196.199,197.588223,-56.5910122,-104.923572,0
1,G12_G678,0.75,1.10,5000,521014,-181.027,39.5039,185.287163,3.56858,3.36206,190.317,190.380143,18.7507159,17.665579,0
1,G12_G678,0.75,1.10,5000,527916,-149.126,102.508,180.959813,-18.3746,26.4109,206.21,208.704877,-89.1062509,128.077688,0
1,G12_G678,0.75,1.10,5000,529326,29.0923,-7.35614,30.0079109,-5.01674,-4.15136,208.981,209.082424,-24.005723,-19.8647724,0
1,G12_G678,0.75,1.10,5000,531639,-50.8327,-184.83,191.692703,1.46677,-18.0463,200.168,200.985195,7.32769474,-90.1557692,0
1,G12_G678,0.75,1.10,5000,534284,-152.251,-35.4596,156.325782,-3.6358,1.66919,201.249,201.288761,-18.0661767,8.29415301,0
1,G12_G678,0.75,1.10,5000,537876,-42.9984,101.449,110.185126,1.84836,5.01063,199.461,199.532487,9.26677396,25.1208507,0
1,G12_G678,0.75,1.10,5000,538280,99.344,-53.7672,112.960799,5.08086,-17.233,203.461,204.252711,24.9721568,-84.699279,0
1,G12_G678,0.75,1.10,5000,541817,-68.3302,79.5475,104.865728,3.8404,20.2776,189.083,190.205969,20.3106572,107.241793,0
1,G12_G678,0.75,1.10,5000,544985,-128.72,-123.969,178.709685,0.962683,-24.7382,194.304,195.874832,4.95451972,-127.316988,0
1,G12_G678,0.75,1.10,5000,549170,12.3696,51.0938,52.5697955,11.5217,15.2921,197.091,198.018838,58.458783,77.5890325,0
1,G12_G678,0.75,1.10,5000,551036,25.2363,161.85,163.805657,1.81262,8.56145,198.195,198.38811,9.1456394,43.1971039,0
1,G12_G678,0.75,1.10,5000,553136,135.086,76.1002,155.046663,0.317726,5.14058,190.035,190.104781,1.67193412,27.0507012,0
1,G12_G678,0.75,1.10,5000,554648,-26.9669,1.56914,27.0125137,19.8283,7.24898,207.739,208.809007,95.4481344,34.8946515,0
1,G12_G678,0.75,1.10,5000,556244,-80.531,5.00625,80.686458,13.6369,-18.724,203.695,205.00782,66.9476423,-91.9217457,0
1,G12_G678,0.75,1.10,5000,556989,-10.3003,53.8644,54.8404027,-2.17906,6.79023,205.893,206.016463,-10.5834584,32.9794116,0
1,G12_G678,0.75,1.10,5000,563372,-58.7131,-88.857,106.502557,-1.30102,-2.3737,197.889,197.907512,-6.57449378,-11.9951084,0
1,G12_G678,0.75,1.10,5000,563769,-117.084,65.486,134.153193,-16.8982,13.3055,202.101,203.242219,-83.6126491,65.8358939,0
1,G12_G678,0.75,1.10,5000,564346,-117.475,56.6601,130.425237,-7.0213,12.3579,208.273,208.757416,-33.712003,59.3351034,0
1,G12_G678,0.75,1.10,5000,566863,154.157,110.488,189.662803,-9.29078,21.8765,207.166,208.524942,-44.8470309,105.598892,0
1,G12_G678,0.75,1.10,5000,572244,90.0104,-12.946,90.9366319,15.354,16.9054,204.559,205.829838,75.0590294,82.6431494,0
1,G12_G678,0.75,1.10,5000,573623,-156.114,-49.574,163.7961,-9.92493,3.10213,203.427,203.692591,-48.7886564,15.2493523,0
1,G12_G678,0.75,1.10,5000,575474,-10.8921,-103.906,104.47533,-2.7417,-19.1464,205.456,206.364409,-13.344463,-93.1897827,0
1,G12_G678,0.75,1.10,5000,576025,-104.176,-0.902607,104.17991,-28.6204,-2.27634,203.347,205.363851,-140.746606,-11.1943623,0
1,G12_G678,0.75,1.10,5000,577083,85.8829,98.584,130.746616,-20.5816,13.6153,189.361,190.962213,-108.689751,71.9012891,0
1,G12_G678,0.75,1.10,5000,577419,22.3717,-75.5873,78.828503,0.327676,-18.6252,200.323,201.187251,1.63573828,-92.975844,0
1,G12_G678,0.75,1.10,5000,577760,82.3135,62.117,103.121453,-1.22248,2.70753,204.977,204.998526,-5.9639862,13.2089454,0
1,G12_G678,0.75,1.10,5000,578717,-116.923,-140.154,182.521592,-6.93022,-30.5712,198.743,201.199916,-34.8702596,-153.822776,0
1,G12_G678,0.75,1.10,5000,584659,149.774,-90.26,174.868861,-10.1463,-19.77,199.482,200.71589,-50.8632358,-99.1066863,0
1,G12_G678,0.75,1.10,5000,585335,52.098,18.4507,55.2687066,-18.1433,10.1756,196.546,197.643751,-92.3107059,51.7721042,0
1,G12_G678,0.75,1.10,5000,585741,183.804,41.5055,188.431996,1.59542,20.3024,189.003,190.096993,8.44124167,107.418401,0
1,G12_G678,0.75,1.10,5000,588099,-102.562,39.6874,109.972967,-4.48705,-7.88301,209.77,209.966017,-21.3903323,-37.5793011,0
1,G12_G678,0.75,1.10,5000,593199,52.4797,-129.035,139.29878,1.16751,-20.6823,200.079,201.148519,5.83524508,-103.370669,0
1,G12_G678,0.75,1.10,5000,593529,-69.022,-153.492,168.296852,-4.25015,-29.7866,206.076,208.26095,-20.6241872,-144.54182,0
1,G12_G678,0.75,1.10,5000,593583,-62.615,-68.9359,93.1278505,8.5299,-13.4013,206.964,207.572762,41.2144141,-64.7518409,0
1,G12_G678,0.75,1.10,5000,596230,77.5381,-161.856,179.470114,7.60571,-32.9503,190.642,193.618029,39.8952487,-172.838619,0
1,G12_G678,0.75,1.10,5000,600048,137.939,105.069,173.397412,1.21406,-2.95748,196.777,196.802968,6.16972512,-15.029602,0
1,G12_G678,0.75,1.10,5000,601296,115.202,97.2057,150.733039,7.5676,24.6413,193.313,195.024045,39.1468758,127.468406,0
1,G12_G678,0.75,1.10,5000,602056,22.7484,-192.69,194.028157,1.85051,-12.834,190.923,191.362817,9.69244146,-67.2208168,0
1,G12_G678,0.75,1.10,5000,606874,92.764,6.36733,92.9822703,25.3083,0.679497,201.2,202.786616,125.786779,3.37722167,0
1,G12_G678,0.75,1.10,5000,611410,-18.4455,20.0459,27.2410458,15.3115,13.0136,202.528,203.522447,75.6018921,64.2558066,0
1,G12_G678,0.75,1.10,5000,611591,14.0799,-130.192,130.951138,-4.98492,-11.8191,198.5,198.914028,-25.1129471,-59.5420655,0
1,G12_G678,0.75,1.10,5000,612091,169.543,-90.3264,192.103325,-9.82584,-32.3128,196.504,199.385271,-50.0032569,-164.438383,0
1,G12_G678,0.75,1.10,5000,613903,-24.7996,5.36112,25.3724608,-24.27,4.14288,202.019,203.513815,-120.137215,20.507378,0
1,G12_G678,0.75,1.10,5000,614929,-148.266,-119.946,190.708809,-1.28501,-33.5499,189.874,192.819561,-6.76769858,-176.695598,0
1,G12_G678,0.75,1.10,5000,615319,-141.607,-6.7303,141.766849,-8.71025,-1.87081,200.836,201.033498,-43.3699636,-9.31511283,0
1,G12_G678,0.75,1.10,5000,615619,-96.5823,-138.152,168.564871,-0.370384,-9.76321,208.692,208.920579,-1.77478773,-46.7828666,0
1,G12_G678,0.75,1.10,5000,616110,35.6204,-68.7605,77.4391326,9.17386,-13.8831,189.645,190.373649,48.3738564,-73.2057265,0
1,G12_G678,0.75,1.10,5000,617072,-55.9652,-119.74,132.173262,-3.0114,-4.6396,198.404,198.481086,-15.1781214,-23.3846092,0
1,G12_G678,0.75,1.10,5000,618323,165.188,84.534,185.561506,4.39086,17.8122,199.789,200.629506,21.9774862,89.1550586,0
1,G12_G678,0.75,1.10,5000,618761,-115.837,-34.8843,120.975721,2.26138,-6.57933,207.473,207.589612,10.8996351,-31.7117408,0
1,G12_G678,0.75,1.10,5000,620699,40.5649,-84.9221,94.1130925,0.474764,-1.16945,195.1,195.104083,2.43343926,-5.99410559,0
1,G12_G678,0.75,1.10,5000,622604,116.069,-71.439,136.292126,-2.52508,-32.7696,193.208,195.983555,-13.0692311,-169.607884,0
1,G12_G678,0.75,1.10,5000,622992,-61.0386,-136.996,149.978714,4.25266,-7.74042,196.295,196.493578,21.6646374,-39.4325887,0
1,G12_G678,0.75,1.10,5000,623131,175.243,-49.5712,182.119227,-8.43333,-13.58,190.294,190.964248,-44.3173721,-71.363259,0
1,G12_G678,0.75,1.10,5000,625370,-73.2598,32.0954,79.9819542,15.4828,10.3273,189.208,190.121113,81.829521,54.5817302,0
1,G12_G678,0.75,1.10,5000,627496,-39.4298,153.359,158.346746,6.60483,9.65828,201.371,201.710649,32.7993107,47.9626163,0
1,G12_G678,0.75,1.10,5000,632322,-192.797,34.2232,195.810905,-3.54862,0.664367,205.456,205.487717,-17.271922,3.2336218,0
1,G12_G678,0.75,1.10,5000,632633,-101.691,-17.689,103.218023,-0.254538,1.07974,198.566,198.569099,-1.28188109,5.43768822,0
1,G12_G678,0.75,1.10,5000,633227,-18.1852,36.2916,40.5928778,-14.101,10.291,200.484,201.242583,-70.3347898,51.3307795,0
1,G12_G678,0.75,1.10,5000,634382,25.7145,136.956,139.349135,-6.68747,30.0148,192.289,194.732303,-34.7782244,156.092132,0
1,G12_G678,0.75,1.10,5000,637668,-57.9213,40.1498,70.4761196,-10.7349,8.47396,199.194,199.662955,-53.8916835,42.5412412,0
1,G12_G678,0.75,1.10,5000,640770,22.5156,-184.127,185.498529,-0.619277,-23.8955,207.448,208.820619,-2.98521557,-115.187903,0
1,G12_G678,0.75,1.10,5000,644244,89.0233,86.4253,124.074495,-8.94612,29.3204,205.438,207.71252,-43.5465688,142.721405,0
1,G12_G678,0.75,1.10,5000,644762,-70.28,91.6786,115.517289,-2.0742,25.455,189.335,191.049736,-10.9551853,134.444239,0
1,G12_G678,0.75,1.10,5000,645379,-40.1184,102.98,110.518625,-0.693804,10.0533,207.974,208.217998,-3.33601316,48.3392155,0
1,G12_G678,0.75,1.10,5000,650751,27.5885,-48.0168,55.3781402,-2.77882,-3.87538,200.27,200.326766,-13.8753683,-19.3507765,0
1,G12_G678,0.75,1.10,5000,651926,87.4272,-3.71086,87.5059186,5.16805,19.9192,207.857,208.873205,24.8634879,95.8312686,0
1,G12_G678,0.75,1.10,5000,652557,-153.192,124.188,197.206613,-16.7441,9.85497,197.015,197.970694,-84.9889602,50.0214197,0
1,G12_G678,0.75,1.10,5000,654201,-137.773,136.803,194.155763,-7.80454,6.84673,199.24,199.510316,-39.1715519,34.3642341,0
1,G12_G678,0.75,1.10,5000,656587,77.3066,10.53,78.0204544,2.87732,4.9827,195.88,195.964488,14.6891975,25.4375128,0
1,G12_G678,0.75,1.10,5000,657418,3.49783,74.5401,74.6221235,14.8327,-6.07924,201.289,201.926293,73.6885771,-30.201551,0
1,G12_G678,0.75,1.10,5000,659331,-162.829,-28.4314,165.292552,-0.918743,-22.5904,191.667,192.995879,-4.7934334,-117.862752,0
1,G12_G678,0.75,1.10,5000,659780,-88.4649,43.4776,98.5714981,10.4002,15.2079,202.92,203.754683,51.2527104,74.9452986,0
1,G12_G678,0.75,1.10,5000,660775,-158.245,-104.515,189.644049,-9.30492,-15.4811,209.176,209.954388,-44.4836884,-74.0099247,0
1,G12_G678,0.75,1.10,5000,665616,128.766,-131.617,184.129621,2.1963,-4.71578,207.334,207.399252,10.5930528,-22.7448465,0
1,G12_G678,0.75,1.10,5000,666392,89.4585,-8.10459,89.8248718,14.4547,19.2532,201.415,202.848777,71.7657573,95.5897029,0
1,G12_G678,0.75,1.10,5000,668383,14.1307,-9.49447,17.0241488,4.7321,0.597685,204.663,204.718572,23.121424,2.92033734,1
1,G12_G678,0.75,1.10,5000,669820,21.9527,110.328,112.490838,-6.8634,-8.44028,201.158,201.451944,-34.1194484,-41.9584605,0
1,G12_G678,0.75,1.10,5000,670029,54.9179,74.5092,92.5613128,0.134632,2.43878,198.797,198.812004,0.67723356,12.2676902,0
1,G12_G678,0.75,1.10,5000,671900,171.377,-78.008,188.295842,8.49518,-26.1347,206.41,208.231311,41.1568238,-126.615474,0
1,G12_G678,0.75,1.10,5000,671918,88.864,-88.9038,125.70082,1.58285,-8.9952,206.43,206.631953,7.6677324,-43.5750618,0
1,G12_G678,0.75,1.10,5000,675018,-71.3035,56.941,91.2494745,1.98775,9.34797,208.36,208.579062,9.53997888,44.8645133,0
1,G12_G678,0.75,1.10,5000,675896,62.3225,101.357,118.984602,-7.3602,33.836,199.762,202.740978,-36.8448454,169.381564,0
1,G12_G678,0.75,1.10,5000,676156,-20.1242,-152.183,153.507814,5.72188,-26.4777,199.688,201.517011,28.6541004,-132.595349,0
1,G12_G678,0.75,1.10,5000,676469,121.21,-125.143,174.220075,4.06529,-25.1174,204.954,206.527365,19.8351337,-122.551402,0
1,G12_G678,0.75,1.10,5000,678316,26.3104,-145.904,148.257257,-25.693,-3.89081,199.927,201.608715,-128.511907,-19.4611533,0
1,G12_G678,0.75,1.10,5000,678819,-124.215,-14.4182,125.048993,-14.454,12.8714,208.933,209.827523,-69.1800721,61.605395,0
1,G12_G678,0.75,1.10,5000,679581,178.689,-7.08674,178.829474,27.4043,8.90206,196.447,198.548901,139.499712,45.3153268,0
1,G12_G678,0.75,1.10,5000,680073,43.9938,-93.9245,103.717241,12.2307,-16.4089,204.771,205.791167,59.7286725,-80.132929,0
1,G12_G678,0.75,1.10,5000,683591,68.436,-136.172,152.401771,-7.76841,-15.3792,197.758,198.507165,-39.2824058,-77.7677768,0
1,G12_G678,0.75,1.10,5000,685853,-99.3536,54.3137,113.230366,2.07308,4.25263,204.527,204.58171,10.1359723,20.7925115,0
1,G12_G678,0.75,1.10,5000,687251,-176.453,3.96639,176.497574,15.3124,-18.6574,197.42,198.889981,77.562557,-94.5061291,0
1,G12_G678,0.75,1.10,5000,687338,0.89682,106.962,106.96576,10.305,5.15292,200.119,200.450392,51.4943609,25.7492792,0
1,G12_G678,0.75,1.10,5000,689592,-60.07,-100.466,117.054782,-14.4178,-34.4541,190.857,194.477126,-75.5424218,-180.523114,0
1,G12_G678,0.75,1.10,5000,690017,-180.969,-69.773,193.953733,-4.91875,-31.8261,189.675,192.38945,-25.9325161,-167.792803,0
1,G12_G678,0.75,1.10,5000,690808,114.707,33.6498,119.540808,0.858569,1.98634,192.182,192.194183,4.46747874,10.3357234,0
1,G12_G678,0.75,1.10,5000,694346,-73.3526,175.983,190.658386,-1.06651,26.2036,195.574,197.324493,-5.45322998,133.983045,0
1,G12_G678,0.75,1.10,5000,697324,74.8798,85.2898,113.495967,10.2566,32.2127,192.472,195.418338,53.2887901,167.363045,0
1,G12_G678,0.75,1.10,5000,698761,-95.8452,-64.1412,115.327342,-8.01148,-14.1074,194.307,194.983109,-41.2310416,-72.6036633,0
1,G12_G678,0.75,1.10,5000,699192,-43.6035,53.9066,69.3338787,-2.42356,1.64049,194.451,194.473022,-12.4636027,8.43652128,0
1,G12_G678,0.75,1.10,5000,701705,-75.9814,-32.5851,82.6738283,-15.7224,17.9999,198.51,199.943518,-79.2020553,90.675029,0
1,G12_G678,0.75,1.10,5000,702668,-11.0369,-58.6721,59.7011598,25.052,-13.3826,198.484,200.505848,126.216723,-67.4240745,0
1,G12_G678,0.75,1.10,5000,703658,61.3604,48.6429,78.3021737,12.3421,-18.8318,201.617,202.87035,61.2155721,-93.40383,0
1,G12_G678,0.75,1.10,5000,703689,186.951,39.9508,191.172024,4.05885,11.0162,201.639,201.980487,20.1292905,54.6332803,0
1,G12_G678,0.75,1.10,5000,708256,-68.8464,-39.0712,79.1605044,-2.07278,-2.11699,192.796,192.818764,-10.7511567,-10.9804664,0
1,G12_G678,0.75,1.10,5000,709389,75.5507,32.1494,82.1065904,-11.658,13.9585,200.472,201.295235,-58.1527595,69.6281775,0
1,G12_G678,0.75,1.10,5000,709859,-91.1539,42.9138,100.750324,5.45509,20.3615,207.648,208.715214,26.2708526,98.0577708,0
1,G12_G678,0.75,1.10,5000,714139,-57.9896,-21.3462,61.7936401,0.471256,-8.00501,193.537,193.703053,2.43496592,-41.3616518,0
1,G12_G678,0.75,1.10,5000,715912,-18.0675,-81.5039,83.4824549,-4.23716,-30.6589,197.512,199.922264,-21.4526712,-155.225505,0
1,G12_G678,0.75,1.10,5000,719761,-6.38071,25.4231,26.2115904,0.207281,-3.22338,208.753,208.777988,0.992948604,-15.4411194,0
1,G12_G678,0.75,1.10,5000,721640,-49.5359,-12.6123,51.1162939,1.05974,-4.04614,191.796,191.841601,5.52534985,-21.0960604,0
1,G12_G678,0.75,1.10,5000,722226,-44.9722,-13.0774,46.8349993,-13.1202,-11.1532,191.434,192.206945,-68.5364146,-58.2613329,0
1,G12_G678,0.75,1.10,5000,722239,-127.461,-10.0105,127.853497,20.8762,6.21947,190.62,191.860579,109.517364,32.6275837,0
1,G12_G678,0.75,1.10,5000,727952,-34.4556,120.894,125.708184,5.67079,21.5273,207.15,208.342758,27.3752836,103.921313,0
1,G12_G678,0.75,1.10,5000,731822,-52.7016,26.9447,59.1901639,7.78125,4.26006,198.079,198.277548,39.2835687,21.5068735,0
1,G12_G678,0.75,1.10,5000,732915,-43.2161,-97.8627,106.980089,-4.10552,-29.8098,196.335,198.62757,-20.9107902,-151.831309,0
1,G12_G678,0.75,1.10,5000,733482,27.1662,32.5343,42.3849395,-2.29247,-3.30782,200.075,200.115473,-11.4580532,-16.5329002,0
1,G12_G678,0.75,1.10,5000,734694,-124.973,28.5012,128.181782,3.58334,-11.1608,192.542,192.898485,18.6106927,-57.9655348,0
1,G12_G678,0.75,1.10,5000,735888,153.695,11.4042,154.117516,3.95023,2.19305,194.083,194.135583,20.3533025,11.2995471,0
1,G12_G678,0.75,1.10,5000,737630,110.415,66.2141,128.746958,12.8369,15.5961,196.23,197.266919,65.4176222,79.478673,0
1,G12_G678,0.75,1.10,5000,738839,-67.9655,-148.471,163.287927,0.0508163,-35.5377,206.44,209.476501,0.246155299,-172.145418,0
1,G12_G678,0.75,1.10,5000,740848,39.6966,-38.8899,55.5719747,3.06209,12.0565,205.255,205.63159,14.9184673,58.7391294,0
1,G12_G678,0.75,1.10,5000,742185,-11.864,-99.5723,100.276605,2.59625,-23.9234,203.356,204.774833,12.7670194,-117.642951,0
1,G12_G678,0.75,1.10,5000,746949,85.8254,-42.7509,95.8834644,1.62136,-18.3606,203.466,204.299177,7.96870239,-90.2391554,0
1,G12_G678,0.75,1.10,5000,747942,-42.99,88.6713,98.5430847,-8.25128,11.5503,195.259,195.774284,-42.2581289,59.1537394,0
1,G12_G678,0.75,1.10,5000,749169,-24.9343,179.631,181.353289,9.84712,24.1624,207.268,208.903832,47.5091186,116.575641,0
1,G12_G678,0.75,1.10,5000,749221,150.119,17.0903,151.088691,0.594888,6.78987,205.137,205.250201,2.89995466,33.0991971,0
1,G12_G678,0.75,1.10,5000,750573,96.807,84.6598,128.603565,7.2355,18.3392,204.063,205.013138,35.4571872,89.8702852,0
1,G12_G678,0.75,1.10,5000,751957,138.14,79.4156,159.340821,5.2228,26.8749,191.069,193.020467,27.3346278,140.65547,0
1,G12_G678,0.75,1.10,5000,752067,-67.1359,36.0838,76.2185653,4.92982,27.6927,193.089,195.127012,25.5313353,143.419356,0
1,G12_G678,0.75,1.10,5000,755846,-31.1001,-30.0237,43.2277548,0.133962,0.401273,190.833,190.833469,0.701985506,2.10274428,0
1,G12_G678,0.75,1.10,5000,758988,127.98,-84.0974,153.13802,0.490054,-5.61074,200.785,200.863976,2.44069029,-27.9440197,0
1,G12_G678,0.75,1.10,5000,761569,10.7435,-60.2474,61.1978104,0.299815,-12.5585,202.635,203.024011,1.47958151,-61.9759666,0
1,G12_G678,0.75,1.10,5000,763128,46.7826,62.4044,77.9930818,4.40253,12.2028,202.794,203.208506,21.7093701,60.1733779,0
1,G12_G678,0.75,1.10,5000,763462,0.389112,157.42,157.420481,1.26322,33.9489,194.961,197.89875,6.47934715,174.131749,0
1,G12_G678,0.75,1.10,5000,764218,-70.3095,-119.505,138.65378,2.51655,-18.3347,191.379,192.271724,13.1495619,-95.8030923,0
1,G12_G678,0.75,1.10,5000,765154,111.173,-10.3777,111.656315,3.87148,-1.74184,194.621,194.667296,19.8924063,-8.94990777,0
1,G12_G678,0.75,1.10,5000,765568,127.134,16.6989,128.226001,4.3215,-11.4112,193.217,193.601911,22.3660444,-59.0589855,0
1,G12_G678,0.75,1.10,5000,767724,-114.096,-31.0878,118.255438,10.978,-29.4478,194.656,197.176692,56.3969259,-151.281235,0
1,G12_G678,0.75,1.10,5000,768940,161.494,-57.2491,171.341097,12.6959,9.26764,195.699,196.329248,64.8746289,47.3566038,0
1,G12_G678,0.75,1.10,5000,775830,89.2122,161.479,184.483831,7.42176,23.6896,198.191,199.739711,37.4475128,119.529141,0
1,G12_G678,0.75,1.10,5000,779372,145.736,12.254,146.250273,11.6527,10.3314,194.892,195.513209,59.7905507,53.0108983,0
1,G12_G678,0.75,1.10,5000,779436,85.0568,149.09,171.646402,3.67351,15.2942,208.831,209.422525,17.590827,73.237211,0
1,G12_G678,0.75,1.10,5000,781408,135.58,-55.7321,146.587869,3.02737,-3.89741,204.167,204.226636,14.8279105,-19.0893239,0
1,G12_G678,0.75,1.10,5000,781606,-145.467,130.494,195.42091,-2.93807,-7.0278,204.526,204.667796,-14.3652641,-34.3614015,0
1,G12_G678,0.75,1.10,5000,782428,-3.1428,-43.913,44.0253195,2.6902,-24.5946,202.029,203.538322,13.3159101,-121.737968,0
1,G12_G678,0.75,1.10,5000,791841,-25.0855,165.619,167.508016,9.53873,24.0137,197.829,199.509294,48.217046,121.386147,0
1,G12_G678,0.75,1.10,5000,793517,153.891,-45.4628,160.465903,4.9941,-3.77653,199.884,199.982041,24.9849913,-18.8936083,0
1,G12_G678,0.75,1.10,5000,794562,-90.0564,16.5009,91.5556382,-9.43409,7.67459,190.223,190.611361,-49.5948965,40.3452264,0
1,G12_G678,0.75,1.10,5000,795176,165.255,81.3741,184.203581,4.20356,4.63521,198.937,199.035386,21.1301065,23.2998889,0
1,G12_G678,0.75,1.10,5000,799640,112.028,25.4218,114.876197,3.90003,17.1756,206.419,207.169049,18.8937549,83.2074567,0
1,G12_G678,0.75,1.10,5000,799659,59.4283,48.7641,76.8743149,23.4034,0.398233,207.596,208.911409,112.735313,1.91830767,0
1,G12_G678,0.75,1.10,5000,804055,-79.9387,13.2379,81.0273889,7.06799,-20.3652,208.009,209.123031,33.9792509,-97.9053791,0
1,G12_G678,0.75,1.10,5000,809277,163.782,80.596,182.538376,11.8798,-22.9531,205.603,207.221061,57.7802853,-111.637962,0
1,G12_G678,0.75,1.10,5000,815455,-57.1356,140.966,152.104865,-9.41093,27.956,194.962,197.180843,-48.2705861,143.392046,0
1,G12_G678,0.75,1.10,5000,817671,-42.5,99.1818,107.904029,20.3354,11.8275,196.264,197.668854,103.612481,60.2632169,0
1,G12_G678,0.75,1.10,5000,819319,-101.727,22.212,104.123751,-25.7913,-13.5061,196.773,198.915106,-131.071336,-68.6379737,0
1,G12_G678,0.75,1.10,5000,820529,160.211,32.4546,163.465182,2.46461,-0.697775,198.292,198.308544,12.4291953,-3.51892663,0
1,G12_G678,0.75,1.10,5000,823140,134.021,-113.332,175.515728,1.01422,-1.39845,196.831,196.838581,5.15274525,-7.10482597,0
1,G12_G678,0.75,1.10,5000,827441,80.4618,104.889,132.19608,-13.3157,24.4722,205.535,207.414639,-64.7855596,119.065853,0
1,G12_G678,0.75,1.10,5000,827822,82.7088,-0.499231,82.7103067,0.615824,1.81327,204.907,204.915948,3.00538293,8.84923404,0
1,G12_G678,0.75,1.10,5000,828665,-153.89,25.9733,156.066474,0.274182,-8.15784,191.845,192.018566,1.42918502,-42.5230785,0
1,G12_G678,0.75,1.10,5000,829269,-22.9568,-27.2933,35.6642523,8.73638,-17.7418,205.371,206.320972,42.5395017,-86.3890228,0
1,G12_G678,0.75,1.10,5000,831236,-37.1601,62.708,72.8914693,0.675497,4.57654,209.25,209.301131,3.2281816,21.8711589,0
1,G12_G678,0.75,1.10,5000,831644,-112.552,21.3551,114.559997,-16.4498,15.397,193.418,194.725926,-85.0479273,79.6047938,0
1,G12_G678,0.75,1.10,5000,831740,123.638,2.29954,123.659383,4.6238,4.47309,200.499,200.602186,23.0614617,22.3097871,0
1,G12_G678,0.75,1.10,5000,831895,-75.9791,42.8316,87.2202362,-6.51289,16.8089,206.617,207.401884,-31.5215592,81.352938,0
1,G12_G678,0.75,1.10,5000,834378,54.1256,127.656,138.656536,0.34646,1.16625,192.609,192.612842,1.79877368,6.05501301,0
1,G12_G678,0.75,1.10,5000,835547,-35.7582,14.9402,38.7538184,3.25803,20.8418,206.042,207.119051,15.8124557,101.153163,0
1,G12_G678,0.75,1.10,5000,837225,79.4769,92.5759,122.011782,-7.57239,-3.3594,209.201,209.364957,-36.1967199,-16.0582406,0
1,G12_G678,0.75,1.10,5000,838090,-32.3418,119.246,123.554039,14.6063,10.9717,207.141,207.944983,70.5138046,52.9673025,0
1,G12_G678,0.75,1.10,5000,839239,51.6619,56.7864,76.7700927,7.72499,18.2793,208.73,209.671222,37.0094859,87.5738993,0
1,G12_G678,0.75,1.10,5000,843174,-87.0942,99.1632,131.980074,-24.7062,28.5835,194.303,197.942084,-127.152952,147.107868,0
1,G12_G678,0.75,1.10,5000,844119,128.808,-46.7258,137.021171,27.67,-25.7161,196.3,199.901568,140.957718,-131.004075,0
1,G12_G678,0.75,1.10,5000,847285,49.6662,-78.7054,93.0659519,-2.90564,-14.7864,199.553,200.121164,-14.5607433,-74.0976082,0
1,G12_G678,0.75,1.10,5000,850941,13.2345,79.742,80.8327814,4.839,-1.67931,206.387,206.45055,23.4462442,-8.13670435,0
1,G12_G678,0.75,1.10,5000,856562,-88.9432,161.071,183.99663,0.365053,15.4994,190.565,191.194623,1.91563509,81.3339281,0
1,G12_G678,0.75,1.10,5000,856884,65.7268,67.4045,94.1455196,-10.6172,-1.44435,192.375,192.673173,-55.1901235,-7.5079922,0
1,G12_G678,0.75,1.10,5000,860713,58.3132,14.5923,60.1112678,-1.37181,28.0755,195.414,197.425295,-7.02001904,143.671897,0
1,G12_G678,0.75,1.10,5000,861374,90.8028,3.89155,90.8861521,0.818839,12.6975,201.272,201.673784,4.06832048,63.0862713,0
1,G12_G678,0.75,1.10,5000,865043,12.0234,-5.62567,13.2744232,-4.29504,8.64883,193.309,193.550043,-22.2185206,44.7409588,1
1,G12_G678,0.75,1.10,5000,870575,-94.1315,-91.3199,131.149012,7.89314,-30.27,191.192,193.734239,41.2838403,-158.322524,0
1,G12_G678,0.75,1.10,5000,872022,-34.264,175.183,178.502395,2.44723,24.449,197.328,198.85191,12.4018386,123.900308,0
1,G12_G678,0.75,1.10,5000,873792,105.427,66.0953,124.432476,-25.053,-1.91794,202.459,204.012201,-123.743573,-9.47322668,0
1,G12_G678,0.75,1.10,5000,873957,-4.10269,-1.43832,4.34750844,-0.715813,-0.7345,204.855,204.857567,-3.49424227,-3.58546289,1
1,G12_G678,0.75,1.10,5000,875638,101.535,-43.4873,110.45588,6.22294,-25.6333,191.749,193.554824,32.4535721,-133.681532,0
1,G12_G678,0.75,1.10,5000,876392,-155.391,79.3646,174.48525,-5.22754,7.19148,201.934,202.129624,-25.8873691,35.6130221,0
1,G12_G678,0.75,1.10,5000,876839,191.984,-14.7307,192.548305,19.5525,-8.64882,203.649,204.768204,96.0107833,-42.4692486,0
1,G12_G678,0.75,1.10,5000,877098,-33.2857,44.9341,55.919685,-1.44755,0.778031,204.258,204.264611,-7.08687053,3.80906011,0
1,G12_G678,0.75,1.10,5000,877124,110.952,-104.172,152.191169,4.9354,2.80529,196.035,196.117182,25.1761165,14.3101487,0
1,G12_G678,0.75,1.10,5000,877793,-100.554,6.35872,100.754852,-1.17071,-2.56609,201.792,201.811711,-5.80156795,-12.7165101,0
1,G12_G678,0.75,1.10,5000,881609,83.8805,-102.071,132.115205,18.0567,-12.2216,189.906,191.153605,95.0823039,-64.3560498,0
1,G12_G678,0.75,1.10,5000,882422,-50.2625,76.3264,91.3894865,9.18212,-8.22026,197.534,197.918077,46.4837446,-41.6144056,0
1,G12_G678,0.75,1.10,5000,886153,20.5881,18.6893,27.8057511,2.12394,-5.63816,193.951,194.044558,10.9509103,-29.0700228,0
1,G12_G678,0.75,1.10,5000,887345,74.8447,3.35181,74.9197154,11.511,-14.5509,198.765,199.629049,57.9126104,-73.2065504,0
1,G12_G678,0.75,1.10,5000,889156,3.38797,-4.12666,5.33925683,-4.66486,4.01853,195.299,195.396031,-23.8857342,20.5762958,1
1,G12_G678,0.75,1.10,5000,889389,-23.4092,-55.3783,60.122764,-2.79268,-8.28752,202.082,202.271147,-13.8195386,-41.0106788,0
1,G12_G678,0.75,1.10,5000,891796,118.407,-41.3539,125.420743,2.30909,-19.2884,202.032,202.963798,11.429328,-95.4720044,0
1,G12_G678,0.75,1.10,5000,892735,132.566,128.691,184.756916,4.34261,23.5866,201.372,202.795139,21.5651133,117.129492,0
1,G12_G678,0.75,1.10,5000,893272,-140.666,-62.2781,153.835904,-6.42427,-3.16979,197.299,197.429011,-32.5610875,-16.0659203,0
1,G12_G678,0.75,1.10,5000,893475,134.867,16.2163,135.838419,-17.8473,-0.408791,205.753,206.526004,-86.7413841,-1.98680457,0
1,G12_G678,0.75,1.10,5000,895852,85.6169,-152.004,174.457644,10.6735,-29.7639,201.004,203.47585,53.1009333,-148.076158,0
1,G12_G678,0.75,1.10,5000,896382,132.653,-83.1144,156.540161,-15.2347,-22.506,191.977,193.891167,-79.3569021,-117.232794,0
1,G12_G678,0.75,1.10,5000,897496,-90.4482,154.974,179.437503,-2.30369,13.2306,192.649,193.116527,-11.957965,68.6772316,0
1,G12_G678,0.75,1.10,5000,899920,-144.78,12.8421,145.348436,3.46862,3.75054,200.637,200.702027,17.2880376,18.6931623,0
1,G12_G678,0.75,1.10,5000,901554,-101.938,42.3442,110.382911,6.55162,-21.7442,197.428,198.72984,33.1848573,-110.137367,0
1,G12_G678,0.75,1.10,5000,903085,-129.456,-127.872,181.961821,-3.58654,-41.2217,205.176,209.306672,-17.4803096,-200.908976,0
1,G12_G678,0.75,1.10,5000,903349,-81.1206,2.42652,81.1568835,-2.10098,12.8438,200.194,200.616587,-10.4947201,64.1567679,0
1,G12_G678,0.75,1.10,5000,904642,-50.0615,-18.2028,53.2681491,-24.7232,4.19799,190.368,192.012591,-129.870566,22.051973,0
1,G12_G678,0.75,1.10,5000,905696,67.9109,125.305,142.524501,-9.77545,22.423,190.068,191.635579,-51.4313298,117.973567,0
1,G12_G678,0.75,1.10,5000,909611,81.5303,-24.3558,85.0905095,4.83085,-9.15957,200.645,200.912048,24.076603,-45.6506267,0
1,G12_G678,0.75,1.10,5000,910591,122.549,-100.45,158.456492,3.30023,-35.7003,199.063,202.265867,16.5788218,-179.341716,0
1,G12_G678,0.75,1.10,5000,912698,5.28632,-136.758,136.860132,-11.4962,-28.9767,201.619,204.014786,-57.0194277,-143.720086,0
1,G12_G678,0.75,1.10,5000,913450,160.24,75.5238,177.145991,9.0807,-9.57736,201.642,202.073455,45.0337727,-47.4968509,0
1,G12_G678,0.75,1.10,5000,914571,58.8193,-24.5832,63.7498531,-24.0681,-18.4394,207.322,209.527317,-116.090429,-88.9408746,0
1,G12_G678,0.75,1.10,5000,914900,-13.4245,148.731,149.335621,1.34746,5.71487,197.226,197.313381,6.83206068,28.9762506,0
1,G12_G678,0.75,1.10,5000,916741,-13.0857,-197.104,197.537901,0.266849,-18.0928,202.426,203.233132,1.31825457,-89.3798228,0
1,G12_G678,0.75,1.10,5000,918022,-96.5023,1.8997,96.5209965,7.04391,-0.0401328,201.661,201.783986,34.9294608,-0.199011212,0
1,G12_G678,0.75,1.10,5000,921194,151.316,-50.1029,159.395208,23.3079,12.9704,200.486,202.252628,116.256996,64.6947917,0
1,G12_G678,0.75,1.10,5000,923738,-129.056,113.88,172.116546,-8.6511,8.43211,208.859,209.208088,-41.4207671,40.3722607,0
1,G12_G678,0.75,1.10,5000,925561,113.185,-126.75,169.930594,7.64513,-26.3644,203.021,204.868387,37.6568434,-129.860458,0
1,G12_G678,0.75,1.10,5000,932089,129.671,144.062,193.825767,2.03242,7.33042,197.44,197.586486,10.2938614,37.1273298,0
1,G12_G678,0.75,1.10,5000,932518,-142.586,-102.499,175.604135,9.70077,5.07284,207.788,208.076168,46.685901,24.4135369,0
1,G12_G678,0.75,1.10,5000,932614,-166.916,74.102,182.625457,-16.6427,14.1746,207.452,208.60065,-80.2243411,68.3271311,0
1,G12_G678,0.75,1.10,5000,933200,-47.4289,-177.525,183.751534,5.29576,-28.7169,205.584,207.647505,25.7595922,-139.684509,0
1,G12_G678,0.75,1.10,5000,935040,-28.3475,196.333,198.368918,-0.318486,14.1672,207.524,208.007263,-1.53469478,68.2677666,0
1,G12_G678,0.75,1.10,5000,939486,-40.7582,56.4718,69.6440598,3.97506,11.0815,195.058,195.412958,20.3788617,56.8113074,0
1,G12_G678,0.75,1.10,5000,942931,-190.864,6.50929,190.974965,-2.40488,-19.1271,205.351,206.253879,-11.7110703,-93.1434471,0
1,G12_G678,0.75,1.10,5000,947543,65.8152,54.9537,85.7411785,6.26168,-4.09744,192.853,192.998128,32.4686678,-21.2464416,0
1,G12_G678,0.75,1.10,5000,953687,-17.6138,48.7518,51.836126,-7.65763,21.5574,195.51,196.8439,-39.1674595,110.262391,0
1,G12_G678,0.75,1.10,5000,956486,-96.9474,-89.4736,131.925447,-9.86018,-24.7323,196.86,198.652383,-50.0872701,-125.633953,0
1,G12_G678,0.75,1.10,5000,958634,113.179,-80.962,139.155781,-18.4497,-18.4006,207.665,209.293396,-88.8435702,-88.6071317,0
1,G12_G678,0.75,1.10,5000,960408,59.8245,-9.26872,60.5382521,0.815218,-17.0789,193.982,194.7341,4.20254457,-88.043736,0
1,G12_G678,0.75,1.10,5000,960623,38.7845,-181.704,185.79715,-9.19873,-19.6442,195.182,196.383615,-47.1289873,-100.645551,0
1,G12_G678,0.75,1.10,5000,964159,-112.907,-73.6588,134.80953,-5.93113,-6.10971,200.121,200.302076,-29.6377192,-30.5300793,0
1,G12_G678,0.75,1.10,5000,964752,61.3902,153.385,165.214149,-4.24067,14.6205,192.024,192.626475,-22.0840624,76.1389201,0
1,G12_G678,0.75,1.10,5000,964769,55.7924,-49.8548,74.8217414,4.04651,-28.7825,187.962,190.196004,21.5283408,-153.129356,0
1,G12_G678,0.75,1.10,5000,965063,107.219,137.011,173.976803,2.64054,12.8556,199.423,199.854377,13.2409,64.4639786,0
1,G12_G678,0.75,1.10,5000,971336,152.372,118.219,192.85476,22.4726,14.4531,203.774,205.518254,110.281979,70.9271055,0
1,G12_G678,0.75,1.10,5000,972273,-43.314,-175.806,181.063117,-1.19956,-26.0521,196.034,197.761169,-6.1191426,-132.895824,0
1,G12_G678,0.75,1.10,5000,974721,-46.6772,-62.7109,78.1755587,7.31159,14.5878,198.105,198.77589,36.90765,73.6367078,0
1,G12_G678,0.75,1.10,5000,976092,-14.7456,-165.066,165.723315,3.41237,-32.5844,203.414,206.035538,16.7754923,-160.187598,0
1,G12_G678,0.75,1.10,5000,976314,175.91,17.7738,176.805645,8.86175,11.5238,197.188,197.723129,44.940615,58.4406759,0
1,G12_G678,0.75,1.10,5000,976567,-46.3762,167.12,173.435424,5.97738,16.3683,204.979,205.718353,29.1609384,79.853546,0
1,G12_G678,0.75,1.10,5000,976770,63.1876,-31.2913,70.5111215,-14.1435,-19.7613,191.072,192.611154,-74.0218347,-103.423317,0
1,G12_G678,0.75,1.10,5000,977709,-110.824,-54.3954,123.45371,20.9394,-5.6734,198.458,199.640236,105.510486,-28.5874089,0
1,G12_G678,0.75,1.10,5000,978336,55.4632,110.691,123.808982,-24.7178,15.3135,198.069,200.191912,-124.793885,77.3139663,0
1,G12_G678,0.75,1.10,5000,978400,54.5564,-64.49,84.4710653,-6.1489,-32.0377,187.411,190.229089,-32.809707,-170.948877,0
1,G12_G678,0.75,1.10,5000,982059,-97.183,-31.6822,102.216913,-10.0331,15.7579,201.695,202.558257,-49.7439203,78.1273705,0
1,G12_G678,0.75,1.10,5000,983666,13.2751,163.498,164.036046,-0.653814,33.765,198.316,201.170919,-3.2968293,170.258577,0
1,G12_G678,0.75,1.10,5000,985490,-157.757,-75.2856,174.800437,-5.30955,-17.0435,195.04,195.855237,-27.2228774,-87.384639,0
1,G12_G678,0.75,1.10,5000,985903,95.4483,39.2829,103.215911,-12.7175,-24.9311,188.069,190.140062,-67.6214581,-132.56358,0
1,G12_G678,0.75,1.10,5000,986220,-73.6814,-7.96074,74.1102023,-18.6748,-23.3435,205.714,207.874763,-90.7804039,-113.475505,0
1,G12_G678,0.75,1.10,5000,986750,-139.749,-55.567,150.391072,-11.1156,-11.0893,204.55,205.151728,-54.3417257,-54.2131508,0
1,G12_G678,0.75,1.10,5000,987470,174.663,-40.5354,179.304998,-11.5958,-7.05815,202.52,202.974458,-57.2575548,-34.8516196,0
1,G12_G678,0.75,1.10,5000,988024,147.873,47.1568,155.210141,5.11514,26.3307,200.328,202.115754,25.5338245,131.437942,0
1,G12_G678,0.75,1.10,5000,989589,110.269,-135.685,174.841847,4.5897,-9.69347,201.604,201.889082,22.7659173,-48.0817345,0
1,G12_G678,0.75,1.10,5000,991704,149.333,7.20276,149.506604,1.27658,-0.215197,196.567,196.571263,6.49437596,-1.09477684,0
1,G12_G678,0.75,1.10,5000,991941,79.1484,-42.522,89.8475915,-8.88098,11.8598,191.981,192.551892,-46.2596819,61.7759049,0
1,G12_G678,0.75,1.10,5000,993714,163.342,52.5704,171.593286,14.3736,-0.288119,206.029,206.529979,69.764936,-1.39843905,0
1,G12_G678,0.75,1.10,5000,994455,2.38138,111.648,111.673394,-6.99747,30.3553,205.137,207.488789,-34.1112037,147.975743,0
1,G12_G678,0.75,1.10,5000,998330,-142.808,-16.8296,143.796246,-8.66746,-19.6368,207.172,208.280979,-41.8370243,-94.7850096,0
1,G12_G678,0.75,1.10,5000,999537,85.6126,-61.4031,105.355863,1.23053,-1.30707,200.182,200.190049,6.14705618,-6.52940824,0
1,G12_G678,0.75,1.10,8000,8923,-117.815,-103.611,156.893638,5.7952,-12.0133,193.958,194.416073,29.8786335,-61.937636,0
1,G12_G678,0.75,1.10,8000,9249,-115.076,-99.9788,152.44096,-1.84043,-0.870821,199.311,199.321399,-9.233961,-4.36915674,0
1,G12_G678,0.75,1.10,8000,9767,169.751,45.1161,175.644142,5.19379,14.4734,194.216,194.823791,26.7423384,74.5221815,0
1,G12_G678,0.75,1.10,8000,14743,-27.5093,12.6281,30.2692996,1.0167,0.277228,207.387,207.389677,4.90242879,1.33676653,0
1,G12_G678,0.75,1.10,8000,19361,-57.6972,-18.3455,60.5435732,3.75844,4.1788,201.458,201.536384,18.6561963,20.7427851,0
1,G12_G678,0.75,1.10,8000,19654,-23.3503,-7.77408,24.6104212,-0.993918,4.99741,208.861,208.923142,-4.75875343,23.9269658,0
1,G12_G678,0.75,1.10,8000,20230,-74.5644,68.7699,101.435442,-15.5503,20.1403,207.031,208.588778,-75.1109737,97.2815665,0
1,G12_G678,0.75,1.10,8000,21317,2.75771,57.939,58.0045919,3.18813,-0.88127,200.585,200.61227,15.8941596,-4.39349902,0
1,G12_G678,0.75,1.10,8000,29500,138.293,-113.312,178.786362,-8.30669,-37.9839,194.414,198.263918,-42.7268098,-195.376362,0
1,G12_G678,0.75,1.10,8000,30079,90.2221,-48.3195,102.346477,1.89238,-7.38646,195.229,195.377848,9.69312961,-37.8348504,0
1,G12_G678,0.75,1.10,8000,30083,-82.1935,-72.5408,109.626361,-14.0243,-10.9959,196.05,196.858308,-71.5343025,-56.0872226,0
1,G12_G678,0.75,1.10,8000,36512,-57.4545,-41.613,70.9412527,6.60737,1.62332,203.659,203.77262,32.4432998,7.97077468,0
1,G12_G678,0.75,1.10,8000,37913,13.6808,90.6292,91.6559664,11.0679,-2.45973,201.257,201.576112,54.9938636,-12.2218358,0
1,G12_G678,0.75,1.10,8000,38785,29.2431,17.9492,34.3122817,-2.34848,-9.1969,208.801,209.01664,-11.2474557,-44.046245,0
1,G12_G678,0.75,1.10,8000,39689,135.237,59.3354,147.681197,4.41676,-6.38186,196.353,196.506327,22.4939777,-32.5019735,0
1,G12_G678,0.75,1.10,8000,40624,-54.6691,-23.0529,59.3308241,-23.6974,-12.0236,199.034,200.800067,-119.06207,-60.4097792,0
1,G12_G678,0.75,1.10,8000,40760,129.08,-45.5482,136.88055,-3.93589,-5.89772,198.258,198.38475,-19.8523641,-29.7477025,0
1,G12_G678,0.75,1.10,8000,48914,-127.667,-84.1882,152.926505,-8.60062,-2.53877,199.273,199.474671,-43.1599866,-12.7401605,0
1,G12_G678,0.75,1.10,8000,59196,-51.1647,-29.7411,59.1807364,-20.7333,-1.57683,193.566,194.679615,-107.112303,-8.14621369,0
1,G12_G678,0.75,1.10,8000,61439,51.3001,28.2923,58.5845927,-11.2767,-0.0775335,195.971,196.295193,-57.5426976,-0.39563762,0
1,G12_G678,0.75,1.10,8000,65073,-21.5961,154.036,155.542537,-9.36354,8.13588,205.952,206.325216,-45.4646714,39.5037679,0
1,G12_G678,0.75,1.10,8000,65106,64.0746,135.558,149.938406,2.83229,41.9438,201.769,206.101998,14.0372902,207.880299,0
1,G12_G678,0.75,1.10,8000,65981,-38.1491,-18.0369,42.1981468,1.12019,-2.01853,192.585,192.598836,5.81660046,-10.481242,0
1,G12_G678,0.75,1.10,8000,68300,129.805,84.9936,155.155567,-5.13944,-1.64713,209.614,209.683466,-24.5185913,-7.8579198,0
1,G12_G678,0.75,1.10,8000,70474,-1.89867,-1.19731,2.24466011,-8.01548,5.09713,189.891,190.128432,-42.2109526,26.8423991,1
1,G12_G678,0.75,1.10,8000,72767,-87.4646,17.8404,89.2655372,5.88156,-13.0931,193.584,194.115396,30.3824696,-67.6352384,0
1,G12_G678,0.75,1.10,8000,73383,78.1783,100.175,127.070363,20.115,10.9196,188.863,190.244799,106.505774,57.8175715,0
1,G12_G678,0.75,1.10,8000,78822,-78.5087,45.1312,90.5562874,3.34722,15.1436,191.539,192.165869,17.4753967,79.0627496,0
1,G12_G678,0.75,1.10,8000,78997,-75.4656,-27.2984,80.2512269,8.70357,4.83053,201.525,201.770691,43.1885374,23.9698797,0
1,G12_G678,0.75,1.10,8000,84084,15.4318,-27.4825,31.518697,10.0883,5.08248,209.032,209.337007,48.2619886,24.3143634,0
1,G12_G678,0.75,1.10,8000,84311,-67.2235,-25.9981,72.0756558,12.264,8.44107,194.712,195.280363,62.9853322,43.3515654,0
1,G12_G678,0.75,1.10,8000,85768,16.5582,-5.97066,17.6017831,29.8943,7.47133,201.825,204.16371,148.119906,37.018853,1
1,G12_G678,0.75,1.10,8000,87711,35.9003,46.4933,58.7406034,-4.06034,-15.3905,196.081,196.725983,-20.7074627,-78.4905218,0
1,G12_G678,0.75,1.10,8000,88258,100.796,14.016,101.765819,-3.22861,7.70837,197.827,198.003446,-16.3203708,38.965207,0
1,G12_G678,0.75,1.10,8000,88477,-125.367,97.2807,158.683393,-12.6931,8.75006,198.865,199.461692,-63.8277223,44,0
1,G12_G678,0.75,1.10,8000,89551,52.8039,170.79,178.76654,-5.77285,41.7302,203.867,208.17418,-28.3167457,204.693256,0
1,G12_G678,0.75,1.10,8000,94538,48.4759,78.2198,92.0230949,-0.627154,1.22578,200.436,200.440729,-3.12894889,6.11556806,0
1,G12_G678,0.75,1.10,8000,95315,93.4209,-98.4369,135.710309,8.58508,-12.7288,207.879,208.445208,41.2984477,-61.2317743,0
1,G12_G678,0.75,1.10,8000,96879,55.2289,93.0921,108.242184,0.0942848,31.0813,194.319,196.789049,0.485206285,159.949876,0
1,G12_G678,0.75,1.10,8000,98146,13.6554,76.6889,77.8951689,-9.69798,-0.822659,205.822,206.051992,-47.1182867,-3.99694396,0
1,G12_G678,0.75,1.10,8000,99864,114.438,-3.08723,114.479635,-7.51255,-4.37652,202.236,202.422805,-37.1474416,-21.6406574,0
1,G12_G678,0.75,1.10,8000,100560,-108.773,140.131,177.392961,-17.4975,8.59549,200.628,201.572913,-87.2136491,42.8429232,0
1,G12_G678,0.75,1.10,8000,105309,42.7759,-10.8551,44.1317439,0.693214,-3.20963,195.651,195.678553,3.54311504,-16.404874,0
1,G12_G678,0.75,1.10,8000,107687,48.2844,43.0696,64.7021926,-4.87154,21.7984,192.073,193.367369,-25.362961,113.490183,0
1,G12_G678,0.75,1.10,8000,117586,179.596,-54.8097,187.773338,0.0687266,8.5242,207.103,207.278362,0.331847438,41.1592299,0
1,G12_G678,0.75,1.10,8000,118731,98.383,-125.42,159.403234,4.04072,-17.8929,207.544,208.353054,19.469221,-86.2125622,0
1,G12_G678,0.75,1.10,8000,118735,92.6857,-149.838,176.187585,8.37931,-45.7943,192.703,198.246758,43.4830283,-237.641863,0
1,G12_G678,0.75,1.10,8000,120467,-57.0997,5.46459,57.3605917,6.75335,-4.96896,190.549,190.733373,35.44154,-26.077072,0
1,G12_G678,0.75,1.10,8000,122611,9.7659,-74.8216,75.4562431,11.4926,-1.31924,200.172,200.505985,57.4136243,-6.59053214,0
1,G12_G678,0.75,1.10,8000,128492,-94.1195,115.589,149.061387,4.58391,7.21314,200.826,201.007771,22.8252816,35.9173613,0
1,G12_G678,0.75,1.10,8000,132821,40.7478,-9.06797,41.7445959,3.64241,-3.9129,202.73,202.800471,17.9668031,-19.3010408,0
1,G12_G678,0.75,1.10,8000,133078,-109.926,86.8582,140.100223,-11.9566,9.54247,204.61,205.181069,-58.4360491,46.6373589,0
1,G12_G678,0.75,1.10,8000,138161,-47.7621,125.773,134.536485,-10.5557,39.6565,198.944,203.13241,-53.0586497,199.334989,0
1,G12_G678,0.75,1.10,8000,138876,186.326,-23.3162,187.779188,12.7248,2.8924,200.287,200.711656,63.5328304,14.4412768,0
1,G12_G678,0.75,1.10,8000,144025,88.6314,-59.0141,106.480933,-3.96141,-2.04169,207.646,207.693819,-19.0777092,-9.83255155,0
1,G12_G678,0.75,1.10,8000,152232,-51.6062,91.0533,104.660897,-14.6769,10.465,206.441,207.22648,-71.0948891,50.6924497,0
1,G12_G678,0.75,1.10,8000,152332,19.0477,66.0297,68.7221664,-7.13825,32.0476,199.902,202.580386,-35.7087473,160.316555,0
1,G12_G678,0.75,1.10,8000,154108,82.4901,30.6309,87.9935715,-3.89093,29.1297,195.429,197.626346,-19.9096859,149.055156,0
1,G12_G678,0.75,1.10,8000,154791,-177.723,21.3183,178.997024,-19.7337,8.48799,192.834,194.026845,-102.335169,44.017082,0
1,G12_G678,0.75,1.10,8000,156088,-150.183,-103.703,182.508207,8.14372,-17.7552,193.768,194.750109,42.0281987,-91.6312291,0
1,G12_G678,0.75,1.10,8000,164916,-39.725,-58.0409,70.3336456,-11.5263,0.72725,203.184,203.511971,-56.7283841,3.57926805,0
1,G12_G678,0.75,1.10,8000,166222,49.9085,70.9309,86.7297581,6.2157,-1.15492,192.787,192.890633,32.2412818,-5.9906529,0
1,G12_G678,0.75,1.10,8000,167720,59.8143,156.626,167.658744,13.5916,25.6766,203.08,205.147522,66.9273193,126.435887,0
1,G12_G678,0.75,1.10,8000,170594,-45.8777,106.493,115.954829,3.61836,34.2288,190.546,193.629753,18.9894304,179.635364,0
1,G12_G678,0.75,1.10,8000,171667,56.6005,-8.30713,57.2068616,8.79334,-12.5997,190.17,190.789686,46.2393648,-66.2549298,0
1,G12_G678,0.75,1.10,8000,172932,-18.7815,25.2558,31.4738014,-14.1051,6.53718,205.432,206.019405,-68.660676,31.8216247,0
1,G12_G678,0.75,1.10,8000,175153,162.319,-46.9402,168.969939,2.49902,-11.6097,200.422,200.773525,12.4687909,-57.9262756,0
1,G12_G678,0.75,1.10,8000,177133,-26.6515,61.7574,67.2627602,-7.28118,-7.12958,207.353,207.603259,-35.1149007,-34.3837803,0
1,G12_G678,0.75,1.10,8000,177161,17.4372,-187.773,188.580899,-6.81573,-35.914,200.749,204.050069,-33.9515016,-178.900019,0
1,G12_G678,0.75,1.10,8000,178255,80.0172,36.2352,87.8392965,-4.41563,-7.6867,192.505,192.708999,-22.9377419,-39.929872,0
1,G12_G678,0.75,1.10,8000,178856,2.91638,24.2209,24.3958453,3.92673,-14.7717,194.206,194.806552,20.2194062,-76.0620166,0
1,G12_G678,0.75,1.10,8000,180195,122.07,36.3708,127.373153,17.6303,-4.05314,207.944,208.7294,84.7838841,-19.4914977,0
1,G12_G678,0.75,1.10,8000,183338,90.562,71.5919,115.442089,0.980948,2.3978,208.888,208.904065,4.69604764,11.4788786,0
1,G12_G678,0.75,1.10,8000,183725,-25.7003,-76.393,80.6002225,-27.6597,-5.63587,199.798,201.782216,-138.438323,-28.2078399,0
1,G12_G678,0.75,1.10,8000,184897,57.7936,138.919,150.461253,-6.42193,23.0783,189.909,191.41389,-33.8158276,121.52294,0
1,G12_G678,0.75,1.10,8000,185232,-76.7764,59.3887,97.0650982,4.09519,-4.78298,198.536,198.635825,20.6269392,-24.0912479,0
1,G12_G678,0.75,1.10,8000,187533,-55.4781,-2.34526,55.5276492,-16.242,14.7733,197.975,199.188739,-82.0406617,74.6220482,0
1,G12_G678,0.75,1.10,8000,187573,20.5924,39.5612,44.5997251,-11.7948,17.5802,197.681,198.811364,-59.6658252,88.9321685,0
1,G12_G678,0.75,1.10,8000,188091,28.6854,-140.935,143.824638,8.60236,-19.0208,189.561,190.707011,45.3804316,-100.341315,0
1,G12_G678,0.75,1.10,8000,192169,-122.403,-102.255,159.494763,3.73625,-10.4299,207.779,208.074158,17.9818461,-50.1970844,0
1,G12_G678,0.75,1.10,8000,194535,5.95877,91.4119,91.6059081,-3.62757,31.4713,196.732,199.266359,-18.4391456,159.970417,0
1,G12_G678,0.75,1.10,8000,195902,34.0262,42.9724,54.8124935,7.04859,10.2546,194.318,194.71601,36.2734796,52.7722599,0
1,G12_G678,0.75,1.10,8000,199585,55.7286,-100.986,115.342313,-3.29,4.91265,209.218,209.301528,-15.7252244,23.4810102,0
1,G12_G678,0.75,1.10,8000,199810,114.429,13.1205,115.178746,21.9997,2.86415,198.517,199.752821,110.820232,14.4277316,0
1,G12_G678,0.75,1.10,8000,203493,-191.736,-3.30043,191.764404,-6.91842,20.8234,202.837,204.020409,-34.1082741,102.660757,0
1,G12_G678,0.75,1.10,8000,205060,73.0359,-9.84169,73.6960077,-22.5966,6.52219,200.887,202.259072,-112.484133,32.466959,0
1,G12_G678,0.75,1.10,8000,208522,23.7711,-88.6508,91.7825121,-0.753082,2.6433,206.294,206.312308,-3.65052789,12.8132665,0
1,G12_G678,0.75,1.10,8000,208765,103.221,74.9164,127.542314,13.9715,28.4,201.133,203.608071,69.4639865,141.200101,0
1,G12_G678,0.75,1.10,8000,209996,-40.7971,5.5401,41.1715445,4.15712,-5.44907,194.569,194.689676,21.365788,-28.0058488,0
1,G12_G678,0.75,1.10,8000,210007,147.149,-4.48838,147.217437,3.23713,-4.92599,190.949,191.039957,16.9528513,-25.7974119,0
1,G12_G678,0.75,1.10,8000,212879,-104.943,-68.0408,125.070315,12.4641,-27.0977,206.479,208.622186,60.3649766,-131.237075,0
1,G12_G678,0.75,1.10,8000,218228,-130.002,-92.8339,159.745588,2.8299,-33.477,193.764,196.655042,14.6048802,-172.772032,0
1,G12_G678,0.75,1.10,8000,218988,-46.9235,77.0939,90.2512286,3.15201,26.3666,206.929,208.625846,15.2323261,127.418583,0
1,G12_G678,0.75,1.10,8000,219140,-99.8371,21.1123,102.044969,2.71254,-2.83593,206.563,206.600274,13.1317806,-13.7291286,0
1,G12_G678,0.75,1.10,8000,223567,41.519,29.2432,50.783778,-6.42647,13.2327,203.36,203.891377,-31.6014457,65.0703186,0
1,G12_G678,0.75,1.10,8000,225463,72.2518,78.7682,106.886631,-4.89473,-7.96761,190.985,191.213785,-25.6288714,-41.7185119,0
1,G12_G678,0.75,1.10,8000,230024,-137.685,38.3158,142.916968,0.643588,8.07235,204.271,204.431452,3.1506577,39.5178464,0
1,G12_G678,0.75,1.10,8000,230414,109.327,85.5684,138.832071,-4.80031,-6.4344,192.225,192.392555,-24.9723501,-33.4732735,0
1,G12_G678,0.75,1.10,8000,235172,-2.38455,120.297,120.320631,-11.5749,28.7998,190.881,193.388115,-60.6393512,150.878296,0
1,G12_G678,0.75,1.10,8000,236021,-13.6299,-22.8002,26.5635708,8.2405,17.9845,191.211,192.231617,43.09637,94.0557813,0
1,G12_G678,0.75,1.10,8000,240667,-43.5414,-29.5005,52.5940397,4.82571,10.6702,200.723,201.064326,24.0416395,53.1588308,0
1,G12_G678,0.75,1.10,8000,243318,23.4493,120.25,122.515028,-0.794133,12.8581,202.938,203.346486,-3.91318038,63.3597453,0
1,G12_G678,0.75,1.10,8000,244500,152.248,-47.1009,159.367338,0.355949,8.21025,208.825,208.98664,1.7045325,39.3164133,0
1,G12_G678,0.75,1.10,8000,251544,19.6832,23.3277,30.5222861,-9.20371,-24.4135,199.791,201.487396,-46.0666897,-122.195194,0
1,G12_G678,0.75,1.10,8000,256631,-26.3254,-134.412,136.965735,23.5567,1.10182,199.717,201.104481,117.9504,5.51690642,0
1,G12_G678,0.75,1.10,8000,257218,-114.274,111.32,159.532722,-9.19036,-2.23677,195.245,195.473978,-47.0709109,-11.4562217,0
1,G12_G678,0.75,1.10,8000,261296,9.20477,-55.1546,55.9174185,-16.4776,-16.882,201.385,202.762007,-81.8213869,-83.8294808,0
1,G12_G678,0.75,1.10,8000,261956,-19.7786,-47.3881,51.3500247,0.608586,8.5695,200.265,200.449188,3.03890345,42.7908022,0
1,G12_G678,0.75,1.10,8000,262936,-152.131,77.025,170.51889,-13.1311,4.06283,194.119,194.605032,-67.6445891,20.9295844,0
1,G12_G678,0.75,1.10,8000,270593,60.4562,91.8735,109.980417,20.7225,2.09914,199.285,200.370506,103.984244,10.5333568,0
1,G12_G678,0.75,1.10,8000,272570,81.4108,167.713,186.427918,1.19965,11.3554,195.4,195.73335,6.13945752,58.1136131,0
1,G12_G678,0.75,1.10,8000,272729,-12.33,-155.445,155.933245,3.86111,-9.19183,202.714,202.95902,19.0470811,-45.3438342,0
1,G12_G678,0.75,1.10,8000,272870,8.18869,126.112,126.377574,-7.24195,34.1377,205.069,208.017122,-35.314699,166.469335,0
1,G12_G678,0.75,1.10,8000,274903,38.2899,4.94231,38.6075494,2.20299,25.5164,208.194,209.763394,10.5814289,122.560689,0
1,G12_G678,0.75,1.10,8000,275842,52.02,-24.4337,57.4724812,-4.88782,12.255,198.452,198.890101,-24.6297341,61.752968,0
1,G12_G678,0.75,1.10,8000,276093,80.8058,51.541,95.8438939,2.04638,16.0317,193.224,193.898729,10.5907134,82.9695069,0
1,G12_G678,0.75,1.10,8000,277896,66.3969,10.8275,67.2739406,-5.08715,-8.68747,193.773,194.034344,-26.2531416,-44.8332327,0
1,G12_G678,0.75,1.10,8000,278352,-104.952,-13.671,105.838644,5.48125,-3.60747,196.171,196.280715,27.941184,-18.3894154,0
1,G12_G678,0.75,1.10,8000,279347,-53.9147,45.2377,70.3792894,4.373,8.73518,205.736,205.967784,21.2553953,42.4581989,0
1,G12_G678,0.75,1.10,8000,285556,-122.746,84.0284,148.752656,3.41277,-0.725088,207.655,207.684308,16.4348077,-3.49179167,0
1,G12_G678,0.75,1.10,8000,286937,-169.575,79.4368,187.258874,-12.6492,7.55138,203.232,203.765236,-62.2401984,37.1564517,0
1,G12_G678,0.75,1.10,8000,296434,-24.5605,4.07662,24.8965257,-2.20876,13.9388,190.691,191.212516,-11.5829274,73.0962657,0
1,G12_G678,0.75,1.10,8000,297475,-50.5643,-103.98,115.622614,-8.53511,-3.26299,195.581,195.794338,-43.6397707,-16.6835736,0
1,G12_G678,0.75,1.10,8000,301732,-110.425,-53.8646,122.862019,-12.6807,8.20563,194.517,195.102526,-65.1907031,42.184642,0
1,G12_G678,0.75,1.10,8000,306983,-0.990416,82.3343,82.3402567,-6.91968,20.8974,199.327,200.538865,-34.7152167,104.839786,0
1,G12_G678,0.75,1.10,8000,312253,-17.13,27.2414,32.179664,21.6364,-25.2055,191.736,194.592252,112.844745,-131.459403,0
1,G12_G678,0.75,1.10,8000,313505,-24.5843,-11.45,27.1199245,0.465939,4.17392,199.099,199.143291,2.34023777,20.964043,0
1,G12_G678,0.75,1.10,8000,313872,20.8229,34.0761,39.9346185,2.95338,3.50879,193.38,193.434378,15.272417,18.1445341,0
1,G12_G678,0.75,1.10,8000,314785,107.747,150.316,184.944088,10.8604,32.9366,192.579,195.676874,56.3945186,171.029032,0
1,G12_G678,0.75,1.10,8000,319309,39.0156,153.94,158.807244,8.74416,15.6318,192.258,193.090528,45.4813844,81.3063696,0
1,G12_G678,0.75,1.10,8000,320625,28.147,-129.985,132.997571,-12.7457,-37.6125,191.562,195.635255,-66.5356386,-196.346353,0
1,G12_G678,0.75,1.10,8000,322522,-144.296,93.0917,171.718957,1.71193,-1.71728,205.41,205.424312,8.33420963,-8.3602551,0
1,G12_G678,0.75,1.10,8000,329283,-110.583,112.225,157.553326,-3.00079,21.9257,194.198,195.454865,-15.4522189,112.90384,0
1,G12_G678,0.75,1.10,8000,336284,-71.1045,36.1081,79.7473812,0.561949,8.78893,200.603,200.796227,2.80129908,43.8125551,0
1,G12_G678,0.75,1.10,8000,339213,35.2951,-74.0822,82.0604438,-3.5832,-1.02035,194.32,194.355712,-18.4396871,-5.25087485,0
1,G12_G678,0.75,1.10,8000,343604,26.5455,111.578,114.692256,14.7194,31.2537,201.206,204.150212,73.1558701,155.331849,0
1,G12_G678,0.75,1.10,8000,346935,100.393,-92.0243,136.188202,6.36795,4.57174,208.434,208.581361,30.5513976,21.9337536,0
1,G12_G678,0.75,1.10,8000,349341,101.52,146.154,177.95309,7.80364,36.1685,198.239,201.662486,39.3648071,182.448963,0
1,G12_G678,0.75,1.10,8000,351831,-167.115,16.6587,167.943251,-12.992,13.3394,191.019,191.924438,-68.0141766,69.8328439,0
1,G12_G678,0.75,1.10,8000,352567,-38.9666,132.616,138.222282,10.8657,1.19619,190.217,190.530841,57.1226547,6.28855465,0
1,G12_G678,0.75,1.10,8000,355341,-28.0722,-34.0347,44.118128,-14.2909,17.2769,200.242,201.493374,-71.3681445,86.2801011,0
1,G12_G678,0.75,1.10,8000,355611,-77.4268,124.503,146.614823,-0.883696,0.4145,207.519,207.521296,-4.25838598,1.99740747,0
1,G12_G678,0.75,1.10,8000,359091,-182.246,34.0535,185.40023,-7.65293,-16.9359,198.879,199.74546,-38.4803323,-85.1568039,0
1,G12_G678,0.75,1.10,8000,359413,-16.1606,168.013,168.788427,-11.8281,26.9702,196.386,198.581864,-60.228835,137.3326,0
1,G12_G678,0.75,1.10,8000,361323,-21.718,52.2398,56.5744485,1.42166,-13.0203,206.398,206.813161,6.88795434,-63.0834601,0
1,G12_G678,0.75,1.10,8000,365658,60.7006,-79.5959,100.1003,7.08416,5.51071,209.519,209.711146,33.8115398,26.3017197,0
1,G12_G678,0.75,1.10,8000,365922,-17.6979,-50.9166,53.904692,-3.46418,13.4974,199.396,199.882328,-17.3733676,67.6914281,0
1,G12_G678,0.75,1.10,8000,371514,-116.392,-48.9635,126.27162,-22.6464,9.95594,202.165,203.672942,-112.01939,49.2466055,0
1,G12_G678,0.75,1.10,8000,372446,-155.448,106.222,188.274252,-14.4714,11.975,197.201,198.093555,-73.3840092,60.7248442,0
1,G12_G678,0.75,1.10,8000,375338,91.7379,34.521,98.0180684,20.6269,8.64679,206.517,207.724595,99.879913,41.8696282,0
1,G12_G678,0.75,1.10,8000,376821,57.6745,110.438,124.59093,8.38043,27.545,190.112,192.279825,44.0815414,144.888276,0
1,G12_G678,0.75,1.10,8000,384014,-31.681,60.5034,68.296026,0.359737,29.2701,196.386,198.555607,1.83178536,149.04372,0
1,G12_G678,0.75,1.10,8000,384379,-1.11621,111.363,111.368594,29.6822,-4.46306,198.627,200.882147,149.436884,-22.4695535,0
1,G12_G678,0.75,1.10,8000,387712,-59.0043,-69.2635,90.9886798,1.60268,6.74873,193.311,193.435407,8.29068185,34.911257,0
1,G12_G678,0.75,1.10,8000,390356,1.49816,-13.7525,13.8338621,1.17574,-3.41006,200.576,200.608431,5.86181796,-17.0013362,1
1,G12_G678,0.75,1.10,8000,392988,-95.0729,5.08601,95.2088431,9.50916,2.80268,195.026,195.277802,48.758422,14.3708018,0
1,G12_G678,0.75,1.10,8000,396538,88.2821,-150.564,174.537238,13.2415,-7.42132,190.34,190.944308,69.5676158,-38.9898077,0
1,G12_G678,0.75,1.10,8000,400841,-13.7003,-31.0155,33.9066286,-3.80619,-2.0593,206.271,206.316391,-18.4523758,-9.98346835,0
1,G12_G678,0.75,1.10,8000,400951,58.9102,-163.172,173.480585,8.61152,-24.3312,196.11,197.801157,43.9116822,-124.069145,0
1,G12_G678,0.75,1.10,8000,403047,-68.8714,65.0466,94.7329399,-2.07677,-4.98553,207.883,207.953144,-9.99009058,-23.9823843,0
1,G12_G678,0.75,1.10,8000,403410,-14.1198,64.8863,66.4048242,3.67875,31.2963,191.081,193.661922,19.2523066,163.785515,0
1,G12_G678,0.75,1.10,8000,403570,182.949,23.2997,184.426713,9.44257,-16.593,195.089,196.020937,48.401345,-85.0534884,0
1,G12_G678,0.75,1.10,8000,403626,69.9147,-52.4786,87.4189266,3.9277,7.43122,195.51,195.690598,20.0895095,38.0094113,0
1,G12_G678,0.75,1.10,8000,409397,-135.777,-139.898,194.953441,12.5792,-11.3594,192.158,192.904041,65.4627962,-59.114895,0
1,G12_G678,0.75,1.10,8000,414976,28.8446,99.2672,103.373052,20.7834,19.0126,194.181,196.213377,107.031069,97.9117421,0
1,G12_G678,0.75,1.10,8000,419478,-147.042,-125.001,192.993782,5.92684,-27.7765,190.542,192.647126,31.1051632,-145.776259,0
1,G12_G678,0.75,1.10,8000,423052,23.2603,154.17,155.914818,0.773863,32.9797,202.448,205.118142,3.82252727,162.904548,0
1,G12_G678,0.75,1.10,8000,423631,143.95,-117.956,186.105401,-1.76962,-22.1585,190.681,191.972327,-9.28052611,-116.207173,0
1,G12_G678,0.75,1.10,8000,426338,151.201,27.6139,153.701886,5.68524,-9.53584,193.963,194.280466,29.3109511,-49.1631909,0
1,G12_G678,0.75,1.10,8000,430682,-176.215,-2.66542,176.235157,-15.0952,-25.8618,200.01,202.23921,-75.4722264,-129.302535,0
1,G12_G678,0.75,1.10,8000,436170,-15.5567,64.661,66.5060586,5.14417,-4.27871,201.361,201.472137,25.5470026,-21.2489509,0
1,G12_G678,0.75,1.10,8000,436423,-17.0468,-18.6996,25.303526,-12.3675,-3.83525,208.308,208.710055,-59.3712195,-18.4114388,0
1,G12_G678,0.75,1.10,8000,437013,161.945,-2.27695,161.961006,-4.93639,12.5424,197.183,197.643151,-25.0345618,63.6079175,0
1,G12_G678,0.75,1.10,8000,438008,151.406,-52.9288,160.390881,15.5872,-14.7131,198.627,199.780182,78.474729,-74.0740181,0
1,G12_G678,0.75,1.10,8000,441653,-62.7993,161.302,173.095602,11.7902,35.0524,204.491,207.808202,57.6563272,171.412923,0
1,G12_G678,0.75,1.10,8000,448237,49.4513,24.1038,55.0129462,-3.63533,5.29704,197.225,197.32961,-18.4323995,26.8578527,0
1,G12_G678,0.75,1.10,8000,455455,19.3762,56.6134,59.8373979,9.21888,-12.9855,207.358,207.96863,44.4587621,-62.6235785,0
1,G12_G678,0.75,1.10,8000,455716,67.9279,-122.71,140.256706,-0.769441,0.566557,199.394,199.396289,-3.85889746,2.84139443,0
1,G12_G678,0.75,1.10,8000,459007,-38.2748,67.9718,78.007217,4.60799,11.9836,201.062,201.471507,22.9182541,59.601516,0
1,G12_G678,0.75,1.10,8000,460304,135.199,-111.098,174.9901,12.942,4.84032,208.004,208.462438,62.2199573,23.2703217,0
1,G12_G678,0.75,1.10,8000,463205,62.3275,69.9591,93.6962802,-22.6521,-26.3012,197.671,200.695528,-114.594958,-133.05543,0
1,G12_G678,0.75,1.10,8000,463660,0.290143,108.702,108.702387,-15.1024,27.7694,203.591,206.03038,-74.1800964,136.397974,0
1,G12_G678,0.75,1.10,8000,466563,52.2106,-85.3948,100.091052,5.27854,3.08434,191.486,191.58357,27.5661928,16.1073917,0
1,G12_G678,0.75,1.10,8000,467279,-132.087,-51.2313,141.674351,7.1941,34.2369,200.245,203.278086,35.92649,170.975056,0
1,G12_G678,0.75,1.10,8000,467753,27.2493,79.4839,84.0250838,-0.761389,-8.94825,201.922,202.121609,-3.77070849,-44.3153792,0
1,G12_G678,0.75,1.10,8000,470329,24.6055,4.92486,25.0935226,-7.44802,-13.2875,198.784,199.366771,-37.4679049,-66.843911,0
1,G12_G678,0.75,1.10,8000,477684,22.7478,-17.3223,28.592385,10.706,-31.4334,192.56,195.402228,55.5982551,-163.23951,0
1,G12_G678,0.75,1.10,8000,482580,8.01311,-29.1067,30.1895664,-8.11643,-10.1529,196.777,197.205846,-41.2468429,-51.595969,0
1,G12_G678,0.75,1.10,8000,483242,-4.36084,59.9798,60.1381188,-4.56674,-3.78356,194.363,194.453455,-23.4959329,-19.4664622,0
1,G12_G678,0.75,1.10,8000,485841,148.172,-16.1292,149.047283,-1.78922,-12.8493,193.602,194.036183,-9.24174337,-66.3696656,0
1,G12_G678,0.75,1.10,8000,496551,54.3246,-91.4252,106.347211,5.73224,-16.9844,190.345,191.187205,30.1150017,-89.2295569,0
1,G12_G678,0.75,1.10,8000,497875,-65.1143,64.6137,91.7322315,3.76274,-7.56116,206.727,206.899449,18.2014928,-36.5755804,0
1,G12_G678,0.75,1.10,8000,504806,77.6829,8.03827,78.0976743,-9.27242,-1.61953,193.501,193.729806,-47.9192356,-8.36962083,0
1,G12_G678,0.75,1.10,8000,505205,-95.1678,126.142,158.014918,-11.7842,4.70736,194.674,195.087142,-60.5329936,24.1807329,0
1,G12_G678,0.75,1.10,8000,506293,37.6993,-172.509,176.580272,-14.2102,-18.2845,191.013,192.411587,-74.3938894,-95.7238513,0
1,G12_G678,0.75,1.10,8000,508029,-103.079,103.493,146.068755,2.12902,22.5114,197.284,198.575609,10.7916506,114.106567,0
1,G12_G678,0.75,1.10,8000,509483,42.2273,-1.63476,42.2589317,5.04397,-8.91193,205.052,205.307542,24.5984921,-43.4618048,0
1,G12_G678,0.75,1.10,8000,510288,170.86,26.1521,172.849854,0.614223,-9.06477,198.499,198.70682,3.09433801,-45.6665777,0
1,G12_G678,0.75,1.10,8000,520526,156.933,9.55549,157.223643,12.4061,-10.3781,199.266,199.921372,62.2589905,-52.0816396,0
1,G12_G678,0.75,1.10,8000,520835,-123.427,-49.4168,132.952038,-8.53023,-24.5541,188.672,190.454174,-45.2119551,-130.141727,0
1,G12_G678,0.75,1.10,8000,521014,34.4455,26.4231,43.412817,10.3956,-7.08821,189.964,190.380231,54.724053,-37.3134383,0
1,G12_G678,0.75,1.10,8000,522865,40.9917,-120.131,126.932173,-5.8112,-29.7408,205.559,207.780624,-28.270229,-144.682549,0
1,G12_G678,0.75,1.10,8000,523734,-71.2242,-5.26571,71.4185856,7.49178,-18.0319,206.198,207.120476,36.3329421,-87.4494418,0
1,G12_G678,0.75,1.10,8000,529326,-74.2173,-31.2143,80.5142232,-3.20816,0.480219,209.057,209.082166,-15.3458626,2.29707209,0
1,G12_G678,0.75,1.10,8000,531862,116.338,-66.3963,133.95148,12.7171,-27.7517,197.048,199.398585,64.5380821,-140.837258,0
1,G12_G678,0.75,1.10,8000,534284,-102.565,1.83377,102.581392,7.14794,5.59148,201.084,201.28868,35.5470351,27.8066878,0
1,G12_G678,0.75,1.10,8000,535827,13.8071,-25.0943,28.6419256,-5.73628,-13.8289,205.894,206.4376,-27.8603553,-67.1651432,0
1,G12_G678,0.75,1.10,8000,537995,-125.918,70.7851,144.450244,-17.0818,20.863,207.099,208.84695,-82.4813254,100.73926,0
1,G12_G678,0.75,1.10,8000,538993,-80.7445,30.003,86.1385761,-16.4042,10.408,194.721,195.687741,-84.2446372,53.4508348,0
1,G12_G678,0.75,1.10,8000,545072,182.168,-74.0709,196.651159,11.236,-7.76469,197.76,198.231066,56.816343,-39.2631978,0
1,G12_G678,0.75,1.10,8000,548334,-82.3518,98.7269,128.564458,4.45834,10.5894,191.289,191.633749,23.3068289,55.358123,0
1,G12_G678,0.75,1.10,8000,548625,-113.78,-35.375,119.152335,-12.4923,-11.1512,202.936,203.625703,-61.557831,-54.9493436,0
1,G12_G678,0.75,1.10,8000,553136,21.7972,44.4528,49.5092856,-7.59179,-13.2151,189.493,190.104895,-40.0636963,-69.7392516,0
1,G12_G678,0.75,1.10,8000,554550,172.176,65.4183,184.18504,-3.75702,-8.50091,203.206,203.418434,-18.4887257,-41.8339518,0
1,G12_G678,0.75,1.10,8000,556159,-70.7671,-86.4679,111.734866,4.10221,-10.7345,204.716,205.038285,20.0385412,-52.4360578,0
1,G12_G678,0.75,1.10,8000,556574,184.188,18.3676,185.101562,-3.8225,-12.3273,207.86,208.260302,-18.3897816,-59.3057827,0
1,G12_G678,0.75,1.10,8000,556989,-38.2103,65.2523,75.6167288,0.0248113,-6.87724,205.901,206.015822,0.120501115,-33.400712,0
1,G12_G678,0.75,1.10,8000,561556,90.6409,32.7517,96.3765874,21.5595,-1.66705,200.225,201.389279,107.676364,-8.32588338,0
1,G12_G678,0.75,1.10,8000,562067,64.2265,119.809,135.938368,13.7624,16.579,197.288,198.461134,69.7579174,84.0345079,0
1,G12_G678,0.75,1.10,8000,562743,-46.857,-128.043,136.347308,1.01134,-16.2,191.155,191.842896,5.29068034,-84.7479794,0
1,G12_G678,0.75,1.10,8000,563372,-32.9561,-40.1677,51.9571809,3.10311,13.4054,197.429,197.907918,15.7175997,67.8998526,0
1,G12_G678,0.75,1.10,8000,563733,-27.8511,95.4269,99.4081335,-0.110002,31.0553,202.533,204.900122,-0.543131243,153.334518,0
1,G12_G678,0.75,1.10,8000,569007,2.81235,-104.704,104.741763,10.517,-15.3199,201.215,202.071232,52.2674751,-76.1369679,0
1,G12_G678,0.75,1.10,8000,570237,-160.409,-56.7618,170.155662,-11.9131,-1.08786,195.209,195.575201,-61.0274116,-5.57279634,0
1,G12_G678,0.75,1.10,8000,577760,0.860195,39.0158,39.0252814,-4.94126,-8.668,204.756,204.998951,-24.1324308,-42.3333138,0
1,G12_G678,0.75,1.10,8000,583050,27.7173,124.734,127.776443,4.1243,16.7031,195.214,195.970685,21.1270708,85.5630231,0
1,G12_G678,0.75,1.10,8000,588099,-106.651,-39.1247,113.600959,4.04099,-6.5073,209.826,209.965771,19.2587668,-31.0128392,0
1,G12_G678,0.75,1.10,8000,589661,-146.872,-52.0161,155.810972,-14.7619,-15.5981,204.165,205.291407,-72.3037739,-76.3994808,0
1,G12_G678,0.75,1.10,8000,590148,31.8052,53.0038,61.814024,-8.61206,-3.09972,203.315,203.52092,-42.3582126,-15.2458992,0
1,G12_G678,0.75,1.10,8000,600048,47.7096,5.17219,47.9891392,-7.45407,-16.593,195.96,196.802471,-38.0387324,-84.675444,0
1,G12_G678,0.75,1.10,8000,603831,-11.0794,26.2801,28.5201115,26.3265,14.6242,201.869,204.103025,130.413783,72.4440107,0
1,G12_G678,0.75,1.10,8000,604360,-16.4407,31.9136,35.8995053,20.7259,-5.71119,200.832,201.979387,103.200187,-28.4376494,0
1,G12_G678,0.75,1.10,8000,608602,-106.413,103.663,148.558891,22.5701,20.4397,206.679,208.910028,109.203644,98.8958723,0
1,G12_G678,0.75,1.10,8000,610162,-17.0644,90.5881,92.18133,-3.07714,18.8438,194.564,195.498613,-15.8155671,96.8514216,0
1,G12_G678,0.75,1.10,8000,613936,1.80451,20.878,20.9558379,1.83895,-17.4441,208.265,209.002365,8.82985619,-83.759153,0
1,G12_G678,0.75,1.10,8000,615319,-187.915,-12.7176,188.344855,5.13454,1.29283,200.964,201.033739,25.5495512,6.43314225,0
1,G12_G678,0.75,1.10,8000,616439,8.46672,4.62074,9.64554745,-31.6607,3.23976,192.193,194.81028,-164.733887,16.8568054,1
1,G12_G678,0.75,1.10,8000,618761,5.49864,-56.3447,56.6123684,7.13719,4.29429,207.423,207.590176,34.408865,20.7030561,0
1,G12_G678,0.75,1.10,8000,620330,112.735,-142.267,181.518813,9.90219,-13.8177,202.027,202.740945,49.0141912,-68.3953135,0
1,G12_G678,0.75,1.10,8000,620699,15.4878,-29.6952,33.4914445,-2.18388,13.0188,194.657,195.104091,-11.2191188,66.8807184,0
1,G12_G678,0.75,1.10,8000,622415,104.257,-20.929,106.336941,-17.3597,6.25346,192.813,193.693877,-90.033867,32.4327716,0
1,G12_G678,0.75,1.10,8000,622782,-59.4342,-73.4382,94.4753584,27.3505,10.62,205.231,207.317625,133.266904,51.7465685,0
1,G12_G678,0.75,1.10,8000,623160,113.168,-94.2147,147.252864,-2.48557,2.55577,201.831,201.862484,-12.3151052,12.662921,0
1,G12_G678,0.75,1.10,8000,628220,-52.3987,-20.7379,56.3532098,28.9445,4.63153,204.435,206.525796,141.582899,22.6552694,0
1,G12_G678,0.75,1.10,8000,628507,-105.956,-49.1995,116.821508,-13.336,-4.60078,192.251,192.767899,-69.3676496,-23.9311109,0
1,G12_G678,0.75,1.10,8000,632633,-29.7329,2.21291,29.8151356,5.35042,2.70409,198.478,198.568516,26.9572446,13.6241296,0
1,G12_G678,0.75,1.10,8000,635768,-55.48,31.7024,63.8989246,1.14661,5.39164,198.502,198.57852,5.7763146,27.1616407,0
1,G12_G678,0.75,1.10,8000,642361,159.943,17.2707,160.872746,18.5494,-2.13165,207.195,208.034594,89.5262917,-10.2881344,0
1,G12_G678,0.75,1.10,8000,643165,-187.451,14.4379,188.006198,-12.8645,3.76164,205.826,206.261939,-62.5018219,18.2758252,0
1,G12_G678,0.75,1.10,8000,647020,-57.3454,61.8421,84.3382489,-2.215,-24.79,189.709,191.334668,-11.6757771,-130.673821,0
1,G12_G678,0.75,1.10,8000,647977,1.01456,180.161,180.163857,-1.95279,43.0569,189.872,194.702559,-10.2847708,226.768033,0
1,G12_G678,0.75,1.10,8000,648123,36.425,1.83132,36.4710071,3.68106,-9.34159,194.704,194.962722,18.905929,-47.9784185,0
1,G12_G678,0.75,1.10,8000,650751,-40.889,-40.786,57.7529923,-2.21288,6.85655,200.197,200.326603,-11.0535123,34.2490147,0
1,G12_G678,0.75,1.10,8000,651926,102.524,131.776,166.961327,-3.89526,2.16792,208.825,208.872577,-18.6532264,10.3815156,0
1,G12_G678,0.75,1.10,8000,656304,-8.58037,-13.3065,15.8330569,-12.0265,-24.3948,192.885,194.793137,-62.3506234,-126.473287,1
1,G12_G678,0.75,1.10,8000,656504,-83.8883,99.0094,129.769442,26.5607,22.2899,195.618,198.667341,135.778405,113.946058,0
1,G12_G678,0.75,1.10,8000,656587,67.9066,34.9026,76.3511481,-3.45171,-1.73731,195.926,195.964104,-17.6174168,-8.86717434,0
1,G12_G678,0.75,1.10,8000,660183,-44.4525,-22.0314,49.6125724,-17.8147,-22.1813,203.393,205.373041,-87.5875768,-109.056359,0
1,G12_G678,0.75,1.10,8000,668383,84.4408,0.846561,84.4450435,0.691977,1.41606,204.712,204.718067,3.38024639,6.91732776,0
1,G12_G678,0.75,1.10,8000,669472,-99.2469,-56.0554,113.983135,-10.3128,-27.2484,203.373,205.449279,-50.7087962,-133.982387,0
1,G12_G678,0.75,1.10,8000,669820,-111.951,-22.7919,114.247526,-2.94837,-16.785,200.73,201.452133,-14.6882379,-83.6197878,0
1,G12_G678,0.75,1.10,8000,670029,13.7145,37.7562,40.1698662,-3.05897,-11.0495,198.481,198.811861,-15.4119034,-55.6703161,0
1,G12_G678,0.75,1.10,8000,670303,-65.6476,-187.616,198.769643,5.10556,-17.8762,201.973,202.826818,25.2784283,-88.5078699,0
1,G12_G678,0.75,1.10,8000,675018,14.3802,84.5178,85.7324248,4.69045,-6.79362,208.415,208.57844,22.5053379,-32.5965981,0
1,G12_G678,0.75,1.10,8000,685853,9.41473,46.2478,47.1963573,6.12369,-7.52145,204.352,204.582041,29.9663815,-36.806344,0
1,G12_G678,0.75,1.10,8000,688959,33.7798,6.88717,34.4747444,-32.0672,-11.7357,188.003,191.078937,-170.567491,-62.4229401,0
1,G12_G678,0.75,1.10,8000,689508,26.0521,63.8454,68.9561238,6.25818,-3.2398,194.196,194.323821,32.2261015,-16.6831449,0
1,G12_G678,0.75,1.10,8000,690808,37.6138,19.5272,42.380532,-5.94513,-5.55881,192.021,192.193417,-30.9608324,-28.9489691,0
1,G12_G678,0.75,1.10,8000,693506,40.9993,10.3149,42.2769413,1.40716,-8.76571,200.052,200.248896,7.03397117,-43.8171575,0
1,G12_G678,0.75,1.10,8000,693556,121.699,102.495,159.109621,16.7253,13.5936,194.911,196.099004,85.8099338,69.7426005,0
1,G12_G678,0.75,1.10,8000,694496,-128.958,105.063,166.338209,-17.9438,6.78391,195.122,196.062736,-91.961952,34.7675301,0
1,G12_G678,0.75,1.10,8000,699192,-51.3626,24.243,56.7964764,1.85068,-8.37857,194.284,194.473387,9.52564287,-43.1253732,0
1,G12_G678,0.75,1.10,8000,702652,-97.1709,76.8876,123.910802,-11.0043,0.551276,201.472,201.773054,-54.6195005,2.73624126,0
1,G12_G678,0.75,1.10,8000,708256,-50.4555,-22.6001,55.285821,3.25516,6.26449,192.69,192.819283,16.8932482,32.5107167,0
1,G12_G678,0.75,1.10,8000,708726,126.242,47.4564,134.867166,11.626,-14.3182,203.571,204.404811,57.1102957,-70.3351656,0
1,G12_G678,0.75,1.10,8000,709924,108.355,124.269,164.874469,-21.0942,-2.0385,206.743,207.826343,-102.031024,-9.86006781,0
1,G12_G678,0.75,1.10,8000,712726,-6.88925,167.523,167.664598,15.9727,21.6131,197.209,199.031764,80.993768,109.594897,0
1,G12_G678,0.75,1.10,8000,714139,-2.50766,-57.3125,57.367334,3.27024,3.52246,193.643,193.702642,16.8879846,18.1904846,0
1,G12_G678,0.75,1.10,8000,716662,98.5586,49.804,110.427515,9.13689,-27.6351,203.676,205.745217,44.8599246,-135.681671,0
1,G12_G678,0.75,1.10,8000,719761,1.46247,-12.6884,12.7724044,0.412283,-3.93948,208.741,208.778578,1.97509354,-18.8725741,1
1,G12_G678,0.75,1.10,8000,721640,9.36656,-29.1009,30.5711437,2.86419,2.15078,191.808,191.841441,14.9325888,11.2131924,0
1,G12_G678,0.75,1.10,8000,723739,-104.767,51.4415,116.714833,-11.7527,13.7382,205.128,205.923191,-57.2944698,66.973792,0
1,G12_G678,0.75,1.10,8000,731822,123.077,35.0822,127.979329,4.77597,-4.17181,198.176,198.277434,24.0996387,-21.0510354,0
1,G12_G678,0.75,1.10,8000,733482,-32.7674,-12.1271,34.9395057,-2.08994,-4.94062,200.044,200.115915,-10.4474016,-24.6976665,0
1,G12_G678,0.75,1.10,8000,734190,171.803,33.7698,175.090463,9.70943,28.7253,197.819,200.12939,49.0823935,145.210015,0
1,G12_G678,0.75,1.10,8000,734694,40.1048,-64.4848,75.9386885,7.46447,-3.89325,192.714,192.897801,38.7334081,-20.2022168,0
1,G12_G678,0.75,1.10,8000,735888,103.621,15.4112,104.760759,-7.21882,-2.13152,193.989,194.134971,-37.2125224,-10.9878395,0
1,G12_G678,0.75,1.10,8000,736737,77.8431,33.3515,84.6868985,-6.65718,25.5892,201.818,203.542699,-32.9860567,126.793448,0
1,G12_G678,0.75,1.10,8000,737343,123.666,-153.035,196.756171,2.6709,-14.3162,192.778,193.327299,13.8547967,-74.2626233,0
1,G12_G678,0.75,1.10,8000,737349,50.5727,12.1552,52.0129491,-1.72786,-11.0872,201.139,201.451753,-8.5903778,-55.1220798,0
1,G12_G678,0.75,1.10,8000,740848,62.7887,68.4459,92.8830559,-1.22844,6.6783,205.519,205.631146,-5.97725758,32.4948058,0
1,G12_G678,0.75,1.10,8000,749221,50.474,49.5955,70.7625487,-8.08584,-2.20666,205.079,205.250204,-39.4279278,-10.7600486,0
1,G12_G678,0.75,1.10,8000,749590,11.9955,-55.8846,57.1575064,7.3213,-29.1416,188.562,190.940991,38.8270171,-154.546515,0
1,G12_G678,0.75,1.10,8000,755498,-153.835,-120.189,195.219371,-12.0434,-15.5713,201.125,202.086057,-59.880174,-77.4210068,0
1,G12_G678,0.75,1.10,8000,755846,-3.60464,-4.30995,5.61863849,1.67076,4.69886,190.768,190.833175,8.75807263,24.6312799,1
1,G12_G678,0.75,1.10,8000,756585,-89.9604,-26.0527,93.6569098,6.47444,16.7599,194.431,195.259382,33.2994224,86.1997315,0
1,G12_G678,0.75,1.10,8000,758988,32.0763,-59.2677,67.3910178,-7.39973,12.7566,200.322,200.86411,-36.9391779,63.6804744,0
1,G12_G678,0.75,1.10,8000,760978,102.685,-54.8764,116.428641,5.85298,10.7276,191.977,192.365556,30.487923,55.8796106,0
1,G12_G678,0.75,1.10,8000,765154,93.6139,-13.207,94.5409283,-4.96041,1.78324,194.596,194.66738,-25.4908117,9.16380604,0
1,G12_G678,0.75,1.10,8000,765568,101.179,-67.1269,121.421624,-5.92946,-1.67694,193.504,193.602088,-30.6425707,-8.66617744,0
1,G12_G678,0.75,1.10,8000,772364,195.736,-35.4631,198.922631,18.3454,4.77669,206.335,207.204012,88.9107519,23.1501684,0
1,G12_G678,0.75,1.10,8000,773680,-60.236,45.6424,75.5751571,-1.77916,7.2015,195.826,195.966449,-9.08541256,36.7749941,0
1,G12_G678,0.75,1.10,8000,779447,75.8792,-5.5482,76.0817686,-0.737617,20.8687,196.182,197.290202,-3.75986074,106.374183,0
1,G12_G678,0.75,1.10,8000,781365,91.8879,-13.0949,92.816284,18.8308,6.22518,191.241,192.266669,98.4663331,32.5514926,0
1,G12_G678,0.75,1.10,8000,781408,84.4769,-41.2078,93.9916455,-6.79438,8.3614,203.942,204.226384,-33.3152563,40.9989115,0
1,G12_G678,0.75,1.10,8000,781606,-84.1385,-9.33213,84.6544496,7.51115,-20.218,203.529,204.668607,36.9045689,-99.3371952,0
1,G12_G678,0.75,1.10,8000,789824,17.4952,-3.58872,17.8594774,-37.3671,5.82748,187.943,191.710279,-198.821451,31.006635,1
1,G12_G678,0.75,1.10,8000,793517,121.105,-33.5878,125.676415,-7.24322,7.57006,199.708,199.982638,-36.2690528,37.9056422,0
1,G12_G678,0.75,1.10,8000,794562,-184.393,47.0246,190.294749,3.12601,-4.36051,190.536,190.611525,16.4064009,-22.8854915,0
1,G12_G678,0.75,1.10,8000,794985,-105.977,148.944,182.798905,-11.7996,27.2235,207.137,209.251252,-56.9651969,131.427509,0
1,G12_G678,0.75,1.10,8000,795176,100.987,45.4648,110.749367,-8.71933,-13.6086,198.378,199.035302,-43.9531097,-68.5993407,0
1,G12_G678,0.75,1.10,8000,804055,94.1465,-133.401,163.277035,6.4958,-4.0361,208.984,209.123881,31.0827623,-19.3129618,0
1,G12_G678,0.75,1.10,8000,807313,39.9455,31.3704,50.7911899,2.6723,-14.3116,204.707,205.22407,13.0542678,-69.9126068,0
1,G12_G678,0.75,1.10,8000,810375,-102.427,33.0832,107.6373,-8.63792,20.1579,195.94,197.163481,-44.0845157,102.877922,0
1,G12_G678,0.75,1.10,8000,814351,68.2027,-86.9733,110.525849,6.34307,-21.1199,193.077,194.332222,32.8525407,-109.385893,0
1,G12_G678,0.75,1.10,8000,820529,81.794,2.87442,81.8444911,-7.92474,-5.19642,198.082,198.308555,-40.0073707,-26.233681,0
1,G12_G678,0.75,1.10,8000,820774,106.59,1.85588,106.606156,2.9248,-0.920403,205.524,205.546871,14.2309414,-4.4783237,0
1,G12_G678,0.75,1.10,8000,823918,-6.43123,35.4638,36.0422229,-10.2818,-7.7023,190.353,190.78602,-54.0143838,-40.4632446,0
1,G12_G678,0.75,1.10,8000,826749,-8.2756,-69.4988,69.9897761,-28.04,5.63934,197.072,199.136679,-142.283023,28.6156329,0
1,G12_G678,0.75,1.10,8000,827822,34.2939,12.065,36.3543093,-4.25328,0.229554,204.872,204.916274,-20.7606701,1.12047522,0
1,G12_G678,0.75,1.10,8000,828665,-25.1086,-45.5464,52.0088103,8.20603,-3.53582,191.811,192.019011,42.781853,-18.433875,0
1,G12_G678,0.75,1.10,8000,831236,0.747523,55.0264,55.0314772,2.31097,-7.98146,209.136,209.301005,11.0500822,-38.1639699,0
1,G12_G678,0.75,1.10,8000,831740,111.653,29.1582,115.397543,-5.36367,-0.419609,200.53,200.602158,-26.7474692,-2.09249988,0
1,G12_G678,0.75,1.10,8000,835166,108.465,-153.905,188.285436,-3.00054,-50.8176,198.412,204.838359,-15.1227748,-256.121606,0
1,G12_G678,0.75,1.10,8000,837225,-101.241,10.3086,101.76447,-6.67424,-13.474,208.824,209.364651,-31.9610773,-64.5232349,0
1,G12_G678,0.75,1.10,8000,849533,-6.69978,92.9689,93.2099963,-7.89079,17.937,203.435,204.376613,-38.78777,88.1706688,0
1,G12_G678,0.75,1.10,8000,850941,83.8402,16.1664,85.38461,0.634354,-11.5258,206.128,206.45096,3.07747613,-55.9157417,0
1,G12_G678,0.75,1.10,8000,855019,-6.97527,18.192,19.4834098,22.9792,-2.027,206.809,208.091602,111.113153,-9.80131426,1
1,G12_G678,0.75,1.10,8000,856884,-177.482,4.28691,177.533766,-5.63218,-11.0724,192.272,192.672887,-29.2927727,-57.5871682,0
1,G12_G678,0.75,1.10,8000,858741,4.2297,52.4678,52.6380129,1.58771,9.94366,197.194,197.450933,8.05151272,50.4257736,0
1,G12_G678,0.75,1.10,8000,858898,38.6623,92.5743,100.32335,14.5256,0.647369,204.541,205.057145,71.015591,3.16498404,0
1,G12_G678,0.75,1.10,8000,861374,34.4527,85.4968,92.1774991,-4.89131,-0.0125596,201.614,201.673325,-24.2607656,-0.0622952771,0
1,G12_G678,0.75,1.10,8000,865043,-73.9953,54.6352,91.9799408,-1.59471,0.570906,193.543,193.550412,-8.23956433,2.9497631,0
1,G12_G678,0.75,1.10,8000,869801,61.3522,70.6491,93.5702291,10.0637,-12.4167,197.855,198.499505,50.8640166,-62.7565642,0
1,G12_G678,0.75,1.10,8000,872799,90.869,131.657,159.971062,-6.30529,23.4164,202.947,204.390727,-31.0686534,115.381848,0
1,G12_G678,0.75,1.10,8000,873957,-13.3295,-5.52076,14.4275556,-0.000528367,0.12699,204.858,204.858039,-0.00257918656,0.619892804,1
1,G12_G678,0.75,1.10,8000,875748,-22.9328,-52.7002,57.4736844,25.3882,-19.6825,202.525,205.056912,125.358351,-97.1855327,0
1,G12_G678,0.75,1.10,8000,877098,-33.5156,20.4851,39.2802083,1.39881,-6.34156,204.162,204.265255,6.85147089,-31.061412,0
1,G12_G678,0.75,1.10,8000,877124,106.409,-4.96928,106.524969,-5.21692,16.6637,195.338,196.116877,-26.7071435,85.3070063,0
1,G12_G678,0.75,1.10,8000,877793,-47.2336,-15.0912,49.5858577,5.04196,-1.06281,201.746,201.811792,24.9916231,-5.26805984,0
1,G12_G678,0.75,1.10,8000,879232,-45.0915,-187.883,193.21818,-9.01448,-37.2212,192.402,196.176472,-46.8523196,-193.455369,0
1,G12_G678,0.75,1.10,8000,881599,103.212,19.8795,105.109046,5.69084,2.26575,194.427,194.523463,29.2698031,11.6534741,0
1,G12_G678,0.75,1.10,8000,881995,-161.857,-45.7775,168.206028,-11.4177,-5.69469,193.543,193.963105,-58.993092,-29.423384,0
1,G12_G678,0.75,1.10,8000,882422,149.574,-33.0666,153.185448,4.99879,-11.7316,197.507,197.918249,25.3094321,-59.3984011,0
1,G12_G678,0.75,1.10,8000,886153,42.4779,-32.0155,53.1917684,-0.5818,-2.7686,194.024,194.044624,-2.99859811,-14.2693687,0
1,G12_G678,0.75,1.10,8000,887655,-33.6786,-72.8082,80.22021,11.7433,-25.1136,200.96,202.863303,58.4360072,-124.968153,0
1,G12_G678,0.75,1.10,8000,889156,-82.0913,25.1412,85.8548861,-1.33113,0.574515,195.39,195.395379,-6.81268233,2.94035007,0
1,G12_G678,0.75,1.10,8000,889389,-51.0573,-73.3034,89.3321685,0.734595,7.5632,202.128,202.270784,3.63430598,37.4178738,0
1,G12_G678,0.75,1.10,8000,893272,-139.265,-31.6014,142.805423,6.43191,10.6388,197.037,197.428805,32.6431584,53.9939199,0
1,G12_G678,0.75,1.10,8000,897917,-110.005,-20.8252,111.958872,-18.738,-11.7432,206.792,207.971024,-90.6127897,-56.7874966,0
1,G12_G678,0.75,1.10,8000,899920,23.3545,28.0351,36.4883475,8.75343,-1.86289,200.503,200.702631,43.6573518,-9.29108293,0
1,G12_G678,0.75,1.10,8000,901554,92.7985,-130.016,159.736414,7.13503,-6.37125,198.499,198.72935,35.9449166,-32.097139,0
1,G12_G678,0.75,1.10,8000,903262,-56.1373,-30.8127,64.0376368,-2.5088,-5.0866,196.628,196.709781,-12.7591187,-25.8691539,0
1,G12_G678,0.75,1.10,8000,903349,-53.4718,85.5896,100.919835,4.03807,0.0291239,200.576,200.616646,20.1323688,0.14520132,0
1,G12_G678,0.75,1.10,8000,904006,57.7113,9.68893,58.5189671,22.9064,4.53441,191.19,192.610696,119.809613,23.7167739,0
1,G12_G678,0.75,1.10,8000,907088,81.6181,1.2139,81.6271266,8.59942,-13.2972,191.231,191.885541,44.9687551,-69.5347512,0
1,G12_G678,0.75,1.10,8000,909611,100.191,-66.5637,120.287001,-3.38554,3.60761,200.851,200.911923,-16.8559778,17.9616233,0
1,G12_G678,0.75,1.10,8000,910985,-22.9909,-33.5322,40.6569787,-12.1272,8.76611,209.073,209.607808,-58.0046204,41.9284652,0
1,G12_G678,0.75,1.10,8000,915636,-5.69603,-152.623,152.729254,-2.84993,-12.1275,195.722,196.118076,-14.5611122,-61.9628861,0
1,G12_G678,0.75,1.10,8000,916531,79.4201,-46.9166,92.2427213,-5.71711,-16.8257,192.221,193.040675,-29.7423799,-87.5330999,0
1,G12_G678,0.75,1.10,8000,917346,-94.3215,23.2199,97.1375783,24.0924,3.31216,198.131,199.617903,121.598336,16.7170206,0
1,G12_G678,0.75,1.10,8000,918022,95.7907,0.307447,95.7911934,7.18226,-0.285176,201.656,201.784064,35.6163962,-1.41417067,0
1,G12_G678,0.75,1.10,8000,931577,11.5892,69.7851,70.7408633,4.3424,14.2257,189.776,190.357971,22.8817132,74.9604797,0
1,G12_G678,0.75,1.10,8000,932518,121.207,0.504749,121.208051,10.7037,15.501,207.222,208.076446,51.6532994,74.8038336,0
1,G12_G678,0.75,1.10,8000,937525,6.74873,-173.961,174.091858,3.42806,-16.5339,194.347,195.079158,17.6388624,-85.07412,0
1,G12_G678,0.75,1.10,8000,939486,60.8708,86.6963,105.931595,2.95693,-8.9293,195.187,195.413512,15.1492159,-45.7474115,0
1,G12_G678,0.75,1.10,8000,939520,-118.93,-92.7497,150.820595,-10.1802,-25.3042,196.676,198.558274,-51.7612723,-128.659318,0
1,G12_G678,0.75,1.10,8000,942931,-80.9259,-119.584,144.392986,10.5693,-1.22085,205.979,206.253604,51.3125124,-5.92706053,0
1,G12_G678,0.75,1.10,8000,947543,126.157,-14.1603,126.949213,-2.08423,-8.60475,192.795,192.998181,-10.8106019,-44.6316035,0
1,G12_G678,0.75,1.10,8000,950534,11.3651,-120.673,121.207007,-20.5207,-13.9567,199.347,200.885826,-102.939598,-70.0120895,0
1,G12_G678,0.75,1.10,8000,960408,21.9102,-113.213,115.31366,-3.34295,1.9146,194.696,194.73411,-17.1701011,9.83379217,0
1,G12_G678,0.75,1.10,8000,960949,139.601,93.0145,167.75022,7.72218,35.0793,195.247,198.523501,39.5508254,179.666269,0
1,G12_G678,0.75,1.10,8000,962161,-69.5075,-74.1965,101.668152,2.05697,-9.21337,195.988,196.215222,10.4953875,-47.009868,0
1,G12_G678,0.75,1.10,8000,964159,-120.35,-56.839,133.096936,5.35946,11.8405,199.88,200.302111,26.813388,59.2380428,0
1,G12_G678,0.75,1.10,8000,965737,-53.7082,80.3048,96.6096871,12.6956,34.7686,187.869,191.480534,67.5768754,185.068319,0
1,G12_G678,0.75,1.10,8000,968343,-126.575,-91.9685,156.459054,5.5006,-28.0353,196.446,198.512633,28.0005701,-142.712501,0
1,G12_G678,0.75,1.10,8000,974721,116.781,77.9199,140.38986,4.39523,9.60298,198.495,198.775754,22.1427744,48.3789516,0
1,G12_G678,0.75,1.10,8000,978296,-13.8153,29.373,32.4597542,6.70612,24.6282,204.203,205.792093,32.8404578,120.606455,0
1,G12_G678,0.75,1.10,8000,978401,148.727,61.8639,161.080299,3.86034,7.69421,209.149,209.326079,18.4573677,36.7881749,0
1,G12_G678,0.75,1.10,8000,979374,8.67132,-54.6928,55.3759349,6.16782,-21.6017,193.279,194.580182,31.9114855,-111.764341,0
1,G12_G678,0.75,1.10,8000,981818,-56.0516,-32.6427,64.863917,4.61617,30.97,195.561,198.051899,23.6047576,158.364909,0
1,G12_G678,0.75,1.10,8000,982593,-106.523,66.7836,125.726683,-10.7834,16.3677,203.025,203.968953,-53.113656,80.6191356,0
1,G12_G678,0.75,1.10,8000,986454,-20.5735,-58.7854,62.2815555,27.4696,-10.1542,194.819,197.007943,141.000621,-52.1211997,0
1,G12_G678,0.75,1.10,8000,987470,-155.075,-55.128,164.582356,-12.6187,6.51591,202.477,202.974442,-62.3216464,32.1809885,0
1,G12_G678,0.75,1.10,8000,989439,-57.1216,147.37,158.053137,-16.6834,15.2227,196.945,198.235717,-84.7109599,77.2941684,0
1,G12_G678,0.75,1.10,8000,991704,57.5836,0.259118,57.584183,-7.59819,-1.14356,196.421,196.571233,-38.6831856,-5.82198441,0
1,G12_G678,0.75,1.10,8000,991941,-144.838,65.0796,158.787281,-6.12169,5.83467,192.366,192.551802,-31.8231392,30.3310876,0
1,G12_G678,0.75,1.10,8000,993903,94.6256,106.095,142.162418,-7.43423,-1.84817,202.531,202.675824,-36.7066276,-9.12536846,0
1,G12_G678,0.75,1.10,8000,998481,177.975,12.2188,178.393945,17.9087,-5.23792,192.303,193.206111,93.1275123,-27.2378486,0
1,G12_G678,0.75,1.10,8000,999537,41.0576,-26.4073,48.8167186,-4.41855,9.16148,199.932,200.190562,-22.1002641,45.8229798,0
1,G12_G678,0.75,1.10,11000,9249,-51.3854,-41.3066,65.9294664,6.21173,15.5933,198.614,199.321995,31.2753884,78.5105783,0
1,G12_G678,0.75,1.10,11000,14353,60.8343,-182.121,192.012684,8.54318,-41.0113,199.257,203.613027,42.8751813,-205.821125,0
1,G12_G678,0.75,1.10,11000,14743,9.08268,7.64106,11.8693249,1.83608,-1.75363,207.374,207.389542,8.85395469,-8.45636386,1
1,G12_G678,0.75,1.10,11000,19361,50.2183,21.3628,54.5733165,4.27642,2.5534,201.474,201.535556,21.2256668,12.6735956,0
1,G12_G678,0.75,1.10,11000,19654,-23.3327,31.6996,39.3608883,0.907558,1.32823,208.917,208.923193,4.34410795,6.35769229,0
1,G12_G678,0.75,1.10,11000,23913,177.2,-49.1122,183.879983,18.1119,-3.98612,205.151,205.987531,88.2857018,-19.4301758,0
1,G12_G678,0.75,1.10,11000,30079,46.6255,-65.3822,80.3042298,-4.70895,8.57082,195.133,195.377892,-24.1320023,43.9229654,0
1,G12_G678,0.75,1.10,11000,32091,119.91,103.051,158.107295,-2.67235,18.0845,198.831,199.66962,-13.4403086,90.9541269,0
1,G12_G678,0.75,1.10,11000,33349,145.855,-36.9158,150.45417,14.2556,-13.2736,200.523,201.466831,71.0920942,-66.1949003,0
1,G12_G678,0.75,1.10,11000,36512,97.3339,-6.02228,97.5200284,5.22158,6.07322,203.615,203.772464,25.6443779,29.8269774,0
1,G12_G678,0.75,1.10,11000,37913,190.387,16.0309,191.060722,2.20273,-14.1947,201.064,201.576471,10.9553674,-70.5979191,0
1,G12_G678,0.75,1.10,11000,38785,-30.3757,-56.6587,64.2875683,-2.41332,-2.94078,208.982,209.016623,-11.5479802,-14.0719296,0
1,G12_G678,0.75,1.10,11000,39689,107.091,-22.4975,109.428606,-5.93668,-8.64783,196.226,196.506163,-30.2542986,-44.0707653,0
1,G12_G678,0.75,1.10,11000,39980,61.5158,-186.106,196.009278,10.71,-31.0556,195.173,197.918302,54.8743935,-159.118321,0
1,G12_G678,0.75,1.10,11000,40760,-42.5793,-55.6575,70.0767729,-8.18324,7.63437,198.068,198.383925,-41.3153059,38.5441868,0
1,G12_G678,0.75,1.10,11000,47255,-58.013,84.2551,102.295797,-1.4438,17.1051,197.03,197.776363,-7.3278181,86.8146983,0
1,G12_G678,0.75,1.10,11000,48914,-168.022,-41.3745,173.041156,5.34655,14.6086,198.868,199.475508,26.8849186,73.4587767,0
1,G12_G678,0.75,1.10,11000,49505,108.512,99.6415,147.32034,-5.06411,16.4585,199.948,200.688141,-25.3271351,82.3139016,0
1,G12_G678,0.75,1.10,11000,61439,-188.664,8.69,188.864028,-5.81096,-4.64683,196.154,196.295064,-29.6244787,-23.689703,0
1,G12_G678,0.75,1.10,11000,65981,12.9186,-19.6987,23.5569312,2.31243,3.08875,192.56,192.598653,12.0088803,16.0404549,0
1,G12_G678,0.75,1.10,11000,68300,-48.5279,25.6791,54.9033082,-8.92634,-12.1794,209.139,209.683425,-42.6813746,-58.2359101,0
1,G12_G678,0.75,1.10,11000,70474,-145.997,32.1806,149.501555,-1.7841,-0.986309,190.117,190.127929,-9.3842213,-5.18790534,0
1,G12_G678,0.75,1.10,11000,72767,88.5487,-80.5627,119.713077,6.163,-0.858762,194.016,194.11576,31.7654214,-4.4262432,0
1,G12_G678,0.75,1.10,11000,74802,-88.9905,149.528,174.005551,-2.92763,19.1814,197.04,197.993077,-14.8580491,97.3477467,0
1,G12_G678,0.75,1.10,11000,75894,47.3252,90.6606,102.269345,5.54458,31.8084,187.778,190.533708,29.5273142,169.393646,0
1,G12_G678,0.75,1.10,11000,78997,131.154,22.0392,132.99285,6.77366,3.80191,201.621,201.770574,33.5960044,18.8567163,0
1,G12_G678,0.75,1.10,11000,80541,91.774,-131.836,160.633739,3.91915,-22.8198,190.871,192.270231,20.5329778,-119.55614,0
1,G12_G678,0.75,1.10,11000,83399,-34.5948,124.795,129.501321,2.74494,40.0604,202.922,206.856734,13.5270695,197.417727,0
1,G12_G678,0.75,1.10,11000,84084,172.162,22.9052,173.679021,2.77298,3.9622,209.281,209.336871,13.2500323,18.9324401,0
1,G12_G678,0.75,1.10,11000,87711,-63.7524,-87.0806,107.923118,-3.02692,-5.59516,196.623,196.725881,-15.3945368,-28.4562844,0
1,G12_G678,0.75,1.10,11000,87806,-36.224,31.4658,47.9820252,18.4719,1.19011,208.205,209.026193,88.7197714,5.71604909,0
1,G12_G678,0.75,1.10,11000,88258,-35.2027,57.1624,67.1324814,-6.38442,-2.82371,197.881,198.004102,-32.2639364,-14.2697379,0
1,G12_G678,0.75,1.10,11000,91722,43.0658,99.3804,108.310327,10.8801,37.9239,192.395,196.398663,56.5508459,197.11479,0
1,G12_G678,0.75,1.10,11000,93077,-160.657,97.9142,188.143196,-4.60136,29.2381,192.022,194.2897,-23.9626709,152.264324,0
1,G12_G678,0.75,1.10,11000,94039,122.055,-139.365,185.25665,12.1697,-34.8836,194.239,197.721411,62.6532262,-179.591122,0
1,G12_G678,0.75,1.10,11000,94538,-0.520299,39.4132,39.4166341,-2.88536,-11.6328,200.082,200.44065,-14.4208874,-58.1401625,0
1,G12_G678,0.75,1.10,11000,97091,1.99998,29.4844,29.5521533,13.1076,18.427,190.879,192.213829,68.6696808,96.5375971,0
1,G12_G678,0.75,1.10,11000,97785,61.5096,34.9856,70.7631479,1.54132,11.8186,196.642,197.002871,7.83820344,60.1021145,0
1,G12_G678,0.75,1.10,11000,98146,-157.391,25.6663,159.470015,-3.68107,-11.4842,205.699,206.052216,-17.89542,-55.8301207,0
1,G12_G678,0.75,1.10,11000,99749,2.80726,-26.3358,26.4849971,16.8479,-14.0498,205.637,206.803831,81.9302946,-68.3233076,0
1,G12_G678,0.75,1.10,11000,99864,-100.205,-30.8506,104.846562,-8.51393,0.720302,202.242,202.422411,-42.0977344,3.56158464,0
1,G12_G678,0.75,1.10,11000,104496,-57.1112,-89.0587,105.797643,18.9626,-11.0648,199.989,201.190482,94.818215,-55.327043,0
1,G12_G678,0.75,1.10,11000,105309,21.1725,-25.6922,33.2920996,-2.09224,1.97712,195.658,195.679175,-10.6933527,10.1049791,0
1,G12_G678,0.75,1.10,11000,108148,-16.4482,-4.62597,17.0863361,-18.5502,32.4251,192.768,196.354269,-96.2307022,168.207898,1
1,G12_G678,0.75,1.10,11000,111680,-131.381,27.7818,134.286245,-8.64741,-3.41681,207.942,208.149772,-41.5856825,-16.431553,0
1,G12_G678,0.75,1.10,11000,117586,51.5717,35.7849,62.7710069,-9.63448,8.01891,206.899,207.278369,-46.5661023,38.7576064,0
1,G12_G678,0.75,1.10,11000,120467,112.697,-30.6069,116.779262,4.65049,0.0874994,190.676,190.732723,24.3894879,0.458890474,0
1,G12_G678,0.75,1.10,11000,122611,196.452,-34.2566,199.416406,2.34701,12.3573,200.111,200.505919,11.7285407,61.7522275,0
1,G12_G678,0.75,1.10,11000,123833,-187.868,47.0235,193.663613,-8.64858,-11.0031,209.148,209.615725,-41.3514832,-52.6091572,0
1,G12_G678,0.75,1.10,11000,124214,-100.788,1.21728,100.795351,-3.81986,-0.705772,198.318,198.35604,-19.2612874,-3.55878942,0
1,G12_G678,0.75,1.10,11000,124463,-57.3338,30.6609,65.017347,-4.47563,6.66901,195.697,195.861744,-22.8702024,34.0782434,0
1,G12_G678,0.75,1.10,11000,126584,-83.5712,64.347,105.473607,-8.00747,17.1578,192.627,193.555343,-41.5698215,89.0726637,0
1,G12_G678,0.75,1.10,11000,130858,56.0826,58.9885,81.3934958,14.5915,17.4629,207.554,208.797815,70.3021864,84.1366584,0
1,G12_G678,0.75,1.10,11000,132821,72.4171,-30.6387,78.6318403,-1.04203,1.45558,202.793,202.800901,-5.13839235,7.17766392,0
1,G12_G678,0.75,1.10,11000,143410,60.3981,169.197,179.653988,-0.619547,44.642,202.981,207.833054,-3.05224134,219.931915,0
1,G12_G678,0.75,1.10,11000,143716,106.437,71.9916,128.49757,1.16582,31.0168,197.233,199.660355,5.91087698,157.259688,0
1,G12_G678,0.75,1.10,11000,144025,-41.79,-40.0988,57.9164731,-6.19596,8.33412,207.434,207.693793,-29.8695489,40.177213,0
1,G12_G678,0.75,1.10,11000,144980,-38.563,9.56009,39.7303447,9.89137,30.5688,203.271,205.794534,48.6609994,150.384462,0
1,G12_G678,0.75,1.10,11000,150308,158.262,22.9161,159.912502,18.8334,4.78847,201.619,202.55332,93.4108393,23.750093,0
1,G12_G678,0.75,1.10,11000,166222,118.745,14.6948,119.650793,-1.27661,-11.3487,192.553,192.89137,-6.62991488,-58.9380586,0
1,G12_G678,0.75,1.10,11000,168071,84.2374,42.4226,94.3165762,7.7113,28.9707,205.574,207.74849,37.5110666,140.925895,0
1,G12_G678,0.75,1.10,11000,170216,49.6012,27.697,56.8102354,4.48509,8.43602,190.618,190.857288,23.529205,44.2561563,0
1,G12_G678,0.75,1.10,11000,171667,160.965,-80.8612,180.134019,-1.58929,4.75425,190.724,190.789866,-8.33293136,24.927382,0
1,G12_G678,0.75,1.10,11000,174974,64.6387,-153.082,166.169372,-18.0923,-14.2452,207.702,208.974587,-87.1070091,-68.5847994,0
1,G12_G678,0.75,1.10,11000,176533,79.5752,-16.8854,81.3469679,17.6988,14.9481,192.752,194.139194,91.8216153,77.5509463,0
1,G12_G678,0.75,1.10,11000,177133,-129.4,-22.6665,131.370203,-1.08891,-8.95613,207.407,207.603135,-5.2501121,-43.1814259,0
1,G12_G678,0.75,1.10,11000,177450,75.7113,54.5325,93.3059189,-3.06685,11.4934,199.064,199.419106,-15.4063517,57.7372101,0
1,G12_G678,0.75,1.10,11000,178255,-64.3943,-38.8547,75.2084675,-5.37769,-4.58229,192.58,192.709557,-27.924447,-23.7942154,0
1,G12_G678,0.75,1.10,11000,178856,68.8332,-90.6134,113.792784,0.759921,-1.91177,194.796,194.806863,3.90111193,-9.8142159,0
1,G12_G678,0.75,1.10,11000,180009,-140.238,136.66,195.812799,-1.53557,12.8443,199.647,200.065636,-7.69142537,64.3350514,0
1,G12_G678,0.75,1.10,11000,181436,103.133,-36.8779,109.528057,10.1482,-22.6292,197.922,199.469759,51.2737341,-114.33393,0
1,G12_G678,0.75,1.10,11000,183338,39.4118,48.0893,62.1761269,-4.84291,-10.0997,208.604,208.904491,-23.215806,-48.4156584,0
1,G12_G678,0.75,1.10,11000,185232,53.9095,-9.97734,54.825008,5.30741,-8.62895,198.377,198.635499,26.75416,-43.4977341,0
1,G12_G678,0.75,1.10,11000,194383,-183.941,-68.4723,196.272126,-6.49777,-31.6187,204.885,207.412214,-31.7142299,-154.324133,0
1,G12_G678,0.75,1.10,11000,195902,124.021,81.0347,148.148004,-0.694141,-8.67706,194.521,194.715671,-3.56846305,-44.6073175,0
1,G12_G678,0.75,1.10,11000,199585,-38.4572,-11.3484,40.0966634,-4.17254,14.2879,208.772,209.30194,-19.9861092,68.4378173,0
1,G12_G678,0.75,1.10,11000,199613,99.6783,32.7726,104.927626,-8.29518,1.30381,190.176,190.36129,-43.6184377,6.85580725,0
1,G12_G678,0.75,1.10,11000,208014,65.4913,-10.4871,66.3256334,-9.54049,4.64504,208.806,209.075448,-45.690689,22.2457209,0
1,G12_G678,0.75,1.10,11000,208522,-6.35501,-20.5012,21.463582,-1.55551,12.5717,205.923,206.312261,-7.55384294,61.0504897,0
1,G12_G678,0.75,1.10,11000,209996,65.5984,-34.6549,74.189704,3.29273,-0.209165,194.662,194.689959,16.9151144,-1.0745035,0
1,G12_G678,0.75,1.10,11000,210007,83.4968,-32.045,89.4348793,-7.02844,1.90088,190.901,191.039797,-36.8171984,9.95741248,0
1,G12_G678,0.75,1.10,11000,212566,-94.1217,-96.0051,134.446546,-18.2727,-18.4279,192.655,194.395031,-94.8467468,-95.6523319,0
1,G12_G678,0.75,1.10,11000,219140,17.456,-10.5964,20.4204708,6.3002,-3.06104,206.481,206.599772,30.5122505,-14.8248023,0
1,G12_G678,0.75,1.10,11000,219514,30.3792,-28.5337,41.6781457,8.4067,-32.7132,198.241,201.097788,42.4064649,-165.017327,0
1,G12_G678,0.75,1.10,11000,219685,-21.3291,-11.5888,24.2740765,-34.3945,-13.6204,198.832,202.244063,-172.982719,-68.502052,0
1,G12_G678,0.75,1.10,11000,220658,118.498,73.5442,139.46514,14.0056,20.3601,195.173,196.731265,71.7599258,104.31822,0
1,G12_G678,0.75,1.10,11000,223567,-96.2566,102.992,140.970511,-3.96534,-4.77869,203.797,203.891582,-19.4573031,-23.4482843,0
1,G12_G678,0.75,1.10,11000,225408,30.976,99.6916,104.39314,5.86799,35.8322,191.21,194.626935,30.6887192,187.397103,0
1,G12_G678,0.75,1.10,11000,225463,-76.0602,-27.2309,80.7878452,-5.00869,-11.279,190.815,191.213669,-26.2489322,-59.1096088,0
1,G12_G678,0.75,1.10,11000,230024,-20.3409,69.7451,72.650748,8.00219,-6.02583,204.186,204.431574,39.1906889,-29.5114748,0
1,G12_G678,0.75,1.10,11000,230414,-66.8471,-14.9517,68.4988183,-6.98908,-12.6987,191.845,192.391809,-36.4308687,-66.1924992,0
1,G12_G678,0.75,1.10,11000,230613,-87.1196,-2.02427,87.1431143,-24.6674,7.19665,199.556,201.203552,-123.611417,36.0633105,0
1,G12_G678,0.75,1.10,11000,233374,35.9244,10.8333,37.5222988,32.6436,16.9849,186.842,190.431154,174.712324,90.9051498,0
1,G12_G678,0.75,1.10,11000,235841,-89.8843,-128.721,156.997717,-12.2507,-15.855,203.887,204.869152,-60.0857338,-77.7636632,0
1,G12_G678,0.75,1.10,11000,236021,141.079,109.071,178.324892,2.2585,-0.0490314,192.218,192.231274,11.7496801,-0.25508225,0
1,G12_G678,0.75,1.10,11000,236067,137.633,-74.9999,156.741276,7.78354,-19.3861,206.487,207.541045,37.6950607,-93.8853293,0
1,G12_G678,0.75,1.10,11000,236877,53.6452,127.614,138.430995,2.65943,36.786,195.755,199.199153,13.5855023,187.918572,0
1,G12_G678,0.75,1.10,11000,240667,72.522,61.4742,95.0711194,3.8152,3.86635,200.991,201.064384,18.9819445,19.2364335,0
1,G12_G678,0.75,1.10,11000,242145,15.1145,-56.4178,58.4073306,13.56,-31.2236,191.741,194.739307,70.7203989,-162.842585,0
1,G12_G678,0.75,1.10,11000,243336,-100.642,-31.2034,105.368232,-4.78946,4.4579,195.383,195.492528,-24.5131869,22.8162123,0
1,G12_G678,0.75,1.10,11000,244009,37.7665,-89.056,96.7330329,12.2236,-24.5946,190.897,192.862582,64.0324363,-128.837017,0
1,G12_G678,0.75,1.10,11000,244035,-149.6,-119.874,191.702728,-19.5398,-34.8189,200.879,204.808526,-97.2714918,-173.332703,0
1,G12_G678,0.75,1.10,11000,244500,50.4088,36.3613,62.1545755,-8.07155,6.92532,208.716,208.986791,-38.6724065,33.1805899,0
1,G12_G678,0.75,1.10,11000,250831,87.4952,-170.565,191.697233,1.91422,-28.6783,197.004,199.089641,9.7166555,-145.572171,0
1,G12_G678,0.75,1.10,11000,251904,121.547,91.8555,152.351915,2.66888,16.9257,193.462,194.219329,13.7953707,87.488499,0
1,G12_G678,0.75,1.10,11000,252764,-55.3558,50.0684,74.6398638,-16.9774,12.4712,207.617,208.682969,-81.7726872,60.0682988,0
1,G12_G678,0.75,1.10,11000,256226,97.6243,167.045,193.480066,9.00523,12.3171,191.146,191.754005,47.1117889,64.4381781,0
1,G12_G678,0.75,1.10,11000,257218,-176.341,16.2019,177.083737,4.60041,-18.6875,194.524,195.473714,23.6495754,-96.0678374,0
1,G12_G678,0.75,1.10,11000,261956,5.71851,40.0814,40.4872817,1.24563,6.63711,200.336,200.449784,6.21770426,33.1298918,0
1,G12_G678,0.75,1.10,11000,266414,-91.5424,91.1995,129.218264,4.48848,14.0885,208.334,208.858057,21.5446351,67.6245836,0
1,G12_G678,0.75,1.10,11000,267471,-57.4494,41.8709,71.088718,-11.8228,24.2589,194.089,195.95615,-60.9143228,124.988536,0
1,G12_G678,0.75,1.10,11000,275842,-73.2316,74.0861,104.171097,-4.19715,2.76018,198.826,198.889449,-21.1096637,13.8823896,0
1,G12_G678,0.75,1.10,11000,277034,-134.117,-45.132,141.507127,-4.66178,-16.1063,192.257,192.986785,-24.2476477,-83.774843,0
1,G12_G678,0.75,1.10,11000,277896,-77.8127,-54.1391,94.7937679,-4.86007,-0.502363,193.973,194.034526,-25.0553943,-2.58986044,0
1,G12_G678,0.75,1.10,11000,278352,74.7319,-28.8681,80.1138195,7.1244,2.55791,196.135,196.281018,36.3239605,13.0415785,0
1,G12_G678,0.75,1.10,11000,279347,58.9221,80.3099,99.6066961,4.30033,-6.44193,205.823,205.968684,20.8933404,-31.2983972,0
1,G12_G678,0.75,1.10,11000,280970,-116.974,11.9585,117.583683,3.02145,10.7078,202.329,202.634672,14.9333511,52.922715,0
1,G12_G678,0.75,1.10,11000,285556,24.4471,30.7594,39.291238,7.94736,-12.1165,207.178,207.68412,38.3600575,-58.4835262,0
1,G12_G678,0.75,1.10,11000,287933,26.773,-81.466,85.7525666,-2.38341,-38.4368,200.321,203.989145,-11.8979538,-191.876039,0
1,G12_G678,0.75,1.10,11000,288463,-46.4548,-19.8573,50.5208947,-20.1199,-2.59851,208.255,209.240789,-96.6118461,-12.4775396,0
1,G12_G678,0.75,1.10,11000,290164,130.26,-69.9264,147.842379,6.23474,-22.0948,206.446,207.718567,30.2003429,-107.024597,0
1,G12_G678,0.75,1.10,11000,295246,-158.184,24.7035,160.101345,-12.9946,9.24451,208.353,208.962421,-62.3681924,44.3694595,0
1,G12_G678,0.75,1.10,11000,296434,-41.3543,93.5293,102.263914,0.98865,-2.99108,191.186,191.211952,5.17114224,-15.6448694,0
1,G12_G678,0.75,1.10,11000,296801,54.962,96.1903,110.785357,1.50674,10.2576,192.523,192.801956,7.82628569,53.2798679,0
1,G12_G678,0.75,1.10,11000,301256,-13.7692,11.1164,17.6964747,-17.3595,-29.6452,204.786,207.647528,-84.7689783,-144.761849,1
1,G12_G678,0.75,1.10,11000,307125,-10.9949,60.7379,61.7250381,-6.03302,17.6963,202.539,203.400105,-29.7869546,87.3723085,0
1,G12_G678,0.75,1.10,11000,313505,2.30209,24.2034,24.3126344,1.453,1.48033,199.133,199.143803,7.29663089,7.43387585,0
1,G12_G678,0.75,1.10,11000,313872,56.0009,35.1832,66.1359083,-0.407911,-5.80205,193.347,193.434466,-2.10973535,-30.0084822,0
1,G12_G678,0.75,1.10,11000,316416,-96.9444,-145.796,175.084809,-10.0633,-7.99774,204.936,205.33874,-49.1045985,-39.0255494,0
1,G12_G678,0.75,1.10,11000,322522,-6.30566,25.3123,26.0858943,8.61463,-13.7993,204.779,205.424126,42.0679367,-67.3863043,0
1,G12_G678,0.75,1.10,11000,324856,73.7465,-25.4088,78.0009832,10.3746,-3.84065,192.548,192.865537,53.8805908,-19.9464549,0
1,G12_G678,0.75,1.10,11000,331264,-73.7079,-144.671,162.365491,0.51538,-53.9754,192.859,200.270326,2.67231501,-279.869749,0
1,G12_G678,0.75,1.10,11000,333903,-59.3402,39.9318,71.5248767,2.6943,-2.62663,207.72,207.754078,12.9708261,-12.645051,0
1,G12_G678,0.75,1.10,11000,336284,-4.78994,74.4718,74.6256827,4.18039,-5.79398,200.669,200.796149,20.8322661,-28.8733187,0
1,G12_G678,0.75,1.10,11000,339213,-56.3648,-32.7308,65.1789533,-2.74395,11.6479,193.987,194.355754,-14.14502,60.0447453,0
1,G12_G678,0.75,1.10,11000,343374,-145.472,-126.063,192.494111,2.27979,-16.2958,205.401,206.059024,11.0992157,-79.3365173,0
1,G12_G678,0.75,1.10,11000,343553,100.602,-19.0765,102.394703,19.3515,-12.4276,189.14,190.533108,102.313101,-65.7058264,0
1,G12_G678,0.75,1.10,11000,345494,189.152,-44.392,194.29135,0.22017,-26.7102,206.087,207.810815,1.06833522,-129.606428,0
1,G12_G678,0.75,1.10,11000,346935,132.3,-6.501,132.459628,-3.48696,13.6689,208.104,208.581573,-16.7558528,65.6830239,0
1,G12_G678,0.75,1.10,11000,347003,-40.3296,-125.233,131.566641,-12.3824,-29.0603,189.523,192.137431,-65.3345504,-153.333896,0
1,G12_G678,0.75,1.10,11000,349179,-36.4724,-20.4009,41.790342,-21.597,-21.4588,190.417,192.835537,-113.419495,-112.69372,0
1,G12_G678,0.75,1.10,11000,350419,27.4783,160.097,162.438008,6.50014,30.1964,194.548,196.984768,33.4114974,155.213109,0
1,G12_G678,0.75,1.10,11000,357270,-53.7707,60.6418,81.0476162,-7.4041,26.7748,188.825,190.857516,-39.2114392,141.796902,0
1,G12_G678,0.75,1.10,11000,360921,-95.095,49.3299,107.128419,-21.1082,-9.40921,208.161,209.439947,-101.403241,-45.2015988,0
1,G12_G678,0.75,1.10,11000,360952,29.7946,122.554,126.123753,16.2223,-5.1828,209.307,209.998678,77.5048135,-24.7617137,0
1,G12_G678,0.75,1.10,11000,361323,17.8147,-68.2126,70.500513,1.66061,-7.70379,206.663,206.813205,8.03535224,-37.2770646,0
1,G12_G678,0.75,1.10,11000,365658,134.271,3.62244,134.319855,-0.870404,11.6277,209.387,209.711413,-4.15691519,55.5321008,0
1,G12_G678,0.75,1.10,11000,365922,-63.8665,72.4655,96.5928492,-0.0726027,6.79853,199.767,199.882665,-0.363436904,34.0322976,0
1,G12_G678,0.75,1.10,11000,372888,-26.7797,-71.1235,75.9980565,16.7509,-1.92175,206.905,207.590859,80.9593775,-9.28807907,0
1,G12_G678,0.75,1.10,11000,375929,-176.282,-85.4889,195.917573,-1.22206,-19.2714,201.63,202.552554,-6.06090364,-95.578039,0
1,G12_G678,0.75,1.10,11000,378489,-109.66,-46.5967,119.149352,-14.2218,-27.9203,204.171,206.561371,-69.6563175,-136.749587,0
1,G12_G678,0.75,1.10,11000,385316,13.2151,-38.3925,40.6032379,-3.03729,-12.7393,207.751,208.16338,-14.6198574,-61.3200418,0
1,G12_G678,0.75,1.10,11000,387712,17.262,21.3107,27.4248533,3.54795,9.93686,193.148,193.435982,18.3690745,51.4468698,0
1,G12_G678,0.75,1.10,11000,390356,20.5896,-29.1519,35.6898431,0.277091,2.14134,200.596,200.60762,1.38133861,10.6748888,0
1,G12_G678,0.75,1.10,11000,392624,-130.116,57.9331,142.430395,-16.702,11.9821,192.651,193.74451,-86.695631,62.1958879,0
1,G12_G678,0.75,1.10,11000,392988,149.775,19.9132,151.092972,7.61861,-1.30517,195.124,195.277039,39.0449663,-6.68892602,0
1,G12_G678,0.75,1.10,11000,398130,66.3549,119.442,136.635882,4.1086,1.72034,202.455,202.503993,20.2938925,8.49739448,0
1,G12_G678,0.75,1.10,11000,399635,-108.394,87.1432,139.079821,-24.9409,2.82676,205.735,207.260535,-121.228279,13.7398109,0
1,G12_G678,0.75,1.10,11000,400381,149.566,-77.0853,168.262093,5.92245,-22.7728,201.917,203.283425,29.3311113,-112.782975,0
1,G12_G678,0.75,1.10,11000,400841,-67.3155,-27.9213,72.8764402,-0.515941,4.39333,206.269,206.316427,-2.5013017,21.2990318,0
1,G12_G678,0.75,1.10,11000,401080,24.7321,-9.75386,26.5859842,12.1562,6.32762,209.352,209.800076,58.0658413,30.2247889,0
1,G12_G678,0.75,1.10,11000,403047,-54.1808,-6.14675,54.5283561,3.01697,-9.36068,207.72,207.952694,14.5242153,-45.0639322,0
1,G12_G678,0.75,1.10,11000,403626,84.5062,31.2528,90.1001407,-2.59988,7.29387,195.537,195.690261,-13.2961025,37.3017383,0
1,G12_G678,0.75,1.10,11000,409782,-98.7615,-50.2615,110.815397,-12.8516,-13.3639,204.168,205.008121,-62.9462012,-65.4554093,0
1,G12_G678,0.75,1.10,11000,418377,38.2756,33.67,50.9773524,-19.7099,-2.58647,202.728,203.700299,-97.2233732,-12.7583264,0
1,G12_G678,0.75,1.10,11000,418963,127.797,111.724,169.747829,5.67597,41.6965,203.06,207.374488,27.9521816,205.340786,0
1,G12_G678,0.75,1.10,11000,423368,32.7359,-54.4879,63.5654812,19.9089,10.054,205.752,206.957321,96.7616354,48.8646526,0
1,G12_G678,0.75,1.10,11000,426338,130.036,-51.7794,139.965951,-6.57764,-2.5471,194.153,194.281086,-33.8786421,-13.119035,0
1,G12_G678,0.75,1.10,11000,431586,-71.0359,-38.7509,80.9180532,-19.7376,17.7076,190.784,192.617929,-103.455216,92.8149111,0
1,G12_G678,0.75,1.10,11000,432077,102.23,-85.7879,133.456123,8.98164,-6.351,191.449,191.764764,46.9140084,-33.1733255,0
1,G12_G678,0.75,1.10,11000,436170,84.4397,-3.41115,84.5085728,2.40867,-9.39731,201.239,201.472694,11.9692008,-46.6972605,0
1,G12_G678,0.75,1.10,11000,436685,-188.327,-6.52072,188.439854,-3.23475,-0.2494,195.617,195.643902,-16.5361395,-1.27494032,0
1,G12_G678,0.75,1.10,11000,436769,13.626,18.6965,23.1349733,6.99067,19.6378,208.425,209.464778,33.5404582,94.2199832,0
1,G12_G678,0.75,1.10,11000,436807,76.5461,-78.7436,109.817394,14.6457,-8.42373,200.073,200.785112,73.2017813,-42.1032823,0
1,G12_G678,0.75,1.10,11000,437013,-55.4598,81.4799,98.5634999,-10.2292,-1.25522,197.375,197.643879,-51.8262191,-6.35956935,0
1,G12_G678,0.75,1.10,11000,447592,-90.5173,143.466,169.634533,-6.28151,23.9812,207.202,208.679717,-30.3158753,115.738265,0
1,G12_G678,0.75,1.10,11000,448237,-52.9084,45.0162,69.4676691,-3.6636,-4.11379,197.253,197.329905,-18.5731015,-20.8553989,0
1,G12_G678,0.75,1.10,11000,455455,159.262,-64.66,171.887464,2.12757,-8.0271,207.803,207.968862,10.2383989,-38.6284125,0
1,G12_G678,0.75,1.10,11000,455716,-1.51904,-42.577,42.6040891,-4.12941,18.441,198.499,199.396528,-20.8031778,92.9022312,0
1,G12_G678,0.75,1.10,11000,466563,102.53,-6.17387,102.715712,-1.6727,13.3535,191.111,191.584259,-8.75250509,69.8730057,0
1,G12_G678,0.75,1.10,11000,467753,-6.20365,-29.1913,29.8432114,-1.70271,-11.3695,201.795,202.122208,-8.43782056,-56.3418321,0
1,G12_G678,0.75,1.10,11000,470329,-121.59,-87.6328,149.878737,-3.26309,0.54785,199.339,199.366459,-16.3695514,2.74833324,0
1,G12_G678,0.75,1.10,11000,477894,-2.62332,-198.74,198.757313,-1.78255,-42.5631,204.492,208.882199,-8.71696692,-208.140661,0
1,G12_G678,0.75,1.10,11000,481096,23.8625,61.3828,65.8579307,-5.87745,26.1505,204.972,206.71699,-28.6744043,127.58084,0
1,G12_G678,0.75,1.10,11000,482580,-136.429,-77.4495,156.879881,-2.23578,6.00504,197.102,197.20613,-11.3432639,30.4666619,0
1,G12_G678,0.75,1.10,11000,483242,-82.0009,-4.38629,82.1181292,-0.971126,-8.8862,194.248,194.453576,-4.99941312,-45.7466744,0
1,G12_G678,0.75,1.10,11000,485841,-10.6997,-88.2064,88.852983,-8.76269,4.77771,193.779,194.035853,-45.2200187,24.655458,0
1,G12_G678,0.75,1.10,11000,489714,-54.4068,142.311,152.356557,0.331631,15.9824,192.052,192.716159,1.72677712,83.2191282,0
1,G12_G678,0.75,1.10,11000,495691,8.21716,-86.1733,86.5641921,-4.45269,-25.1227,189.987,191.692558,-23.4368141,-132.233784,0
1,G12_G678,0.75,1.10,11000,497875,44.7981,-24.4098,51.0167433,4.80021,-9.32216,206.634,206.899866,23.2304945,-45.1143568,0
1,G12_G678,0.75,1.10,11000,504806,-151.212,-7.92872,151.419726,-6.55618,-1.01007,193.616,193.729603,-33.8617676,-5.21687257,0
1,G12_G678,0.75,1.10,11000,506546,73.8568,95.2984,120.567873,6.25573,21.0686,193.768,195.010405,32.2846394,108.73106,0
1,G12_G678,0.75,1.10,11000,507883,-9.90284,-42.0359,43.1866082,-7.56555,-11.3776,200.609,201.073763,-37.7129142,-56.7153019,0
1,G12_G678,0.75,1.10,11000,509483,95.0291,-62.0642,113.501078,-0.734339,0.39828,205.306,205.3077,-3.57680243,1.93993356,0
1,G12_G678,0.75,1.10,11000,509495,10.4855,-71.0252,71.7950189,1.31577,-13.0545,195.879,196.317941,6.71725912,-66.6457354,0
1,G12_G678,0.75,1.10,11000,510288,48.5065,-50.3465,69.9117344,-8.99811,-3.02589,198.48,198.706901,-45.3350967,-15.2453144,0
1,G12_G678,0.75,1.10,11000,517661,-119.046,56.0891,131.597634,-6.98689,10.7127,199.021,199.431535,-35.1062953,53.8269831,0
1,G12_G678,0.75,1.10,11000,518988,119.617,-74.7795,141.06807,3.32677,5.59455,206.377,206.479618,16.119868,27.1083987,0
1,G12_G678,0.75,1.10,11000,521014,195.333,-36.7093,198.752493,0.674889,-2.55916,190.362,190.380398,3.54529265,-13.4436495,0
1,G12_G678,0.75,1.10,11000,521960,-11.8826,63.2955,64.4012151,6.73155,8.70833,206.696,206.988853,32.5673937,42.1311007,0
1,G12_G678,0.75,1.10,11000,523734,105.016,-126.704,164.566898,6.10153,0.974029,207.029,207.121183,29.4718614,4.70479498,0
1,G12_G678,0.75,1.10,11000,526821,21.2935,45.1378,49.9082571,18.0653,-2.94119,205.913,206.724864,87.7326832,-14.2836538,0
1,G12_G678,0.75,1.10,11000,526960,32.7378,58.6355,67.1556804,-12.7496,6.13499,205.921,206.406513,-61.9150062,29.7929303,0
1,G12_G678,0.75,1.10,11000,529326,-74.9302,-10.4392,75.6538946,2.87733,4.45404,209.015,209.082251,13.7661412,21.3096668,0
1,G12_G678,0.75,1.10,11000,530246,118.471,78.728,142.244423,9.04835,-6.62805,193.018,193.343611,46.8782704,-34.3390254,0
1,G12_G678,0.75,1.10,11000,534284,98.2924,38.5683,105.588397,7.70399,-0.651606,201.14,201.288538,38.3016307,-3.23956448,0
1,G12_G678,0.75,1.10,11000,535827,-89.1907,-106.807,139.149977,-2.28217,3.66336,206.393,206.438124,-11.0574002,17.7494392,0
1,G12_G678,0.75,1.10,11000,537661,150.859,10.734,151.240394,18.8529,2.11826,195.084,196.004301,96.639909,10.8581944,0
1,G12_G678,0.75,1.10,11000,544087,143.283,5.04727,143.37187,-2.79813,0.131397,200.976,200.995521,-13.9227072,0.653794483,0
1,G12_G678,0.75,1.10,11000,544801,-147.72,14.42,148.422151,-0.545121,-15.6182,205.025,205.619736,-2.65880259,-76.1770516,0
1,G12_G678,0.75,1.10,11000,546955,-178.251,-67.7431,190.68966,-4.0744,-9.20594,190.209,190.475231,-21.4206478,-48.3990768,0
1,G12_G678,0.75,1.10,11000,547790,-43.1863,-59.3192,73.374546,-15.1993,-10.523,198.761,199.618855,-76.4702331,-52.9429818,0
1,G12_G678,0.75,1.10,11000,550149,40.0659,68.6317,79.470665,-2.84343,10.2487,199.761,200.04394,-14.2341598,51.3048092,0
1,G12_G678,0.75,1.10,11000,551889,174.436,-12.5833,174.889272,13.6959,17.4209,205.27,206.46268,66.7213913,84.8682223,0
1,G12_G678,0.75,1.10,11000,553136,-134.064,-71.6969,152.031581,-2.87776,-4.41168,190.032,190.104985,-15.1435548,-23.2154584,0
1,G12_G678,0.75,1.10,11000,554063,-48.4029,39.0552,62.1944481,-7.85972,25.3365,195.188,196.982407,-40.2674345,129.805623,0
1,G12_G678,0.75,1.10,11000,554550,-20.2329,-32.3378,38.1458196,-10.4501,-9.50325,202.927,203.418002,-51.4968437,-46.8308801,0
1,G12_G678,0.75,1.10,11000,556574,-14.3452,-75.7901,77.1357506,-11.4504,-2.55006,207.929,208.259654,-55.0687975,-12.2640901,0
1,G12_G678,0.75,1.10,11000,556989,-10.1503,-19.5301,22.010302,2.06662,-9.37312,205.793,206.016711,10.0422269,-45.54635,0
1,G12_G678,0.75,1.10,11000,562888,-145.133,26.0185,147.44677,-18.1612,2.20627,197.318,198.1643,-92.0402599,11.1812911,0
1,G12_G678,0.75,1.10,11000,563239,-51.3223,-109.693,121.105461,-7.63941,4.77557,207.025,207.220938,-36.9009057,23.0676005,0
1,G12_G678,0.75,1.10,11000,563332,-25.6845,35.9433,44.1770795,15.5662,-11.1992,206.281,207.170412,75.4611428,-54.2909914,0
1,G12_G678,0.75,1.10,11000,563372,46.9948,76.1756,89.5054929,2.64966,5.02165,197.826,197.907463,13.3938916,25.384176,0
1,G12_G678,0.75,1.10,11000,563442,53.4798,-23.4635,58.4005551,28.7207,-6.35182,207.203,209.280452,138.61141,-30.6550581,0
1,G12_G678,0.75,1.10,11000,563627,102.55,-166.534,195.576266,18.9751,-12.7008,194.656,195.99062,97.4801701,-65.2474108,0
1,G12_G678,0.75,1.10,11000,577760,-83.366,-43.5051,94.0350131,-1.7,-5.57985,204.916,204.999004,-8.2960823,-27.2299381,0
1,G12_G678,0.75,1.10,11000,588099,36.7918,-62.9116,72.8800793,7.31609,5.24468,209.773,209.966053,34.8762233,25.0016923,0
1,G12_G678,0.75,1.10,11000,590148,-138.384,0.173527,138.384109,-4.44634,-7.80187,203.322,203.520207,-21.8684648,-38.3719912,0
1,G12_G678,0.75,1.10,11000,597434,118.504,3.85006,118.566526,12.3936,-4.2014,206.758,207.171725,59.9425415,-20.3203745,0
1,G12_G678,0.75,1.10,11000,600048,-118.688,-108.639,160.901441,-4.26012,1.40835,196.751,196.802155,-21.6523423,7.15803223,0
1,G12_G678,0.75,1.10,11000,600401,-89.3747,-48.8604,101.858606,-5.35447,-21.1674,193.53,194.757773,-27.6673901,-109.375291,0
1,G12_G678,0.75,1.10,11000,604958,33.0917,-21.7487,39.5988202,8.11778,31.5275,196.178,198.86098,41.3796654,160.708642,0
1,G12_G678,0.75,1.10,11000,605692,-172.516,-66.8681,185.021926,3.98846,-23.9598,196.575,198.069964,20.2897622,-121.886303,0
1,G12_G678,0.75,1.10,11000,609987,-78.3364,-116.621,140.488609,-2.37333,-24.3798,199.042,200.543574,-11.9237648,-122.485707,0
1,G12_G678,0.75,1.10,11000,610366,50.2353,-9.87288,51.1962804,2.64272,-4.1836,198.274,198.335739,13.328626,-21.1000938,0
1,G12_G678,0.75,1.10,11000,611518,-74.0754,-173.803,188.930272,4.6299,-35.2565,204.334,207.405015,22.6584905,-172.543483,0
1,G12_G678,0.75,1.10,11000,613936,30.1411,-113.515,117.448462,0.457963,-3.65532,208.97,209.002469,2.1915251,-17.4920802,0
1,G12_G678,0.75,1.10,11000,615319,43.448,4.06033,43.6373118,11.6363,1.87427,200.688,201.033802,57.9820418,9.33922307,0
1,G12_G678,0.75,1.10,11000,615627,50.1485,-18.9675,53.6156517,-6.2494,-0.300287,197.234,197.33321,-31.6852064,-1.52249105,0
1,G12_G678,0.75,1.10,11000,618761,120.68,5.31535,120.797001,2.15154,8.15697,207.419,207.590479,10.3729167,39.3260502,0
1,G12_G678,0.75,1.10,11000,620699,-35.4228,77.3369,85.0633344,-1.39658,3.1515,195.074,195.104454,-7.15923188,16.1554077,0
1,G12_G678,0.75,1.10,11000,621046,-97.5237,-143.746,173.706029,-2.42432,-4.67953,190.724,190.796802,-12.7111428,-24.5356117,0
1,G12_G678,0.75,1.10,11000,623160,-16.8189,-19.2006,25.525251,-6.98653,13.9785,201.256,201.861803,-34.714642,69.4563143,0
1,G12_G678,0.75,1.10,11000,627800,-11.7011,141.774,142.256047,-6.43335,3.82493,199.447,199.587384,-32.2559377,19.1776763,0
1,G12_G678,0.75,1.10,11000,631329,82.3068,-46.0889,94.33237,16.2767,-12.4281,202.276,203.310031,80.4677767,-61.441298,0
1,G12_G678,0.75,1.10,11000,632633,86.5189,19.227,88.6295526,3.17552,-0.549674,198.542,198.568154,15.9941977,-2.76855275,0
1,G12_G678,0.75,1.10,11000,635768,8.10569,49.033,49.6984638,3.35727,-5.11305,198.484,198.578228,16.9145624,-25.7605147,0
1,G12_G678,0.75,1.10,11000,647020,-43.474,-143.209,149.662308,2.91642,-5.37789,191.237,191.334831,15.2502915,-28.1215978,0
1,G12_G678,0.75,1.10,11000,648123,71.309,-61.8764,94.4121939,-1.0574,0.886672,194.958,194.962884,-5.42373229,4.54801547,0
1,G12_G678,0.75,1.10,11000,650751,-48.292,30.9039,57.3338321,1.494,5.71938,200.239,200.326235,7.461084,28.5627675,0
1,G12_G678,0.75,1.10,11000,656587,-46.5731,0.931385,46.5824121,-4.57892,-5.1865,195.842,195.964168,-23.3806844,-26.4830833,0
1,G12_G678,0.75,1.10,11000,662707,-129.369,103.562,165.714894,-6.545,17.9343,195.616,196.545403,-33.4584083,91.6811508,0
1,G12_G678,0.75,1.10,11000,668383,34.6434,10.1371,36.0960657,-4.29526,-0.133934,204.673,204.718109,-20.985963,-0.654380402,0
1,G12_G678,0.75,1.10,11000,669933,-60.0715,-94.0114,111.564907,-8.71307,-28.1208,200.243,202.395544,-43.5124823,-140.433373,0
1,G12_G678,0.75,1.10,11000,670029,-50.0558,-61.0173,78.9220756,-1.63249,-4.93395,198.744,198.811937,-8.21403413,-24.8256551,0
1,G12_G678,0.75,1.10,11000,673322,52.2429,107.985,119.958663,9.70937,18.7146,206.113,207.188506,47.1070238,90.7977663,0
1,G12_G678,0.75,1.10,11000,675018,81.7748,-9.70993,82.3492602,0.819433,-12.1328,208.224,208.578787,3.93534367,-58.2680191,0
1,G12_G678,0.75,1.10,11000,675883,-78.8134,95.1631,123.561999,-5.88208,20.3051,196.078,197.214295,-29.998674,103.556238,0
1,G12_G678,0.75,1.10,11000,685853,106.495,-32.4972,111.342952,1.53683,-6.60498,204.469,204.581425,7.5162005,-32.3030875,0
1,G12_G678,0.75,1.10,11000,689508,116.141,-0.0467747,116.141009,0.214127,-9.69521,194.082,194.324125,1.10328109,-49.9541946,0
1,G12_G678,0.75,1.10,11000,690808,-100.217,-30.2307,104.677325,-3.51047,-2.19549,192.149,192.193605,-18.26952,-11.4259767,0
1,G12_G678,0.75,1.10,11000,693506,33.6257,-56.1627,65.4594269,-1.80854,-1.10517,200.238,200.249217,-9.03195198,-5.51928205,0
1,G12_G678,0.75,1.10,11000,694977,-5.13606,34.5948,34.9739803,21.5242,31.5963,194.559,198.279656,110.630708,162.399581,0
1,G12_G678,0.75,1.10,11000,698418,12.7362,-62.5121,63.7963434,7.61991,-10.5822,195.422,195.856591,38.9920787,-54.1505051,0
1,G12_G678,0.75,1.10,11000,699192,22.7129,-47.8315,52.9502429,3.23422,-2.78435,194.426,194.472832,16.6347093,-14.3208727,0
1,G12_G678,0.75,1.10,11000,699463,148.421,92.7802,175.034165,9.75166,32.6985,207.066,209.85856,47.094453,157.913419,0
1,G12_G678,0.75,1.10,11000,701754,89.0051,19.8108,91.1831981,5.95391,10.8484,193.621,194.016052,30.7503318,56.0290464,0
1,G12_G678,0.75,1.10,11000,707631,-120.313,-64.2155,136.377595,-7.89262,15.5597,204.78,205.521887,-38.5419475,75.9825178,0
1,G12_G678,0.75,1.10,11000,708256,48.8502,34.1163,59.5840915,3.52047,2.6745,192.768,192.818693,18.2627303,13.8741907,0
1,G12_G678,0.75,1.10,11000,708939,66.4426,146.911,161.237282,2.72149,19.1558,199.882,200.816247,13.6154831,95.835543,0
1,G12_G678,0.75,1.10,11000,714139,57.8268,3.65465,57.9421717,0.983879,8.47831,193.514,193.702137,5.08427814,43.8123857,0
1,G12_G678,0.75,1.10,11000,719761,7.23967,-33.6726,34.4420791,0.0646733,1.55057,208.772,208.777768,0.309779568,7.4270975,0
1,G12_G678,0.75,1.10,11000,721640,53.4753,4.57845,53.6709411,0.24237,4.27002,191.794,191.84168,1.26369959,22.2635745,0
1,G12_G678,0.75,1.10,11000,731822,111.893,-15.5086,112.962649,-5.12521,-5.05623,198.147,198.277752,-25.8656957,-25.5175703,0
1,G12_G678,0.75,1.10,11000,731827,99.7417,-37.6568,106.613514,12.7094,-30.9421,188.723,191.664585,67.3442029,-163.955109,0
1,G12_G678,0.75,1.10,11000,733482,-43.5936,-38.7476,58.3247672,1.15361,2.04692,200.102,200.115794,5.76510979,10.229383,0
1,G12_G678,0.75,1.10,11000,734694,135.888,-44.7811,143.076537,-0.768682,11.4071,192.559,192.898111,-3.99192975,59.2395058,0
1,G12_G678,0.75,1.10,11000,734866,-107.416,4.46584,107.508794,-4.79811,0.883095,204.138,204.19629,-23.5042471,4.32597067,0
1,G12_G678,0.75,1.10,11000,735888,-108.596,-8.90453,108.96046,-7.4185,-2.13367,193.982,194.135527,-38.2432391,-10.9993195,0
1,G12_G678,0.75,1.10,11000,737349,-17.7812,-71.6533,73.8265973,-3.28196,-1.41077,201.42,201.451676,-16.2941118,-7.00412074,0
1,G12_G678,0.75,1.10,11000,740848,-6.38255,75.7773,76.0456188,-3.98746,-9.76543,205.361,205.631719,-19.4168318,-47.5525051,0
1,G12_G678,0.75,1.10,11000,749221,-122.879,5.53313,123.003513,-5.3699,-7.24783,205.052,205.25031,-26.1879913,-35.3463024,0
1,G12_G678,0.75,1.10,11000,751892,-106.075,167.073,197.902231,-7.03416,36.0988,202.449,205.762485,-34.7453433,178.310587,0
1,G12_G678,0.75,1.10,11000,753761,-97.5006,-103.513,142.201646,-3.08172,3.91739,193.412,193.476212,-15.9334478,20.2541207,0
1,G12_G678,0.75,1.10,11000,755846,29.613,29.8215,42.0267966,0.602815,-0.0571065,190.833,190.833961,3.15886141,-0.299248558,0
1,G12_G678,0.75,1.10,11000,756585,97.7044,102.056,141.285445,6.45874,1.68916,195.145,195.25916,33.0971329,8.65592252,0
1,G12_G678,0.75,1.10,11000,756693,-116.052,130.771,174.840273,1.0162,36.1916,188.461,191.907303,5.39209704,192.03761,0
1,G12_G678,0.75,1.10,11000,758988,-120.14,63.5139,135.895677,-3.98274,8.03687,200.663,200.863369,-19.8479042,40.051579,0
1,G12_G678,0.75,1.10,11000,760277,41.9525,-71.9172,83.2592092,5.66889,-28.2293,194.298,196.419812,29.1762653,-145.28868,0
1,G12_G678,0.75,1.10,11000,760978,124.388,52.2385,134.911954,-3.92272,6.85794,192.204,192.366309,-20.4091486,35.6805269,0
1,G12_G678,0.75,1.10,11000,764410,-100.013,-14.0568,100.996009,-15.7514,-4.11177,189.668,190.365342,-83.0472194,-21.6787755,0
1,G12_G678,0.75,1.10,11000,765154,-69.2951,7.32203,69.6808654,-6.31548,1.84099,194.556,194.667182,-32.4609881,9.46251979,0
1,G12_G678,0.75,1.10,11000,765568,-87.4018,-32.8418,93.3684019,-6.85576,11.0221,193.166,193.601631,-35.4915461,57.0602487,0
1,G12_G678,0.75,1.10,11000,768170,-40.0416,136.116,141.883386,-1.1948,3.34632,191.921,191.953889,-6.22547819,17.4359242,0
1,G12_G678,0.75,1.10,11000,772254,41.7544,154.271,159.821686,2.44755,20.4349,192.153,193.25204,12.737506,106.347026,0
1,G12_G678,0.75,1.10,11000,773680,-40.4933,64.6227,76.2613972,3.00579,-7.84977,195.786,195.966353,15.3524256,-40.0936226,0
1,G12_G678,0.75,1.10,11000,774565,-101.166,75.3037,126.115847,-14.1173,22.7888,201.382,203.158405,-70.1020945,113.16205,0
1,G12_G678,0.75,1.10,11000,781408,-93.3175,40.4315,101.699862,-6.77023,5.84239,204.031,204.22688,-33.1823595,28.6348153,0
1,G12_G678,0.75,1.10,11000,790575,145.813,77.8149,165.277311,6.56432,22.5772,194.16,195.578439,33.8088175,116.281417,0
1,G12_G678,0.75,1.10,11000,791044,-110.036,12.3046,110.721834,-10.4704,-29.0102,200.307,202.667499,-52.2717628,-144.828688,0
1,G12_G678,0.75,1.10,11000,791195,75.4837,7.90896,75.8969078,4.78652,4.25687,209.569,209.666873,22.8398284,20.3124985,0
1,G12_G678,0.75,1.10,11000,793517,-97.4534,38.3012,104.709823,-8.66614,4.5066,199.744,199.982692,-43.3862344,22.5618792,0
1,G12_G678,0.75,1.10,11000,794562,25.8663,-14.885,29.843403,10.4634,-6.97961,190.196,190.611427,55.0137753,-36.6969337,0
1,G12_G678,0.75,1.10,11000,795176,-129.655,-74.1139,149.342858,-7.93037,-5.55358,198.8,199.035607,-39.8911972,-27.9355131,0
1,G12_G678,0.75,1.10,11000,798472,155.786,111.454,191.549659,6.49497,47.1404,190.906,196.747307,34.0218223,246.929903,0
1,G12_G678,0.75,1.10,11000,802000,-86.5989,-121.298,149.038835,-14.0012,-29.207,205.75,208.283809,-68.0495747,-141.953827,0
1,G12_G678,0.75,1.10,11000,807313,54.585,-86.0904,101.936643,-1.36932,-4.48453,205.17,205.223573,-6.67407516,-21.8576303,0
1,G12_G678,0.75,1.10,11000,809043,79.6926,140.207,161.272792,-1.59064,29.4534,191.901,194.154646,-8.28885728,153.482264,0
1,G12_G678,0.75,1.10,11000,809705,-21.2298,179.159,180.412449,1.12076,36.2117,188.706,192.152278,5.93918582,191.894799,0
1,G12_G678,0.75,1.10,11000,811153,106.399,-82.3809,134.56359,9.21682,-28.8294,195.567,197.895264,47.1287078,-147.414441,0
1,G12_G678,0.75,1.10,11000,814960,-29.2173,143.55,146.493185,-8.90459,44.619,203.58,208.602405,-43.7400039,219.171824,0
1,G12_G678,0.75,1.10,11000,816028,103.553,-78.3561,129.857238,-10.6012,-3.50687,208.001,208.300503,-50.9670627,-16.8598709,0
1,G12_G678,0.75,1.10,11000,816663,78.7109,98.2897,125.921686,23.7826,13.4696,201.288,203.135179,118.1521,66.9170542,0
1,G12_G678,0.75,1.10,11000,818174,33.7352,-55.8325,65.2329041,-20.8254,-29.3358,200.152,203.359557,-104.047924,-146.567609,0
1,G12_G678,0.75,1.10,11000,818888,79.8291,43.1131,90.7271988,-3.92958,-0.825648,209.279,209.317518,-18.7767526,-3.94520234,0
1,G12_G678,0.75,1.10,11000,820529,-120.206,-33.7034,124.841506,-6.66537,0.118397,198.197,198.309082,-33.6300247,0.597370293,0
1,G12_G678,0.75,1.10,11000,820774,78.8557,-5.51813,79.0485369,-4.71783,-0.252365,205.492,205.546305,-22.958704,-1.22810134,0
1,G12_G678,0.75,1.10,11000,823918,-188.298,-38.2898,192.151621,-2.15839,-4.03228,190.731,190.785828,-11.316409,-21.1411884,0
1,G12_G678,0.75,1.10,11000,827822,-62.6476,6.78797,63.0142708,-3.26947,-1.73079,204.882,204.915395,-15.9578196,-8.44774065,0
1,G12_G678,0.75,1.10,11000,828665,141.525,-36.9107,146.259104,3.14238,8.21222,191.817,192.018428,16.3821768,42.8127851,0
1,G12_G678,0.75,1.10,11000,831236,38.5414,-30.9784,49.4479603,0.791481,-8.02547,209.146,209.301419,3.78434682,-38.3725723,0
1,G12_G678,0.75,1.10,11000,831272,64.0981,-9.00422,64.727447,10.8809,-0.958605,205.766,206.05572,52.8799705,-4.65871427,0
1,G12_G678,0.75,1.10,11000,831740,-65.8772,8.33218,66.4020384,-7.6251,-4.38122,200.41,200.602855,-38.0475026,-21.8612844,0
1,G12_G678,0.75,1.10,11000,835529,-5.45675,8.99517,10.5208937,-1.51669,4.73678,209.488,209.547034,-7.23998511,22.6112236,1
1,G12_G678,0.75,1.10,11000,837175,-199.208,-12.7654,199.616589,-6.81246,8.56151,192.083,192.394355,-35.4662307,44.5719298,0
1,G12_G678,0.75,1.10,11000,837225,-135.512,-86.7591,160.905698,3.53227,-1.19202,209.331,209.364193,16.8740894,-5.69442653,0
1,G12_G678,0.75,1.10,11000,843701,-71.7049,164.424,179.379052,-10.5263,29.7194,206.729,209.119404,-50.918352,143.760188,0
1,G12_G678,0.75,1.10,11000,850941,32.4408,-73.05,79.9293939,-4.41461,-2.4079,206.389,206.450251,-21.3897543,-11.6668039,0
1,G12_G678,0.75,1.10,11000,852533,60.3337,-1.60221,60.3549702,0.820925,-3.40398,203.219,203.249165,4.03960752,-16.7503039,0
1,G12_G678,0.75,1.10,11000,856884,-127.411,-65.7969,143.397333,8.42323,2.26556,192.475,192.672544,43.7627224,11.7706715,0
1,G12_G678,0.75,1.10,11000,858741,27.0176,87.383,91.464416,0.0535706,-8.78084,197.256,197.45135,0.271579065,-44.514945,0
1,G12_G678,0.75,1.10,11000,861374,-74.6019,34.2013,82.0680961,-3.21936,-12.6597,201.25,201.673486,-15.9968199,-62.9053416,0
1,G12_G678,0.75,1.10,11000,864100,-175.067,46.2027,181.061161,-15.0388,-5.60731,208.37,208.987235,-72.1735375,-26.9103518,0
1,G12_G678,0.75,1.10,11000,865043,-41.5775,22.0852,47.0791309,3.61552,-8.7009,193.321,193.550476,18.7021586,-45.0075263,0
1,G12_G678,0.75,1.10,11000,865775,106.713,-109.752,153.078953,3.13246,-1.7106,196.122,196.154473,15.971997,-8.72212194,0
1,G12_G678,0.75,1.10,11000,868011,44.8757,148.958,155.57093,0.511211,25.8971,195.356,197.065694,2.6168175,132.563627,0
1,G12_G678,0.75,1.10,11000,869801,190.178,-56.6967,198.449458,-0.329265,-9.40208,198.276,198.499067,-1.66063971,-47.4191531,0
1,G12_G678,0.75,1.10,11000,872857,85.8387,106.441,136.740517,-2.74929,43.9839,196.55,201.429999,-13.9877385,223.7797,0
1,G12_G678,0.75,1.10,11000,873644,3.50907,-130.404,130.451205,-1.40778,-34.0659,206.062,208.863628,-6.83182731,-165.31869,0
1,G12_G678,0.75,1.10,11000,873751,-112.74,145.62,184.161592,0.588744,29.5596,192.731,194.985525,3.0547447,153.372317,0
1,G12_G678,0.75,1.10,11000,873957,-3.65738,-1.51281,3.95790634,0.714242,0.785882,204.855,204.857753,3.48657343,3.8362842,1
1,G12_G678,0.75,1.10,11000,876147,-10.8655,-191.305,191.613314,0.564823,-28.4655,194.194,196.270001,2.90855021,-146.582799,0
1,G12_G678,0.75,1.10,11000,877098,14.7925,-35.4797,38.4399163,2.26517,-2.94956,204.231,204.264858,11.0912153,-14.4422737,0
1,G12_G678,0.75,1.10,11000,877124,-73.1824,108.924,131.225384,-7.14727,-1.42008,195.981,196.116426,-36.4691985,-7.24600854,0
1,G12_G678,0.75,1.10,11000,877793,74.7111,-13.4374,75.9098952,4.12325,2.26708,201.757,201.811863,20.4367135,11.2366857,0
1,G12_G678,0.75,1.10,11000,880409,125.863,52.9087,136.531408,11.1549,9.22719,198.089,198.617282,56.3125666,46.5810318,0
1,G12_G678,0.75,1.10,11000,881314,16.0954,-46.1087,48.8372206,7.59569,34.4539,204.487,207.50831,37.1450997,168.489439,0
1,G12_G678,0.75,1.10,11000,881599,121.594,20.6689,123.33817,-3.99202,-3.6892,194.448,194.52396,-20.5300132,-18.9726816,0
1,G12_G678,0.75,1.10,11000,883827,-75.0606,7.80045,75.4648308,-4.22137,3.88282,204.909,204.989255,-20.6011937,18.9489969,0
1,G12_G678,0.75,1.10,11000,885596,-10.166,126.519,126.92677,-18.7814,7.07031,203.556,204.542845,-92.2665016,34.7339798,0
1,G12_G678,0.75,1.10,11000,886153,-2.25222,-29.9205,30.0051465,-2.43349,5.27928,193.957,194.044094,-12.5465438,27.2188165,0
1,G12_G678,0.75,1.10,11000,887857,-134.991,104.507,170.716968,-9.48211,25.6567,199.746,201.610122,-47.470838,128.446627,0
1,G12_G678,0.75,1.10,11000,889156,-40.6089,12.6223,42.5253479,4.00677,-3.98361,195.314,195.395706,20.5145048,-20.3959266,0
1,G12_G678,0.75,1.10,11000,889389,-0.30165,22.179,22.1810512,2.97474,10.5181,201.976,202.27156,14.7281855,52.0759892,0
1,G12_G678,0.75,1.10,11000,889643,96.5301,25.286,99.7869831,11.7082,-7.49508,202.216,202.693288,57.8994738,-37.0647229,0
1,G12_G678,0.75,1.10,11000,890567,142.306,51.3232,151.278116,-4.47424,24.9031,204.851,206.407644,-21.841436,121.566895,0
1,G12_G678,0.75,1.10,11000,893272,83.6815,59.3975,102.618987,9.27963,3.67689,197.177,197.429482,47.0624363,18.6476617,0
1,G12_G678,0.75,1.10,11000,894111,-1.61399,-40.8695,40.9013569,14.288,-4.77447,208.89,209.432506,68.3996362,-22.8563837,0
1,G12_G678,0.75,1.10,11000,898171,192.976,35.5618,196.225325,13.9557,8.64298,201.043,201.712049,69.416493,42.9907035,0
1,G12_G678,0.75,1.10,11000,899920,157.178,-2.06689,157.191589,1.45064,-4.18368,200.653,200.701853,7.22959537,-20.8503237,0
1,G12_G678,0.75,1.10,11000,903262,-54.6583,-45.4589,71.0917812,2.42165,5.25036,196.624,196.708993,12.3161466,26.7025389,0
1,G12_G678,0.75,1.10,11000,903349,56.9139,33.9279,66.2592968,4.03476,-12.739,200.171,200.616526,20.1565661,-63.6405873,0
1,G12_G678,0.75,1.10,11000,905547,-44.0261,-135.503,142.475824,4.61452,-23.7672,203.266,204.70281,22.7018783,-116.926589,0
1,G12_G678,0.75,1.10,11000,905742,-111.146,-51.6656,122.5674,-15.1119,-4.60358,207.158,207.759475,-72.9486672,-22.2225548,0
1,G12_G678,0.75,1.10,11000,907088,161.535,-82.3924,181.334122,-2.86686,3.24043,191.837,191.885783,-14.9442495,16.8915798,0
1,G12_G678,0.75,1.10,11000,909611,-34.4275,-1.33581,34.4534054,-6.42944,9.77045,200.571,200.911735,-32.055681,48.7131739,0
1,G12_G678,0.75,1.10,11000,918022,147.94,-1.76488,147.950527,-2.82694,-0.0166787,201.764,201.783804,-14.0111219,-0.0826644,0
1,G12_G678,0.75,1.10,11000,922652,5.82431,-0.318814,5.83302917,-17.6694,27.6174,192.82,195.587527,-91.6367597,143.228918,1
1,G12_G678,0.75,1.10,11000,922793,45.1446,-5.10117,45.4318924,16.9014,-17.8116,203.33,204.807225,83.123002,-87.5994688,0
1,G12_G678,0.75,1.10,11000,930817,-167.59,-62.1412,178.739858,-9.6855,-22.6426,207.212,208.670336,-46.7419841,-109.272629,0
1,G12_G678,0.75,1.10,11000,933354,52.0416,-32.1935,61.194359,16.5172,-17.2919,198.793,200.226084,83.0874327,-86.9844512,0
1,G12_G678,0.75,1.10,11000,934298,67.4737,114.657,133.037317,-15.2113,9.30313,206.164,206.933629,-73.7825227,45.1249006,0
1,G12_G678,0.75,1.10,11000,934739,168.409,-79.1253,186.070966,8.20418,-18.2839,207.046,208.013595,39.6249143,-88.3083952,0
1,G12_G678,0.75,1.10,11000,938809,50.9013,-96.8779,109.436145,5.37904,4.65787,208.654,208.77529,25.7797119,22.3234158,0
1,G12_G678,0.75,1.10,11000,939486,64.9135,-29.3904,71.2569863,-2.44028,-12.4456,195.001,195.412993,-12.5141922,-63.8232624,0
1,G12_G678,0.75,1.10,11000,943628,37.3657,-23.9646,44.3902871,-7.23599,-30.7961,200.105,202.590154,-36.1609655,-153.899703,0
1,G12_G678,0.75,1.10,11000,947543,-16.383,-60.6986,62.8706826,-7.37502,3.67826,192.822,192.998042,-38.247814,19.0759353,0
1,G12_G678,0.75,1.10,11000,953377,-29.9525,-21.0136,36.5885725,-23.2908,-20.3173,192.728,195.190512,-120.848035,-105.419555,0
1,G12_G678,0.75,1.10,11000,960316,-152.598,-48.5263,160.127922,-4.67081,-3.83599,206.133,206.221592,-22.6592055,-18.6092959,0
1,G12_G678,0.75,1.10,11000,960408,-53.9408,-26.7199,60.1960377,-1.88258,17.3497,193.95,194.733558,-9.7065223,89.4544986,0
1,G12_G678,0.75,1.10,11000,961322,-90.013,30.4094,95.0109035,19.1507,-13.2624,196.704,198.07853,97.3579592,-67.4231332,0
1,G12_G678,0.75,1.10,11000,961323,0.977174,92.5546,92.5597583,-27.8296,10.4873,188.041,190.378275,-147.997511,55.7713477,0
1,G12_G678,0.75,1.10,11000,963488,149.333,-4.11263,149.38962,11.2868,-3.77763,205.947,206.290642,54.8043914,-18.342729,0
1,G12_G678,0.75,1.10,11000,964159,64.7667,58.4772,87.2600043,8.07809,7.7833,199.988,200.30236,40.3928736,38.9188351,0
1,G12_G678,0.75,1.10,11000,964684,-19.2585,-42.1788,46.3674562,26.2273,-2.83503,205.858,207.541381,127.404813,-13.7717747,0
1,G12_G678,0.75,1.10,11000,969119,-143.297,-48.4563,151.268117,-16.095,-27.9762,198.483,201.090075,-81.0900682,-140.950107,0
1,G12_G678,0.75,1.10,11000,972509,35.3158,-160.393,164.234954,-0.456906,-8.60309,193.702,193.893493,-2.35880889,-44.4140484,0
1,G12_G678,0.75,1.10,11000,978401,96.7287,76.1418,123.101645,-7.64754,-9.51677,208.97,209.326335,-36.5963535,-45.5413217,0
1,G12_G678,0.75,1.10,11000,980708,19.9751,-4.92398,20.5730454,-10.0602,-30.9452,191.676,194.418368,-52.4854442,-161.445356,0
1,G12_G678,0.75,1.10,11000,981677,37.3236,23.6197,44.1694617,-2.3715,-9.65075,197.139,197.389327,-12.0295832,-48.9540375,0
1,G12_G678,0.75,1.10,11000,987151,51.6001,-185.559,192.599877,2.22964,-28.3898,200.299,202.313226,11.1315583,-141.737103,0
1,G12_G678,0.75,1.10,11000,989865,-120.658,15.4542,121.643682,-28.5017,10.1396,189.989,192.382376,-150.017633,53.3694056,0
1,G12_G678,0.75,1.10,11000,991704,-121.733,-7.52663,121.96546,-5.2213,0.103439,196.502,196.571383,-26.5712308,0.526401767,0
1,G12_G678,0.75,1.10,11000,991941,-124.394,52.4635,135.004763,7.13024,-12.7121,192,192.552429,37.1366667,-66.2088542,0
1,G12_G678,0.75,1.10,11000,993903,-103.693,28.9358,107.654627,-7.25775,-15.8792,201.922,202.675401,-35.9433346,-78.640267,0
1,G12_G678,0.75,1.10,11000,999537,-66.648,52.3849,84.7710661,-3.54086,3.433,200.129,200.18976,-17.6928881,17.1539357,0
1,G12_G678,0.75,1.10,13000,6936,9.10201,-46.5753,47.45635,2.09235,-21.7098,192.515,193.746532,10.8685038,-112.769395,0
1,G12_G678,0.75,1.10,13000,9249,39.7358,100.065,107.665863,10.8202,9.78478,198.787,199.321574,54.4311248,49.2224341,0
1,G12_G678,0.75,1.10,13000,10212,103.465,9.98386,103.94558,15.8837,0.186969,190.639,191.299648,83.3182088,0.980748955,0
1,G12_G678,0.75,1.10,13000,14743,20.0411,-5.90905,20.8940796,1.76086,-1.13028,207.379,207.389556,8.49102368,-5.45031078,0
1,G12_G678,0.75,1.10,13000,19361,57.9674,59.9896,83.4204506,2.3964,1.56973,201.516,201.536362,11.8918597,7.7896048,0
1,G12_G678,0.75,1.10,13000,19654,-1.02851,62.3111,62.3195877,2.46934,0.845497,208.907,208.923304,11.8202837,4.04724112,0
1,G12_G678,0.75,1.10,13000,22639,-32.9842,57.345,66.1544139,-18.1333,4.81269,200.873,201.74722,-90.2724607,23.9588695,0
1,G12_G678,0.75,1.10,13000,24013,-44.4722,-77.9581,89.7509996,-19.2201,-11.3789,194.554,195.831945,-98.7905671,-58.4871038,0
1,G12_G678,0.75,1.10,13000,30079,-28.6122,-10.9979,30.6530878,-8.67683,5.44163,195.109,195.377636,-44.4717056,27.890205,0
1,G12_G678,0.75,1.10,13000,36512,84.2718,53.1548,99.6351797,0.844756,3.84477,203.734,203.772026,4.14636732,18.8715187,0
1,G12_G678,0.75,1.10,13000,37913,89.279,-122.626,151.683472,-8.54573,-8.82837,201.202,201.57682,-42.473385,-43.8781424,0
1,G12_G678,0.75,1.10,13000,38785,-33.3364,-117.046,121.700788,-1.2217,-1.87306,209.005,209.016963,-5.84531471,-8.96179517,0
1,G12_G678,0.75,1.10,13000,39689,-19.1546,-128.113,129.53702,-13.8604,-5.22223,195.947,196.506003,-70.735454,-26.6512373,0
1,G12_G678,0.75,1.10,13000,40760,-91.9745,-6.52805,92.2058788,-7.74223,4.86743,198.173,198.3839,-39.0680365,24.5615195,0
1,G12_G678,0.75,1.10,13000,48914,-9.68957,89.3027,89.8268334,16.6549,9.12655,198.569,199.47513,83.8746229,45.9616053,0
1,G12_G678,0.75,1.10,13000,60407,54.4701,-67.2776,86.5636601,-18.1086,-13.7879,195.39,196.711158,-92.6792569,-70.5660474,0
1,G12_G678,0.75,1.10,13000,61439,-121.065,-35.9188,126.281014,3.88533,-2.86093,196.236,196.295309,19.7992723,-14.5790273,0
1,G12_G678,0.75,1.10,13000,65981,26.6335,2.46874,26.7476728,2.13766,1.94072,192.577,192.598642,11.1002872,10.0776313,0
1,G12_G678,0.75,1.10,13000,68300,-98.5545,-82.4363,128.486315,-8.28308,-7.85552,209.373,209.683981,-39.561357,-37.5192599,0
1,G12_G678,0.75,1.10,13000,70474,-65.2628,40.1116,76.6040046,6.54139,-0.748478,190.014,190.128036,34.4258318,-3.93906765,0
1,G12_G678,0.75,1.10,13000,72767,88.6873,-136.572,162.841482,2.33067,-0.249229,194.102,194.116152,12.0074497,-1.28401047,0
1,G12_G678,0.75,1.10,13000,74572,29.4348,1.15535,29.4574657,29.8734,0.657384,196.282,198.543385,152.19633,3.34918128,0
1,G12_G678,0.75,1.10,13000,78997,110.75,73.7415,133.054017,0.758297,2.30964,201.756,201.770645,3.7584855,11.4476893,0
1,G12_G678,0.75,1.10,13000,81746,-83.1981,-10.2715,83.8297534,-23.0748,6.77462,204.198,205.609253,-113.002086,33.1767206,0
1,G12_G678,0.75,1.10,13000,84084,92.1005,74.619,118.534793,-6.48503,2.46689,209.222,209.337016,-30.9959278,11.7907773,0
1,G12_G678,0.75,1.10,13000,87806,151.512,60.8413,163.2714,25.0244,0.709694,207.522,209.026565,120.586733,3.41984946,0
1,G12_G678,0.75,1.10,13000,88258,-72.4433,59.9139,94.00908,-5.90523,-1.88033,197.907,198.00401,-29.8384089,-9.50107879,0
1,G12_G678,0.75,1.10,13000,89190,20.0645,-33.8546,39.3537559,4.35665,-7.38682,197.694,197.879921,22.0373405,-37.3649175,0
1,G12_G678,0.75,1.10,13000,91145,165.422,-5.85566,165.525608,35.8713,8.41557,201.393,204.735714,178.115923,41.7868049,0
1,G12_G678,0.75,1.10,13000,91584,48.0656,-0.21576,48.0660843,-16.5412,-0.649781,209.225,209.878856,-79.0593858,-3.10565659,0
1,G12_G678,0.75,1.10,13000,92073,38.8239,145.681,150.765543,9.17343,28.5645,201.113,203.33844,45.6133119,142.032091,0
1,G12_G678,0.75,1.10,13000,94538,-26.9873,-60.3432,66.1030721,-3.57747,-7.35878,200.274,200.441076,-17.8628779,-36.7435613,0
1,G12_G678,0.75,1.10,13000,97785,35.5925,181.549,185.005042,-1.83212,7.20577,196.863,197.003352,-9.30657361,36.6029675,0
1,G12_G678,0.75,1.10,13000,98146,-93.2111,-77.1071,120.970302,4.56363,-7.31619,205.871,206.051503,22.1674252,-35.5377397,0
1,G12_G678,0.75,1.10,13000,99864,-115.545,-40.5507,122.454099,-4.77753,0.522905,202.365,202.422063,-23.6084797,2.58396956,0
1,G12_G678,0.75,1.10,13000,101740,-187.587,-9.29817,187.817301,-31.8904,6.72023,198.557,201.213919,-160.610807,33.8453442,0
1,G12_G678,0.75,1.10,13000,105309,-12.4603,-19.3283,22.9965705,-3.8784,1.28125,195.636,195.678635,-19.8245722,6.54915251,0
1,G12_G678,0.75,1.10,13000,111680,-128.788,8.39748,129.061484,-3.20077,-2.23137,208.114,208.150573,-15.3798879,-10.721864,0
1,G12_G678,0.75,1.10,13000,117586,-67.0475,136.963,152.493379,-14.9662,5.07279,206.675,207.278257,-72.4141768,24.5447684,0
1,G12_G678,0.75,1.10,13000,120467,82.4318,-47.5915,95.1837829,-0.919911,0.183557,190.731,190.733307,-4.82308067,0.962386817,0
1,G12_G678,0.75,1.10,13000,122611,92.8045,75.8108,119.83302,-8.64225,7.7503,200.169,200.505322,-43.1747673,38.7187826,0
1,G12_G678,0.75,1.10,13000,124214,-71.9266,-5.55784,72.1410103,1.14378,-0.440692,198.352,198.355787,5.76641526,-2.22176736,0
1,G12_G678,0.75,1.10,13000,124463,-62.1621,120.023,135.165259,-2.15421,4.02141,195.809,195.862137,-11.0015883,20.5374115,0
1,G12_G678,0.75,1.10,13000,124581,-66.3453,13.4293,67.6908039,16.5636,12.4206,193.479,194.583523,85.6092909,64.1961143,0
1,G12_G678,0.75,1.10,13000,128704,-77.1653,101.582,127.567183,-20.2731,17.6654,206.799,208.539903,-98.0328725,85.4230436,0
1,G12_G678,0.75,1.10,13000,132821,17.4166,-32.6843,37.0351377,-5.51793,0.967792,202.723,202.800392,-27.2190625,4.7739625,0
1,G12_G678,0.75,1.10,13000,141149,79.2277,-108.99,134.74364,27.8219,-28.3994,190.108,194.220585,146.347865,-149.385612,0
1,G12_G678,0.75,1.10,13000,144025,-71.9157,22.1851,75.2598603,-5.30184,5.37471,207.557,207.694259,-25.5440192,25.8951035,0
1,G12_G678,0.75,1.10,13000,144189,17.8233,54.2463,57.099309,5.02826,-13.5481,196.674,197.2042,25.5664704,-68.8860754,0
1,G12_G678,0.75,1.10,13000,145543,2.12602,24.2081,24.3012771,2.19272,-12.4964,195.525,195.936198,11.214525,-63.9120317,0
1,G12_G678,0.75,1.10,13000,153393,-132.73,-128.215,184.543597,-26.8265,-13.5508,191.569,193.912266,-140.035705,-70.7358706,0
1,G12_G678,0.75,1.10,13000,161488,-56.2078,55.6821,79.1189803,-23.3821,6.06895,195.778,197.262718,-119.431703,30.9991419,0
1,G12_G678,0.75,1.10,13000,165212,-84.2002,26.1632,88.1713486,-20.5788,4.48204,205.258,206.335703,-100.258212,21.8361282,0
1,G12_G678,0.75,1.10,13000,165657,137.63,31.3377,141.152642,11.3268,-1.17427,203.584,203.902232,55.6369852,-5.76798766,0
1,G12_G678,0.75,1.10,13000,166222,27.4184,-100.536,104.207754,-8.76226,-6.91937,192.568,192.891393,-45.5021603,-35.9320863,0
1,G12_G678,0.75,1.10,13000,170216,59.5952,137.278,149.655729,2.59486,4.99388,190.775,190.857991,13.6016774,26.1768051,0
1,G12_G678,0.75,1.10,13000,171667,37.3169,-75.6684,84.3697682,-11.7294,3.254,190.401,190.789696,-61.603668,17.0902464,0
1,G12_G678,0.75,1.10,13000,174471,-32.8547,7.67115,33.7383736,-18.3136,-23.1495,198.278,200.463095,-92.3632476,-116.752741,0
1,G12_G678,0.75,1.10,13000,177133,-59.3414,-125.378,138.712093,6.21404,-5.66203,207.433,207.603281,29.9568535,-27.2957051,0
1,G12_G678,0.75,1.10,13000,178255,-73.2219,-111.66,133.526785,-2.85124,-2.65529,192.67,192.70939,-14.7985675,-13.7815436,0
1,G12_G678,0.75,1.10,13000,178856,30.4886,-163.836,166.648701,-3.2526,-0.907987,194.778,194.807272,-16.6990112,-4.6616507,0
1,G12_G678,0.75,1.10,13000,183338,-27.9135,-27.2096,38.9810956,-8.28295,-6.526,208.638,208.904311,-39.7001026,-31.2790575,0
1,G12_G678,0.75,1.10,13000,185232,68.7975,-107.058,127.257657,3.42579,-5.3409,198.535,198.63637,17.2553454,-26.9015539,0
1,G12_G678,0.75,1.10,13000,185920,-37.1986,9.8208,38.4731589,-25.9732,11.2049,195.637,197.671426,-132.762208,57.2739308,0
1,G12_G678,0.75,1.10,13000,195902,36.0257,34.1174,49.6170136,-8.2543,-5.58726,194.46,194.715286,-42.4472899,-28.7321814,0
1,G12_G678,0.75,1.10,13000,199585,-52.1236,126.004,136.35937,-2.93467,9.20835,209.078,209.301257,-14.0362448,44.0426539,0
1,G12_G678,0.75,1.10,13000,199613,-48.3093,66.6833,82.3434938,-16.4622,0.637277,189.647,190.361222,-86.8044314,3.36033262,0
1,G12_G678,0.75,1.10,13000,199782,-113.282,-34.8814,118.530686,-9.51941,-10.4162,199.256,199.755025,-47.7747722,-52.2754647,0
1,G12_G678,0.75,1.10,13000,208014,-59.7385,30.4781,67.0641705,-15.6152,2.98762,208.471,209.076345,-74.9034638,14.331106,0
1,G12_G678,0.75,1.10,13000,208522,-16.4805,96.2966,97.6966839,-1.56466,8.05152,206.149,206.312107,-7.58994708,39.0567987,0
1,G12_G678,0.75,1.10,13000,209996,53.9987,-57.0087,78.522936,0.224383,-0.0279167,194.69,194.690131,1.15251425,-0.143390518,0
1,G12_G678,0.75,1.10,13000,210007,-40.6536,-30.0602,50.5601703,-13.8634,1.26701,190.532,191.039897,-72.7615309,6.64985409,0
1,G12_G678,0.75,1.10,13000,219140,63.5924,-47.5496,79.4037644,6.82762,-1.94878,206.478,206.600045,33.067058,-9.43819681,0
1,G12_G678,0.75,1.10,13000,223567,-72.0847,110.824,132.205003,0.738602,-3.20606,203.865,203.891546,3.62299561,-15.7263876,0
1,G12_G678,0.75,1.10,13000,225463,-73.0073,-167.676,182.880581,-1.58331,-6.69362,191.09,191.213753,-8.28567691,-35.0286253,0
1,G12_G678,0.75,1.10,13000,225878,-130.731,-102.896,166.367609,-23.7481,-9.76455,193.123,194.822514,-122.968782,-50.5613003,0
1,G12_G678,0.75,1.10,13000,230024,65.3304,46.6666,80.2859435,11.1491,-3.90519,204.09,204.431605,54.6283502,-19.1346465,0
1,G12_G678,0.75,1.10,13000,230414,-89.1211,-162.985,185.759739,-4.64763,-7.62995,192.185,192.392544,-24.1831048,-39.7010693,0
1,G12_G678,0.75,1.10,13000,233115,-21.0969,-32.1134,38.4232957,-17.3529,10.6274,201.44,202.465153,-86.1442613,52.7571485,0
1,G12_G678,0.75,1.10,13000,236021,67.8681,171.77,184.691667,-5.88267,-0.526128,192.141,192.231752,-30.6164223,-2.73823911,0
1,G12_G678,0.75,1.10,13000,237204,-11.6356,128.685,129.20997,5.0983,26.7612,200.433,202.275906,25.4364301,133.516936,0
1,G12_G678,0.75,1.10,13000,238642,68.4227,182.83,195.213921,8.81408,24.1026,207.486,209.067127,42.4803601,116.164946,0
1,G12_G678,0.75,1.10,13000,239225,-82.2019,147.579,168.928131,-6.96777,-0.971279,201.178,201.300971,-34.6348507,-4.82795833,0
1,G12_G678,0.75,1.10,13000,240667,61.4926,136.466,149.68069,0.426287,2.30115,201.051,201.06462,2.12029286,11.4456034,0
1,G12_G678,0.75,1.10,13000,241338,115.943,109.132,159.224912,28.4074,17.4207,197.378,200.171267,143.923842,88.2605964,0
1,G12_G678,0.75,1.10,13000,243336,-80.5616,-1.25693,80.5714048,-0.0492101,2.83399,195.472,195.492549,-0.251750123,14.498189,0
1,G12_G678,0.75,1.10,13000,244500,-52.546,125.908,136.432791,-12.9331,4.41964,208.54,208.987392,-62.0173588,21.1932483,0
1,G12_G678,0.75,1.10,13000,249004,-57.6729,38.1351,69.1407929,-36.8927,11.7008,205.348,208.963588,-179.659407,56.9803456,0
1,G12_G678,0.75,1.10,13000,257218,-15.0401,-175.984,176.625516,16.5587,-11.3225,194.442,195.47399,85.1600992,-58.230732,0
1,G12_G678,0.75,1.10,13000,261956,13.5965,132.471,133.166928,1.21027,4.0962,200.404,200.449512,6.03915092,20.4397118,0
1,G12_G678,0.75,1.10,13000,267023,-58.7715,92.9417,109.964762,-6.70349,20.2788,204.145,205.25922,-32.8369051,99.3352764,0
1,G12_G678,0.75,1.10,13000,267450,124.133,-108.73,165.018831,21.5211,-17.1409,196.856,198.769346,109.324074,-87.0732922,0
1,G12_G678,0.75,1.10,13000,275842,-65.0565,145.362,159.255955,-0.826805,1.5423,198.882,198.889699,-4.15726411,7.75484961,0
1,G12_G678,0.75,1.10,13000,277896,-72.9521,-91.0251,116.651523,-1.42413,-0.1333,194.029,194.034272,-7.33977911,-0.687010705,0
1,G12_G678,0.75,1.10,13000,278352,93.6684,-18.077,95.3967876,4.51436,1.65755,196.222,196.280922,23.0063907,8.44731987,0
1,G12_G678,0.75,1.10,13000,279347,61.4367,58.9126,85.1185206,1.93026,-4.1951,205.916,205.967774,9.37401659,-20.3728705,0
1,G12_G678,0.75,1.10,13000,280970,-15.0549,129.665,130.536057,10.6897,6.67941,202.242,202.634426,52.8559844,33.0268194,0
1,G12_G678,0.75,1.10,13000,284735,-96.9202,63.0153,115.604728,-11.3929,20.6483,200.019,201.404446,-56.9590889,103.231693,0
1,G12_G678,0.75,1.10,13000,285556,80.8923,-75.0274,110.329846,8.46754,-7.78366,207.366,207.684719,40.8337915,-37.5358545,0
1,G12_G678,0.75,1.10,13000,288239,125.179,96.9713,158.34524,12.7213,-24.2946,205.709,207.528918,61.8412418,-118.101785,0
1,G12_G678,0.75,1.10,13000,293963,-84.5045,54.0045,100.287071,-21.255,10.4082,194.995,196.425955,-109.002795,53.3767533,0
1,G12_G678,0.75,1.10,13000,296434,-4.04863,115.927,115.997676,3.75197,-2.11632,191.164,191.212528,19.6269695,-11.0707037,0
1,G12_G678,0.75,1.10,13000,312985,104.55,-157.249,188.833129,5.9069,-11.0137,196.326,196.723388,30.0872019,-56.0990394,0
1,G12_G678,0.75,1.10,13000,313505,14.3912,53.6259,55.5233625,1.6812,0.881368,199.134,199.143047,8.44255627,4.4260046,0
1,G12_G678,0.75,1.10,13000,313872,15.1804,-7.35017,16.8662249,-3.8479,-3.64839,193.362,193.434692,-19.8999803,-18.8681851,1
1,G12_G678,0.75,1.10,13000,320074,-116.516,-19.2254,118.091466,-17.6868,-7.39887,202.183,203.08996,-87.4791649,-36.5949165,0
1,G12_G678,0.75,1.10,13000,322522,75.8705,-102.103,127.205957,11.0913,-8.79266,204.936,205.424176,54.1207987,-42.9044189,0
1,G12_G678,0.75,1.10,13000,324856,124.553,-82.1907,149.227213,8.5953,-2.23065,192.661,192.865538,44.6135959,-11.5781087,0
1,G12_G678,0.75,1.10,13000,328479,-64.745,20.024,67.7707577,-21.7438,-17.6191,203.783,205.695738,-106.700755,-86.4601071,0
1,G12_G678,0.75,1.10,13000,333903,1.17036,35.2499,35.2693237,6.76598,-1.71513,207.636,207.753288,32.5857751,-8.26027279,0
1,G12_G678,0.75,1.10,13000,335340,82.4099,156.768,177.108999,24.5596,14.2937,188.034,190.169054,130.612549,76.0165715,0
1,G12_G678,0.75,1.10,13000,336284,36.9836,55.9737,67.0883131,5.49933,-3.75701,200.686,200.796485,27.4026589,-18.7208375,0
1,G12_G678,0.75,1.10,13000,339213,-45.4771,74.4043,87.201872,-0.0787392,7.22619,194.222,194.356398,-0.405408244,37.2058263,0
1,G12_G678,0.75,1.10,13000,340543,4.41442,36.5192,36.7850387,-10.0872,8.97477,197.043,197.505043,-51.1928868,45.5472663,0
1,G12_G678,0.75,1.10,13000,346935,19.6199,127.566,129.065971,-12.0518,8.72289,208.05,208.581248,-57.9274213,41.9268926,0
1,G12_G678,0.75,1.10,13000,351677,51.7378,-138.817,148.145062,13.388,-22.2175,188.603,190.378432,70.9850851,-117.800353,0
1,G12_G678,0.75,1.10,13000,357517,49.931,-37.6329,62.5247145,21.2972,-2.70676,192.121,193.316776,110.853056,-14.0888294,0
1,G12_G678,0.75,1.10,13000,361323,21.6198,-184.134,185.398883,0.987661,-4.87927,206.753,206.812925,4.77700928,-23.5995125,0
1,G12_G678,0.75,1.10,13000,363513,-75.7507,-54.1057,93.0891794,-18.8896,-11.0284,202.2,203.379651,-93.4203759,-54.5420376,0
1,G12_G678,0.75,1.10,13000,365658,44.4857,121.815,129.683737,-8.88501,7.43899,209.391,209.711404,-42.432626,35.5267896,0
1,G12_G678,0.75,1.10,13000,365922,-23.2464,185.15,186.603638,3.78324,4.093,199.805,199.882725,18.9346613,20.4849728,0
1,G12_G678,0.75,1.10,13000,372753,21.6163,-90.6958,93.2362192,-14.328,-18.2291,199.446,200.789189,-71.838994,-91.3986743,0
1,G12_G678,0.75,1.10,13000,372888,140.489,-130.077,191.460662,22.3126,-1.11318,206.385,207.590606,108.111539,-5.39370594,0
1,G12_G678,0.75,1.10,13000,378439,32.9759,-51.2232,60.9198342,3.42804,-24.1732,192.169,193.713757,17.8386733,-125.791361,0
1,G12_G678,0.75,1.10,13000,384104,-68.4359,60.2622,91.1866501,-23.0842,10.7507,190.988,192.678162,-120.86728,56.289924,0
1,G12_G678,0.75,1.10,13000,385316,-22.1218,-188.278,189.57315,-4.53553,-8.15465,207.954,208.163242,-21.8102561,-39.2137203,0
1,G12_G678,0.75,1.10,13000,386560,40.6462,98.9314,106.955764,17.896,29.3977,195.245,198.255143,91.6591974,150.56826,0
1,G12_G678,0.75,1.10,13000,387712,39.7209,142.124,147.570259,3.39167,6.00423,193.313,193.435959,17.5449659,31.0596287,0
1,G12_G678,0.75,1.10,13000,390356,10.105,-23.2243,25.3274384,-0.858342,1.39113,200.601,200.60766,-4.27885205,6.93481089,0
1,G12_G678,0.75,1.10,13000,392988,124.501,17.2335,125.688076,0.681732,-0.880391,195.274,195.277175,3.49115602,-4.50849063,0
1,G12_G678,0.75,1.10,13000,393087,120.597,100.34,156.881331,25.2853,8.45327,206.611,208.324049,122.38119,40.9139397,0
1,G12_G678,0.75,1.10,13000,397336,44.2489,-56.9662,72.1326077,3.93524,-9.44645,197.209,197.474331,19.9546674,-47.9007043,0
1,G12_G678,0.75,1.10,13000,398516,176.161,-68.8909,189.152462,26.4361,-17.1279,200.248,202.710369,132.016799,-85.5334385,0
1,G12_G678,0.75,1.10,13000,400841,-30.5278,1.39874,30.5598273,3.24139,2.83444,206.272,206.316937,15.7141541,13.7412737,0
1,G12_G678,0.75,1.10,13000,401080,118.058,48.3391,127.571,13.6712,4.07451,209.315,209.800554,65.3140004,19.4659246,0
1,G12_G678,0.75,1.10,13000,402699,-68.907,-20.5482,71.9055156,-14.1584,-4.20355,192.758,193.322985,-73.4516855,-21.8073958,0
1,G12_G678,0.75,1.10,13000,402776,116.238,110.198,160.171383,10.8935,-0.997692,205.952,206.242309,52.8933926,-4.84429382,0
1,G12_G678,0.75,1.10,13000,403047,6.16753,-104.071,104.253592,6.89257,-6.00006,207.752,207.952883,33.1769129,-28.8808772,0
1,G12_G678,0.75,1.10,13000,403626,4.39292,127.749,127.824508,-8.33762,4.38214,195.464,195.690813,-42.6555274,22.4191667,0
1,G12_G678,0.75,1.10,13000,418377,-166.914,25.8799,168.908415,-26.8174,-1.69306,201.92,203.700088,-132.812005,-8.38480586,0
1,G12_G678,0.75,1.10,13000,423368,192.699,17.8527,193.524219,22.8965,6.44258,205.586,206.957387,111.371883,31.3376397,0
1,G12_G678,0.75,1.10,13000,426338,-18.8708,-109.37,110.986053,-16.0735,-1.3308,193.61,194.280623,-83.0199886,-6.8736119,0
1,G12_G678,0.75,1.10,13000,434561,16.4337,71.4641,73.3292853,-22.0383,-0.352904,202.228,203.425601,-108.977491,-1.74507981,0
1,G12_G678,0.75,1.10,13000,435005,-77.4445,-27.5929,82.2132514,-25.6725,-1.30249,192.825,194.530857,-133.138856,-6.75477765,0
1,G12_G678,0.75,1.10,13000,435240,11.5003,47.3894,48.7648658,-21.4692,-5.34416,190.95,192.227441,-112.433621,-27.9872218,0
1,G12_G678,0.75,1.10,13000,436170,53.0724,-103.318,116.152007,-1.97693,-5.88501,201.377,201.472672,-9.81705955,-29.2238438,0
1,G12_G678,0.75,1.10,13000,436685,-96.244,-12.8525,97.0983743,7.10313,-0.117448,195.515,195.644022,36.3303583,-0.600710943,0
1,G12_G678,0.75,1.10,13000,437013,-115.544,114.83,162.8998,-9.44603,-0.993729,197.415,197.643359,-47.8485931,-5.03370565,0
1,G12_G678,0.75,1.10,13000,442362,-20.9073,68.2046,71.3371057,10.165,9.17055,208.021,208.471012,48.8652588,44.0847318,0
1,G12_G678,0.75,1.10,13000,448237,-53.2635,27.0181,59.724184,-1.46732,-2.65512,197.307,197.330319,-7.43673565,-13.4567958,0
1,G12_G678,0.75,1.10,13000,448281,-149.723,-91.4076,175.420427,-20.6978,-15.3872,194.612,196.313513,-106.354182,-79.0660391,0
1,G12_G678,0.75,1.10,13000,451029,-49.8208,47.6704,68.9534564,-21.5959,4.55223,201.372,202.577857,-107.243807,22.6060723,0
1,G12_G678,0.75,1.10,13000,455455,79.4694,-180.247,196.98824,-6.83902,-4.93602,207.798,207.969097,-32.9118663,-23.7539341,0
1,G12_G678,0.75,1.10,13000,455716,-39.0711,128.26,134.079001,-5.07195,11.5752,198.996,199.396886,-25.4876982,58.1680034,0
1,G12_G678,0.75,1.10,13000,458215,-7.87483,-107.015,107.304348,16.7301,-17.2429,198.492,199.940711,84.2860166,-86.869496,0
1,G12_G678,0.75,1.10,13000,466563,17.3206,137.116,138.205646,-8.35484,8.0638,191.232,191.584201,-43.6895499,42.1676288,0
1,G12_G678,0.75,1.10,13000,466600,14.5882,169.16,169.787871,8.64574,25.5403,203.43,205.209212,42.499828,125.548346,0
1,G12_G678,0.75,1.10,13000,467194,165.137,-32.8854,168.379566,21.5938,-19.6244,193.307,195.496817,111.707284,-101.519345,0
1,G12_G678,0.75,1.10,13000,467753,-17.8894,-164.091,165.063282,-1.74314,-7.12073,201.989,202.121992,-8.62987588,-35.2530583,0
1,G12_G678,0.75,1.10,13000,470329,-73.732,-131.165,150.468153,3.20433,0.59768,199.34,199.366649,16.0746965,2.99829437,0
1,G12_G678,0.75,1.10,13000,472231,116.932,-114.366,163.562449,20.1164,-14.6154,204.414,205.920768,98.4100893,-71.4990167,0
1,G12_G678,0.75,1.10,13000,482580,-69.1796,-57.4921,89.9508678,5.28561,3.96386,197.095,197.205702,26.8175753,20.1114184,0
1,G12_G678,0.75,1.10,13000,483242,-37.2259,-103.078,109.593986,3.70468,-5.41908,194.343,194.453832,19.0625852,-27.8841018,0
1,G12_G678,0.75,1.10,13000,485841,-87.3833,-87.9561,123.98434,-10.3346,3.17739,193.734,194.035467,-53.3442762,16.4007866,0
1,G12_G678,0.75,1.10,13000,497875,60.2711,-132.519,145.581217,3.32575,-5.93821,206.788,206.899976,16.0828965,-28.7164149,0
1,G12_G678,0.75,1.10,13000,499214,142.402,-42.3236,148.558462,40.3593,-13.0763,188.332,193.051301,214.298685,-69.432173,0
1,G12_G678,0.75,1.10,13000,504191,37.4595,125.185,130.669424,11.6497,3.2997,204.3,204.65848,57.0225159,16.1512482,0
1,G12_G678,0.75,1.10,13000,504806,-114.502,-23.3911,116.866811,0.764692,-0.573448,193.727,193.729358,3.947266,-2.960083,0
1,G12_G678,0.75,1.10,13000,507165,-35.6643,52.1073,63.1435904,-9.24374,13.6247,196.262,196.951395,-47.0989799,69.4209781,0
1,G12_G678,0.75,1.10,13000,507440,-45.7399,146.597,153.566985,0.699777,16.1528,201.341,201.989111,3.47558123,80.2260841,0
1,G12_G678,0.75,1.10,13000,507883,-73.3102,-185.201,199.18282,-8.78494,-7.04466,200.758,201.073561,-43.7588539,-35.0903077,0
1,G12_G678,0.75,1.10,13000,509483,29.3042,-92.1707,96.7169793,-6.4589,0.34687,205.205,205.306916,-31.4753539,1.69035842,0
1,G12_G678,0.75,1.10,13000,510288,-66.9509,-111.288,129.874716,-14.1163,-1.75711,198.197,198.70684,-71.2235806,-8.86547223,0
1,G12_G678,0.75,1.10,13000,514647,-179.004,-32.6089,181.949917,-30.6813,-3.073,205.682,207.980457,-149.16862,-14.9405393,0
1,G12_G678,0.75,1.10,13000,518436,-178.995,-25.4588,180.796462,-37.3713,2.89089,188.7,192.386749,-198.046105,15.3200318,0
1,G12_G678,0.75,1.10,13000,518988,75.9195,-58.7646,96.0054618,-2.79345,3.68951,206.428,206.479866,-13.5323212,17.8731083,0
1,G12_G678,0.75,1.10,13000,521014,70.206,-86.0139,111.028255,-10.9842,-1.2814,190.059,190.380456,-57.7936325,-6.74211692,0
1,G12_G678,0.75,1.10,13000,521960,55.9678,186.786,194.99078,9.01672,5.51065,206.719,206.988921,43.6182451,26.6576851,0
1,G12_G678,0.75,1.10,13000,523941,142.557,-1.35369,142.563427,35.4376,-0.568647,199.879,202.996949,177.295264,-2.8449562,0
1,G12_G678,0.75,1.10,13000,526821,171.587,40.1855,176.229887,21.2389,-1.93693,205.621,206.724063,103.291493,-9.41990361,0
1,G12_G678,0.75,1.10,13000,526960,-102.776,153.857,185.026708,-17.718,3.81287,205.609,206.406217,-86.1732706,18.5442758,0
1,G12_G678,0.75,1.10,13000,529326,-3.67384,28.5692,28.8044491,7.87412,2.87331,208.915,209.083081,37.690544,13.7534883,0
1,G12_G678,0.75,1.10,13000,530246,127.045,52.2656,137.375853,4.27821,-4.3387,193.248,193.344038,22.1384439,-22.4514613,0
1,G12_G678,0.75,1.10,13000,533146,-3.07743,72.7392,72.8042704,2.70151,22.2063,193.238,194.528513,13.9802213,114.916838,0
1,G12_G678,0.75,1.10,13000,534284,107.337,53.3531,119.865695,3.86019,-0.500355,201.251,201.28864,19.180973,-2.48622367,0
1,G12_G678,0.75,1.10,13000,535827,-54.4727,-128.102,139.202721,2.4117,2.47396,206.409,206.437913,11.6840835,11.9857177,0
1,G12_G678,0.75,1.10,13000,539668,51.2852,-67.066,84.4276027,14.104,-17.4913,201.859,203.105697,69.8705532,-86.6510782,0
1,G12_G678,0.75,1.10,13000,543756,-33.8085,-98.1867,103.84432,-2.53018,-15.8242,201.856,202.491115,-12.5345791,-78.3935082,0
1,G12_G678,0.75,1.10,13000,544087,26.4579,9.23221,28.022387,-11.8797,0.0662714,200.644,200.995389,-59.2078507,0.330293455,0
1,G12_G678,0.75,1.10,13000,544801,-60.2386,-137.13,149.777588,8.02907,-9.88004,205.226,205.620505,39.1230643,-48.1422432,0
1,G12_G678,0.75,1.10,13000,548496,28.2461,-31.795,42.5295684,26.9619,12.9248,187.711,190.07739,143.635163,68.8547821,0
1,G12_G678,0.75,1.10,13000,553136,-70.8931,-162.522,177.311117,4.67657,-2.28719,190.033,190.104294,24.6092521,-12.0357517,0
1,G12_G678,0.75,1.10,13000,553683,-129.212,114.516,172.654728,-32.85,8.06985,201.282,204.104602,-163.203863,40.0922586,0
1,G12_G678,0.75,1.10,13000,554550,-102.988,-148.916,181.059391,-11.7732,-5.93409,202.99,203.417703,-57.9989162,-29.2334105,0
1,G12_G678,0.75,1.10,13000,556574,-107.944,-143.144,179.282213,-13.3138,-1.56599,207.828,208.259903,-64.0616279,-7.53502897,0
1,G12_G678,0.75,1.10,13000,556989,14.8359,-125.979,126.849566,3.16041,-5.96919,205.906,206.016748,15.3487999,-28.9898789,0
1,G12_G678,0.75,1.10,13000,563239,-88.3038,-121.468,150.173354,-6.45346,3.15949,207.097,207.221613,-31.161533,15.2560877,0
1,G12_G678,0.75,1.10,13000,563332,130.813,-58.1864,143.170172,20.8606,-7.14992,205.993,207.169983,101.26849,-34.709529,0
1,G12_G678,0.75,1.10,13000,563372,41.1387,173.226,178.043926,0.439855,2.94425,197.885,197.907391,2.22278091,14.8785911,0
1,G12_G678,0.75,1.10,13000,570864,-23.3915,124.686,126.861187,14.4276,22.2265,200.674,202.415976,71.8957115,110.759241,0
1,G12_G678,0.75,1.10,13000,576755,51.6778,-19.4836,55.2286672,21.3581,-7.12226,207.984,209.199042,102.691072,-34.2442688,0
1,G12_G678,0.75,1.10,13000,577760,-46.7505,-124.658,133.136119,2.79029,-3.47812,204.95,204.998501,13.6144913,-16.9705782,0
1,G12_G678,0.75,1.10,13000,579679,68.9107,-75.2543,102.03869,-0.533984,-20.5377,193.403,194.491138,-2.7609913,-106.191217,0
1,G12_G678,0.75,1.10,13000,588099,79.6088,-44.6135,91.2574677,6.96554,3.41343,209.823,209.966334,33.1972186,16.2681403,0
1,G12_G678,0.75,1.10,13000,588340,-91.6778,9.09596,92.1279301,-17.9615,3.04278,203.168,203.983113,-88.407131,14.9766696,0
1,G12_G678,0.75,1.10,13000,590148,-92.3154,-80.0365,122.18009,2.54896,-4.89699,203.446,203.52089,12.5289266,-24.0702201,0
1,G12_G678,0.75,1.10,13000,592361,-67.2116,44.7873,80.7669575,17.6771,-1.17395,199.761,200.545045,88.491247,-5.87677274,0
1,G12_G678,0.75,1.10,13000,596238,148.571,25.8747,150.807301,8.99766,-12.11,196.636,197.21391,45.7579487,-61.5858744,0
1,G12_G678,0.75,1.10,13000,597131,-68.3579,47.1113,83.0197391,10.15,-14.982,202.402,203.209381,50.1477258,-74.0210077,0
1,G12_G678,0.75,1.10,13000,597434,157.452,-36.5664,161.642302,8.58165,-2.67217,206.977,207.172063,41.4618532,-12.9104683,0
1,G12_G678,0.75,1.10,13000,600048,-81.1136,-155.49,175.375472,1.89168,1.22941,196.79,196.802932,9.61268357,6.24731948,0
1,G12_G678,0.75,1.10,13000,604559,65.7233,18.5417,68.2887019,19.0786,10.4441,196.954,198.151332,96.8683043,53.0281182,0
1,G12_G678,0.75,1.10,13000,605613,86.7484,-11.4517,87.5010076,29.9562,-4.25969,191.969,194.33892,156.04707,-22.1894681,0
1,G12_G678,0.75,1.10,13000,607713,29.6652,-50.7326,58.7692164,14.0719,-29.5129,206.089,208.666494,68.2806943,-143.204635,0
1,G12_G678,0.75,1.10,13000,610366,42.7115,-59.8422,73.5211611,0.342241,-2.5812,198.318,198.335092,1.72571829,-13.01546,0
1,G12_G678,0.75,1.10,13000,612570,-169.122,89.9572,191.558212,-20.2302,7.18234,206.76,207.871462,-97.843877,34.7375701,0
1,G12_G678,0.75,1.10,13000,615319,123.738,25.9696,126.433828,11.9975,1.16198,200.672,201.033683,59.786617,5.79044411,0
1,G12_G678,0.75,1.10,13000,615627,-41.1372,-33.0839,52.79028,-10.7904,-0.140027,197.038,197.333286,-54.7630406,-0.710659873,0
1,G12_G678,0.75,1.10,13000,618761,65.8374,90.5393,111.946095,-4.32795,5.19282,207.48,207.590094,-20.8596009,25.0280509,0
1,G12_G678,0.75,1.10,13000,620699,-25.2849,156.272,158.30434,0.412401,1.73641,195.096,195.104163,2.11383627,8.90028499,0
1,G12_G678,0.75,1.10,13000,623160,-70.566,115.861,135.65888,-7.71905,8.81299,201.522,201.862253,-38.3037584,43.7321484,0
1,G12_G678,0.75,1.10,13000,625276,-69.2683,87.4248,111.540096,-18.7514,15.9164,207.59,209.041993,-90.3290139,76.6722867,0
1,G12_G678,0.75,1.10,13000,631501,62.5224,-186.352,196.560724,4.00866,-16.7921,204.384,205.111832,19.6133748,-82.1595624,0
1,G12_G678,0.75,1.10,13000,632633,60.7924,24.333,65.4813774,-1.11318,-0.389295,198.565,198.568502,-5.60612394,-1.96054189,0
1,G12_G678,0.75,1.10,13000,635768,34.343,22.9304,41.2946109,3.72513,-3.28168,198.517,198.579066,18.7647909,-16.5309772,0
1,G12_G678,0.75,1.10,13000,648123,14.4861,-88.1734,89.3554451,-5.58919,0.721553,194.881,194.962468,-28.680015,3.70253129,0
1,G12_G678,0.75,1.10,13000,649642,-66.6796,-40.5948,78.0647606,1.20297,20.9555,190.106,191.261265,6.32789076,110.230608,0
1,G12_G678,0.75,1.10,13000,650751,-3.59768,108.44,108.499663,4.72242,3.52509,200.24,200.326696,23.5837994,17.6043248,0
1,G12_G678,0.75,1.10,13000,652140,83.504,-170.674,190.006664,19.4246,-2.84227,208.58,209.501814,93.1278167,-13.6267619,0
1,G12_G678,0.75,1.10,13000,654338,140.103,98.9004,171.493847,29.9151,13.7178,199.354,202.052242,150.060194,68.8112604,0
1,G12_G678,0.75,1.10,13000,654506,92.2102,-57.2653,108.545085,0.928852,-9.80635,196.483,196.729755,4.72739117,-49.9094069,0
1,G12_G678,0.75,1.10,13000,655452,16.2572,55.6551,57.9809168,5.05332,20.8663,190.775,191.979267,26.4883764,109.376491,0
1,G12_G678,0.75,1.10,13000,656587,-59.6495,-54.1939,80.5918212,-2.97823,-3.19938,195.915,195.963755,-15.2016436,-16.3304494,0
1,G12_G678,0.75,1.10,13000,667272,9.39072,-126.334,126.682537,-16.6706,-23.7944,190.412,192.615711,-87.5501544,-124.962712,0
1,G12_G678,0.75,1.10,13000,668383,-25.987,14.396,29.7080626,-7.35876,-0.0960014,204.586,204.718323,-35.9690301,-0.469247163,0
1,G12_G678,0.75,1.10,13000,670029,-32.9226,-148.014,151.631269,0.974394,-2.94447,198.788,198.812194,4.90167415,-14.8121114,0
1,G12_G678,0.75,1.10,13000,671541,15.4364,83.3329,84.7505438,14.8556,0.377552,198.604,199.159183,74.8001047,1.90102918,0
1,G12_G678,0.75,1.10,13000,673802,-45.6224,37.0783,58.7894864,-7.52496,-10.8232,197.818,198.256722,-38.0398144,-54.7129179,0
1,G12_G678,0.75,1.10,13000,675018,38.8216,-137.171,142.558759,-3.76688,-7.77415,208.4,208.57897,-18.0752399,-37.3039827,0
1,G12_G678,0.75,1.10,13000,678057,-46.058,141.378,148.691218,-1.55067,10.7517,208.171,208.454237,-7.44902028,51.6484044,0
1,G12_G678,0.75,1.10,13000,680961,-117.934,-82.897,144.153879,-19.9081,-15.4494,196.639,198.2471,-101.24187,-78.5673239,0
1,G12_G678,0.75,1.10,13000,682260,88.0936,3.42837,88.1602863,22.0983,-21.282,202.68,204.98888,109.030491,-105.00296,0
1,G12_G678,0.75,1.10,13000,685853,53.8649,-118.145,129.844786,-4.34762,-4.117,204.494,204.58164,-21.2603793,-20.13262,0
1,G12_G678,0.75,1.10,13000,686146,-36.0962,148.969,153.279805,-10.5702,19.2784,206.159,207.328047,-51.2720764,93.5122891,0
1,G12_G678,0.75,1.10,13000,687014,-18.361,-42.723,46.5014091,-2.09818,4.24338,200.812,200.867787,-10.4484792,21.1311077,0
1,G12_G678,0.75,1.10,13000,687255,12.8708,14.8189,19.6279721,-14.31,-14.691,189.812,190.916728,-75.3903863,-77.3976356,1
1,G12_G678,0.75,1.10,13000,689508,41.513,-104.963,112.874092,-6.71111,-5.89999,194.118,194.323562,-34.572322,-30.3938326,0
1,G12_G678,0.75,1.10,13000,690808,-67.4311,-71.886,98.562418,1.60739,-1.21443,192.183,192.193559,8.36385112,-6.31913333,0
1,G12_G678,0.75,1.10,13000,693506,-4.60603,-99.6077,99.7141385,-4.24305,-0.595722,200.203,200.248844,-21.1937384,-2.97558978,0
1,G12_G678,0.75,1.10,13000,698347,177.132,-34.3153,180.42529,25.1219,-14.6468,194.128,196.293961,129.408947,-75.4491882,0
1,G12_G678,0.75,1.10,13000,699192,38.5719,-105.843,112.652262,2.68467,-1.58152,194.448,194.472963,13.8066218,-8.1333827,0
1,G12_G678,0.75,1.10,13000,701754,86.703,149.055,172.437824,2.03587,6.53353,193.895,194.015728,10.4998582,33.6962273,0
1,G12_G678,0.75,1.10,13000,702460,31.3548,22.5179,38.6028406,25.0178,-0.755235,204.977,206.49947,122.051742,-3.68448655,0
1,G12_G678,0.75,1.10,13000,706174,88.9745,30.1649,93.948831,27.2174,-5.55307,203.756,205.640781,133.578398,-27.2535287,0
1,G12_G678,0.75,1.10,13000,707631,-117.31,59.5257,131.548261,-2.85489,9.97294,205.26,205.521964,-13.9086524,48.5868654,0
1,G12_G678,0.75,1.10,13000,708256,50.2894,83.3034,97.306116,1.48509,1.5242,192.807,192.818744,7.70246931,7.90531464,0
1,G12_G678,0.75,1.10,13000,713236,-125.993,0.553199,125.994214,-27.9238,-4.63884,195.999,198.032486,-142.469094,-23.6676718,0
1,G12_G678,0.75,1.10,13000,713451,88.0484,31.3688,93.4693659,18.3243,5.46313,189.606,190.567733,96.6440935,28.813065,0
1,G12_G678,0.75,1.10,13000,714139,29.0119,97.9306,102.137617,-2.23924,5.16807,193.621,193.702903,-11.5650678,26.6916812,0
1,G12_G678,0.75,1.10,13000,716449,115.884,51.5267,126.823114,32.4575,9.11083,193.158,196.077815,168.036012,47.167759,0
1,G12_G678,0.75,1.10,13000,717985,153.323,104.916,185.782963,28.7563,15.6808,194.573,197.310579,147.791831,80.5908322,0
1,G12_G678,0.75,1.10,13000,719731,76.0177,36.089,84.1493115,30.7965,3.69397,197.027,199.453525,156.305989,18.7485472,0
1,G12_G678,0.75,1.10,13000,719761,3.41437,-36.4552,36.6147447,-0.335476,1.01129,208.775,208.777719,-1.60687822,4.84392288,0
1,G12_G678,0.75,1.10,13000,721640,20.2326,54.114,57.7726847,-2.90115,2.57736,191.802,191.841254,-15.1257547,13.4376075,0
1,G12_G678,0.75,1.10,13000,722559,118.611,-31.2615,122.661529,33.8785,-4.14699,204.754,207.579264,165.459527,-20.2535237,0
1,G12_G678,0.75,1.10,13000,731822,-8.40003,-77.9394,78.3907557,-13.0404,-3.07393,197.825,198.278167,-65.9188677,-15.5386326,0
1,G12_G678,0.75,1.10,13000,733482,-5.14038,-39.2197,39.5551308,3.99838,1.3511,200.071,200.115511,19.9848054,6.75310265,0
1,G12_G678,0.75,1.10,13000,734694,38.2874,53.5179,65.8034241,-9.10445,7.07544,192.553,192.897928,-47.282826,36.7454155,0
1,G12_G678,0.75,1.10,13000,734866,-84.3504,15.99,85.8526067,0.247847,0.549172,204.195,204.195889,1.21377605,2.68944881,0
1,G12_G678,0.75,1.10,13000,735888,-108.193,-37.1203,114.383749,-2.85364,-1.26451,194.11,194.135093,-14.7011488,-6.51439905,0
1,G12_G678,0.75,1.10,13000,736821,-18.0368,-69.7565,72.050645,14.5592,-12.1383,190.847,191.786042,76.2872877,-63.6022573,0
1,G12_G678,0.75,1.10,13000,737349,-36.73,-126.797,132.009742,-3.02556,-0.779208,201.427,201.451229,-15.0206278,-3.86843869,0
1,G12_G678,0.75,1.10,13000,740848,-38.6132,17.9685,42.5892734,-4.59672,-6.29635,205.484,205.631827,-22.3702089,-30.6415585,0
1,G12_G678,0.75,1.10,13000,748647,18.212,-177.588,178.519396,-11.5395,-24.9766,197.049,198.960546,-58.5615761,-126.753244,0
1,G12_G678,0.75,1.10,13000,749221,-95.3931,-65.4272,115.674379,0.451685,-4.59559,205.198,205.249952,2.20121541,-22.3958811,0
1,G12_G678,0.75,1.10,13000,753761,-62.3128,-121.091,136.183389,2.04751,2.74697,193.446,193.476337,10.5844008,14.2001902,0
1,G12_G678,0.75,1.10,13000,755846,15.6627,46.866,49.4139872,-1.02012,-0.131221,190.831,190.833772,-5.34567235,-0.687629368,0
1,G12_G678,0.75,1.10,13000,756440,-55.6577,54.3776,77.8119718,-17.9084,-16.8491,200.232,201.736107,-89.4382516,-84.1478884,0
1,G12_G678,0.75,1.10,13000,758988,-79.6,183.08,199.635784,2.32715,4.82806,200.792,200.863518,11.5898542,24.0450815,0
1,G12_G678,0.75,1.10,13000,760978,3.06342,157.823,157.852728,-12.5295,3.90498,191.918,192.366203,-65.2856949,20.3471274,0
1,G12_G678,0.75,1.10,13000,764410,-186.151,-67.8699,198.137624,-13.7916,-2.36657,189.851,190.365992,-72.6443369,-12.4654071,0
1,G12_G678,0.75,1.10,13000,765154,-84.1467,31.4464,89.8306362,-3.81192,1.10469,194.627,194.667461,-19.5857718,5.67593397,0
1,G12_G678,0.75,1.10,13000,765568,-95.3934,67.8505,117.062339,-3.38893,6.81774,193.452,193.601763,-17.5181957,35.2425408,0
1,G12_G678,0.75,1.10,13000,765860,42.9709,-43.2765,60.9865042,23.5175,-7.5847,201.241,202.752412,116.862369,-37.6896358,0
1,G12_G678,0.75,1.10,13000,773680,14.3519,17.7367,22.8159497,6.16881,-5.00087,195.805,195.965969,31.5048645,-25.5400526,0
1,G12_G678,0.75,1.10,13000,776271,60.4762,-15.4082,62.4081997,20.4954,-21.605,198.789,201.007224,103.101278,-108.683076,0
1,G12_G678,0.75,1.10,13000,780053,-116.076,-27.5776,119.307006,-29.2954,-11.7911,197.111,199.62464,-148.623872,-59.819594,0
1,G12_G678,0.75,1.10,13000,781408,-96.5146,122.83,156.212282,-2.91748,3.61492,204.174,204.226839,-14.2891847,17.7050947,0
1,G12_G678,0.75,1.10,13000,783948,-101.338,-93.3088,137.753121,3.79921,-20.6034,200.38,201.472277,18.960026,-102.821639,0
1,G12_G678,0.75,1.10,13000,786686,22.5101,-2.77568,22.6805864,-1.23533,28.4483,190.45,192.566961,-6.48637438,149.374114,0
1,G12_G678,0.75,1.10,13000,791195,72.3527,54.7451,90.7300346,1.60668,2.73794,209.642,209.666034,7.66392231,13.0600738,0
1,G12_G678,0.75,1.10,13000,792076,178.353,36.4467,182.038882,19.3256,-2.65089,189.851,190.850487,101.793512,-13.9630026,0
1,G12_G678,0.75,1.10,13000,793517,-115.64,107.198,157.683293,-5.03193,2.69803,199.901,199.982523,-25.1721102,13.4968309,0
1,G12_G678,0.75,1.10,13000,794562,110.111,-101.031,149.437931,11.5841,-4.136,190.214,190.611289,60.9003543,-21.7439305,0
1,G12_G678,0.75,1.10,13000,794707,20.3429,-1.59892,20.4056396,18.9476,25.1704,200.196,202.659811,94.6452477,125.728786,0
1,G12_G678,0.75,1.10,13000,804506,-27.882,15.7804,32.0378986,-17.3403,10.0565,203.294,204.279881,-85.2966639,49.4677659,0
1,G12_G678,0.75,1.10,13000,807313,7.91285,-179.712,179.88612,-4.95399,-2.7538,205.145,205.223284,-24.1487241,-13.4236759,0
1,G12_G678,0.75,1.10,13000,810646,17.307,-144.192,145.226943,17.8613,6.03815,208.244,209.095789,85.7710186,28.9955533,0
1,G12_G678,0.75,1.10,13000,816028,-55.4482,-156.662,166.185093,-19.2079,-2.10925,207.402,208.300221,-92.6119324,-10.1698634,0
1,G12_G678,0.75,1.10,13000,818888,-3.76231,58.2313,58.3527144,-9.46813,-0.56367,209.103,209.318006,-45.2797425,-2.69565716,0
1,G12_G678,0.75,1.10,13000,820529,-105.438,-51.4843,117.33629,-1.25001,0.181176,198.305,198.309022,-6.30347192,0.913622955,0
1,G12_G678,0.75,1.10,13000,820774,-12.7751,-11.142,16.9513228,-10.4363,-0.15313,205.281,205.546172,-50.8390937,-0.745953108,1
1,G12_G678,0.75,1.10,13000,823918,-82.4654,-104.6,133.197981,8.71919,-2.15924,190.574,190.785576,45.7522537,-11.3301919,0
1,G12_G678,0.75,1.10,13000,827822,-53.5504,-7.17768,54.0292923,-0.448012,-1.10884,204.912,204.91549,-2.18636293,-5.41129851,0
1,G12_G678,0.75,1.10,13000,828665,77.7383,31.4291,83.8512469,-4.51613,5.10742,191.898,192.019071,-23.5340129,26.6152852,0
1,G12_G678,0.75,1.10,13000,831236,22.0353,-128.352,130.22976,-1.26474,-5.16284,209.234,209.301508,-6.0446199,-24.6749572,0
1,G12_G678,0.75,1.10,13000,831272,123.082,-23.7327,125.349191,9.8411,-0.596054,205.819,206.055001,47.8143417,-2.89601057,0
1,G12_G678,0.75,1.10,13000,831740,-94.822,-32.8478,100.350335,-5.6736,-2.7568,200.503,200.6022,-28.2968335,-13.7494202,0
1,G12_G678,0.75,1.10,13000,835529,-15.6573,61.3168,63.2842872,-1.56848,3.05916,209.518,209.546202,-7.48613484,14.6009412,0
1,G12_G678,0.75,1.10,13000,837225,-20.9511,-145.399,146.900707,12.3074,-0.619762,209.002,209.364974,58.8865178,-2.96534004,0
1,G12_G678,0.75,1.10,13000,837952,-155.488,27.5121,157.903242,-15.0429,7.8345,191.469,192.218746,-78.5657208,40.9178509,0
1,G12_G678,0.75,1.10,13000,850941,-27.4818,-137.864,140.576427,-7.37432,-1.47744,206.314,206.451035,-35.7431876,-7.16112334,0
1,G12_G678,0.75,1.10,13000,852533,30.0999,-37.6504,48.2032841,-2.4866,-2.15087,203.222,203.248593,-12.23588,-10.5838443,0
1,G12_G678,0.75,1.10,13000,854699,197.325,8.0066,197.48737,31.7153,10.3095,196.292,199.104735,161.572046,52.5212439,0
1,G12_G678,0.75,1.10,13000,856884,38.7248,-79.5511,88.4759156,18.2479,1.64933,191.8,192.673159,95.1402503,8.59921794,0
1,G12_G678,0.75,1.10,13000,858277,74.2453,-100.549,124.989863,24.0118,-8.85749,204.772,206.365195,117.261149,-43.2553767,0
1,G12_G678,0.75,1.10,13000,858741,10.0738,44.0562,45.193254,-1.53033,-5.63727,197.365,197.451422,-7.7538064,-28.5626631,0
1,G12_G678,0.75,1.10,13000,861374,-57.0767,-78.5548,97.1010107,0.358798,-8.01238,201.514,201.673546,1.78051153,-39.7609099,0
1,G12_G678,0.75,1.10,13000,863004,-36.0781,-132.702,137.518908,-11.9514,-19.511,197.778,199.097093,-60.4283591,-98.6510128,0
1,G12_G678,0.75,1.10,13000,865043,20.5398,-59.6632,63.0997688,7.02774,-5.37751,193.348,193.550396,36.3476219,-27.812597,0
1,G12_G678,0.75,1.10,13000,869380,-3.33174,12.8125,13.2386044,1.1176,16.3216,190.134,190.836531,5.87795975,85.8426163,1
1,G12_G678,0.75,1.10,13000,873957,5.1089,5.70073,7.65501024,1.10156,0.502067,204.854,204.857577,5.3772931,2.4508528,1
1,G12_G678,0.75,1.10,13000,874736,-29.7348,19.8936,35.7758809,-3.77229,4.46555,207.9,207.982166,-18.144733,21.479317,0
1,G12_G678,0.75,1.10,13000,876116,32.0511,-14.7965,35.3016915,-8.25577,-27.6484,199.995,202.065811,-41.279882,-138.245456,0
1,G12_G678,0.75,1.10,13000,877098,26.2059,-85.5614,89.4846488,1.95459,-1.83735,204.247,204.264616,9.56973664,-8.99572576,0
1,G12_G678,0.75,1.10,13000,877124,-92.563,156.41,181.747069,-4.45136,-1.19133,196.063,196.117143,-22.7037228,-6.0762612,0
1,G12_G678,0.75,1.10,13000,877793,65.6832,2.61025,65.7350452,0.79342,1.45012,201.805,201.81177,3.93161716,7.18574862,0
1,G12_G678,0.75,1.10,13000,881599,3.6241,-7.23721,8.09390569,-12.2441,-2.32108,194.124,194.523605,-63.0736024,-11.9566875,1
1,G12_G678,0.75,1.10,13000,883827,-66.8604,51.844,84.6056347,-0.901875,2.45554,204.973,204.989692,-4.39996975,11.9798217,0
1,G12_G678,0.75,1.10,13000,886153,-24.0454,9.8538,25.9861239,-2.92359,3.31638,193.994,194.044371,-15.0705176,17.095271,0
1,G12_G678,0.75,1.10,13000,889156,23.9672,-22.9493,33.1827824,7.43592,-2.48338,195.238,195.395334,38.0864381,-12.7197574,0
1,G12_G678,0.75,1.10,13000,889389,27.2176,144.123,146.670504,3.71661,6.59922,202.129,202.270847,18.387317,32.6485561,0
1,G12_G678,0.75,1.10,13000,889643,143.544,-38.295,148.56442,8.98723,-4.75471,202.438,202.693171,44.3949753,-23.4872405,0
1,G12_G678,0.75,1.10,13000,893272,116.432,132.506,176.39232,6.54939,2.08873,197.309,197.428718,33.1935695,10.5860858,0
1,G12_G678,0.75,1.10,13000,894111,126.818,-111.261,168.706299,17.7899,-3.02027,208.653,209.431796,85.260696,-14.4750854,0
1,G12_G678,0.75,1.10,13000,897838,67.0607,-132.969,148.922438,25.3125,0.379052,207.095,208.636539,122.226514,1.83032908,0
1,G12_G678,0.75,1.10,13000,899920,70.7729,-46.8511,84.875373,-7.40406,-2.58735,200.549,200.702307,-36.9189575,-12.9013358,0
1,G12_G678,0.75,1.10,13000,901399,134.336,69.7937,151.38468,16.7122,6.42178,198.341,199.147406,84.2599362,32.3774711,0
1,G12_G678,0.75,1.10,13000,902213,114.841,124.154,169.123242,17.4324,9.42744,204.038,204.998221,85.4370264,46.2043345,0
1,G12_G678,0.75,1.10,13000,902373,102.058,-160.552,190.244001,9.70309,-8.11158,198.558,198.960366,48.8677867,-40.8524461,0
1,G12_G678,0.75,1.10,13000,903262,3.62413,-15.5149,15.9325591,6.26556,3.35599,196.581,196.709454,31.8726632,17.0717923,1
1,G12_G678,0.75,1.10,13000,903349,58.0975,-80.4691,99.2501666,1.69224,-8.04008,200.449,200.617318,8.44224716,-40.1103523,0
1,G12_G678,0.75,1.10,13000,907088,25.698,-94.7386,98.1620575,-13.3696,2.35411,191.405,191.885805,-69.8497949,12.299104,0
1,G12_G678,0.75,1.10,13000,909611,-72.0358,100.239,123.438299,-5.99046,6.12496,200.729,200.911752,-29.8435204,30.513578,0
1,G12_G678,0.75,1.10,13000,912055,-135.548,-45.3595,142.936155,-37.0505,-12.1575,199.015,202.799198,-186.169384,-61.0883602,0
1,G12_G678,0.75,1.10,13000,912070,57.3183,-29.3975,64.417393,11.203,21.4656,189.065,190.609164,59.2547537,113.535557,0
1,G12_G678,0.75,1.10,13000,918022,28.3611,-2.91778,28.510795,-12.1696,-0.00504861,201.417,201.784308,-60.4199248,-0.0250654612,0
1,G12_G678,0.75,1.10,13000,923974,115.415,22.642,117.614975,37.4272,3.69654,192.972,196.602778,193.951454,19.1558361,0
1,G12_G678,0.75,1.10,13000,938441,33.9257,-17.0047,37.94882,-1.64488,11.1847,190.141,190.476778,-8.65084332,58.8231891,0
1,G12_G678,0.75,1.10,13000,938809,67.8325,-102.807,123.168695,3.70589,3.05786,208.72,208.775292,17.7553181,14.6505366,0
1,G12_G678,0.75,1.10,13000,939486,-1.22439,-180.792,180.796146,-7.01536,-7.54463,195.141,195.41276,-35.9502104,-38.6624543,0
1,G12_G678,0.75,1.10,13000,940104,-75.7308,39.2312,85.2891618,-24.2362,1.62832,198.618,200.097863,-122.024187,8.19824991,0
1,G12_G678,0.75,1.10,13000,947543,-76.4027,-56.2247,94.8608953,-8.28087,2.4249,192.805,192.997982,-42.9494567,12.576956,0
1,G12_G678,0.75,1.10,13000,949764,20.6295,-61.0763,64.4661981,-5.50972,-22.29,201.368,202.672821,-27.3614477,-110.692861,0
1,G12_G678,0.75,1.10,13000,956822,41.3227,-56.045,69.6319435,29.7351,-11.876,188.908,191.602317,157.405192,-62.8665806,0
1,G12_G678,0.75,1.10,13000,960180,35.1598,-99.3736,105.410265,14.3451,-8.38945,193.575,194.287018,74.1061604,-43.3395325,0
1,G12_G678,0.75,1.10,13000,960316,-100.185,-113.712,151.550167,3.12948,-2.30115,206.185,206.221588,15.1780197,-11.1606082,0
1,G12_G678,0.75,1.10,13000,960408,-36.1193,145.767,150.175305,0.912358,10.6959,194.438,194.734102,4.69228237,55.0093089,0
1,G12_G678,0.75,1.10,13000,961322,149.613,-94.0434,176.715056,29.3657,-8.14086,195.721,198.079095,150.038575,-41.5942081,0
1,G12_G678,0.75,1.10,13000,962476,107.734,-16.139,108.936138,4.61792,7.0241,200.48,200.656158,23.0343176,35.0364126,0
1,G12_G678,0.75,1.10,13000,963488,159.342,-44.6544,165.48078,5.41115,-2.37023,206.206,206.290603,26.241477,-11.4944764,0
1,G12_G678,0.75,1.10,13000,964159,97.8091,173.362,199.050253,6.11893,4.72077,200.153,200.302148,30.571263,23.5858069,0
1,G12_G678,0.75,1.10,13000,972374,-82.1428,-85.9587,118.896332,-22.3725,-6.71118,191.968,193.383768,-116.542861,-34.9598891,0
1,G12_G678,0.75,1.10,13000,973157,127.529,83.7175,152.552501,19.9725,-3.91292,197.624,198.669215,101.06313,-19.7998219,0
1,G12_G678,0.75,1.10,13000,978401,-30.527,22.0347,37.6487149,-15.0575,-6.18297,208.692,209.325842,-72.1517835,-29.6272497,0
1,G12_G678,0.75,1.10,13000,981677,-9.15299,-65.6959,66.3304493,-5.18108,-6.03474,197.229,197.389311,-26.269362,-30.5976302,0
1,G12_G678,0.75,1.10,13000,984109,-165.611,91.7543,189.330016,-20.4563,15.0862,191.083,192.766093,-107.054526,78.9510318,0
1,G12_G678,0.75,1.10,13000,991704,-92.2228,-10.7075,92.8423147,0.644804,0.0894828,196.57,196.571078,3.28027675,0.455221041,0
1,G12_G678,0.75,1.10,13000,991941,27.4458,-55.9575,62.3258674,16.4459,-7.86417,191.687,192.55186,85.7955939,-41.0260998,0
1,G12_G678,0.75,1.10,13000,993165,46.6464,145.978,153.249676,9.51602,33.453,202.441,205.406953,47.006387,165.248146,0
1,G12_G678,0.75,1.10,13000,993903,-104.736,-119.707,159.057837,-2.92565,-10.0199,202.407,202.675977,-14.4542926,-49.5037227,0
1,G12_G678,0.75,1.10,13000,994535,-27.2696,123.012,125.998346,-10.5462,-18.5678,195.923,197.08325,-53.8282897,-94.7709049,0
1,G12_G678,0.75,1.10,13000,999537,-56.8801,118.029,131.01981,-0.453832,2.03943,200.179,200.189903,-2.26713092,10.1880317,0
1,G12_G678,0.75,1.10,14000,6936,24.1648,-159.388,161.209405,8.418,-21.5745,192.357,193.746064,43.7623793,-112.158643,0
1,G12_G678,0.75,1.10,14000,9249,100.412,149.866,180.395088,16.7648,9.54163,198.386,199.321615,84.5059631,48.096287,0
1,G12_G678,0.75,1.10,14000,10212,182.5,10.9126,182.825969,13.8455,0.162648,190.798,191.299768,72.5662743,0.852461766,0
1,G12_G678,0.75,1.10,14000,14743,42.9464,-11.3628,44.4241657,14.2918,-1.11548,206.893,207.389039,69.0782192,-5.39157922,0
1,G12_G678,0.75,1.10,14000,19361,77.2574,67.3864,102.5165,10.2031,1.4317,201.272,201.535533,50.6930919,7.11325967,0
1,G12_G678,0.75,1.10,14000,19654,27.5076,65.7728,71.2932625,16.6483,0.70364,208.257,208.922567,79.9411304,3.37870996,0
1,G12_G678,0.75,1.10,14000,22639,-102.029,79.6745,129.452473,-2.10234,4.67202,201.682,201.747061,-10.4240339,23.16528,0
1,G12_G678,0.75,1.10,14000,24013,-123.917,-132.557,181.457381,-5.19556,-11.1779,195.444,195.832317,-26.5833691,-57.1923415,0
1,G12_G678,0.75,1.10,14000,30079,-60.4296,16.1908,62.5609987,2.78973,5.45923,195.281,195.377211,14.2857216,27.9557663,0
1,G12_G678,0.75,1.10,14000,33454,75.229,144.232,162.672285,27.1564,20.1981,199.647,202.495328,136.022079,101.169063,0
1,G12_G678,0.75,1.10,14000,36512,95.5856,72.2079,119.793939,8.58555,3.71971,203.557,203.771932,42.177621,18.2735548,0
1,G12_G678,0.75,1.10,14000,37913,52.6014,-166.408,174.523723,-0.444939,-8.54795,201.395,201.576813,-2.20928524,-42.4437052,0
1,G12_G678,0.75,1.10,14000,38225,52.8462,3.27241,52.9474222,19.3403,20.8018,195.051,197.108231,99.1550928,106.648005,0
1,G12_G678,0.75,1.10,14000,38785,-19.5944,-124.753,126.282428,15.3456,-1.60543,208.447,209.017264,73.6187136,-7.70186186,0
1,G12_G678,0.75,1.10,14000,39689,-75.2618,-152.612,170.160986,-1.52969,-4.92036,196.439,196.506566,-7.7870993,-25.0477756,0
1,G12_G678,0.75,1.10,14000,40760,-111.432,16.7263,112.680343,8.18909,4.8758,198.155,198.384069,41.3266887,24.6059903,0
1,G12_G678,0.75,1.10,14000,48914,82.7839,135.268,158.589426,23.9575,8.91254,197.83,199.47457,121.101451,45.0515089,0
1,G12_G678,0.75,1.10,14000,49688,113.545,-83.9881,141.231965,34.6637,14.7125,187.316,191.063638,185.054667,78.5437443,0
1,G12_G678,0.75,1.10,14000,54936,-38.5261,91.8543,99.6065902,-2.17115,27.6668,204.658,206.531021,-10.608674,135.185529,0
1,G12_G678,0.75,1.10,14000,55360,48.8865,26.5931,55.6514407,24.156,-8.63215,193.103,194.799371,125.093862,-44.7023091,0
1,G12_G678,0.75,1.10,14000,60407,-30.1647,-136.726,140.013957,-9.01335,-13.6219,196.032,196.711316,-45.9789728,-69.4881448,0
1,G12_G678,0.75,1.10,14000,61439,-86.2578,-49.4137,99.4088618,18.2692,-2.77691,195.424,196.295733,93.4849353,-14.2096672,0
1,G12_G678,0.75,1.10,14000,65981,40.5695,12.6493,42.4957541,7.57018,1.93245,192.44,192.598535,39.3378715,10.0418312,0
1,G12_G678,0.75,1.10,14000,68300,-111.343,-117.031,161.534884,13.1027,-7.65216,209.134,209.683729,62.6521752,-36.5897463,0
1,G12_G678,0.75,1.10,14000,70474,-24.4805,35.8547,43.4149098,14.7217,-0.836862,189.555,190.127659,77.6645301,-4.41487695,0
1,G12_G678,0.75,1.10,14000,71217,37.4809,-38.1917,53.5109691,-10.5912,0.232518,195.307,195.5941,-54.2284711,1.19052569,0
1,G12_G678,0.75,1.10,14000,72767,99.6578,-136.43,168.952129,5.2115,0.0611612,194.046,194.11598,26.8570339,0.315189182,0
1,G12_G678,0.75,1.10,14000,74572,188.765,4.68829,188.823212,31.6111,0.653685,196.01,198.543721,161.272894,3.3349574,0
1,G12_G678,0.75,1.10,14000,77404,62.3176,53.9346,82.4161656,-6.65335,15.8159,189.413,190.188576,-35.1261529,83.4995486,0
1,G12_G678,0.75,1.10,14000,78997,117.977,84.9904,145.402684,6.25505,2.14009,201.662,201.770334,31.0174946,10.6122621,0
1,G12_G678,0.75,1.10,14000,81746,-165.051,20.5446,166.324722,-2.06887,6.78992,205.487,205.609558,-10.0681308,33.0430636,0
1,G12_G678,0.75,1.10,14000,84084,72.1823,86.0592,112.323062,4.67369,2.29907,209.272,209.336808,22.333088,10.9860373,0
1,G12_G678,0.75,1.10,14000,88258,-85.2648,50.247,98.96892,8.5557,-2.01588,197.809,198.004203,43.2523293,-10.1910429,0
1,G12_G678,0.75,1.10,14000,89190,49.1272,-71.3948,86.6642905,12.0262,-7.30017,197.379,197.87974,60.9294808,-36.9855456,0
1,G12_G678,0.75,1.10,14000,91584,-13.6582,-3.30736,14.0529377,-1.26867,-0.648493,209.874,209.878836,-6.04491266,-3.08991585,1
1,G12_G678,0.75,1.10,14000,94538,-30.7249,-95.7794,100.586843,9.16804,-7.21183,200.101,200.440699,45.8170624,-36.0409493,0
1,G12_G678,0.75,1.10,14000,98146,-51.58,-110.65,122.081608,21.7438,-7.13454,204.777,206.051727,106.182823,-34.8405338,0
1,G12_G678,0.75,1.10,14000,99864,-116.792,-37.7437,122.739391,13.6987,0.616214,201.957,202.421995,67.8297855,3.05121387,0
1,G12_G678,0.75,1.10,14000,105309,-22.4596,-12.6768,25.7902092,6.08772,1.3233,195.58,195.679196,31.1264956,6.76602925,0
1,G12_G678,0.75,1.10,14000,111680,-118.46,-1.71471,118.47241,18.2524,-2.24777,207.336,208.149993,88.0329513,-10.841195,0
1,G12_G678,0.75,1.10,14000,117586,-113.375,158.886,195.188759,4.81469,4.7424,207.168,207.278199,23.2405101,22.8915663,0
1,G12_G678,0.75,1.10,14000,119123,13.5098,119.416,120.177767,3.65384,22.484,193.725,195.059623,18.8609627,116.061427,0
1,G12_G678,0.75,1.10,14000,120181,-88.9632,79.5575,119.347588,20.3158,-24.3005,206.091,208.510782,98.5768423,-117.911505,0
1,G12_G678,0.75,1.10,14000,120467,74.5043,-46.0831,87.6044681,1.38028,0.290217,190.728,190.733215,7.23690281,1.52162766,0
1,G12_G678,0.75,1.10,14000,122611,54.2909,114.812,127.00117,-1.1727,7.57427,200.359,200.505545,-5.85299388,37.8034927,0
1,G12_G678,0.75,1.10,14000,124214,-51.6874,-7.65302,52.2508951,14.4604,-0.42754,197.827,198.355257,73.0961901,-2.16118123,0
1,G12_G678,0.75,1.10,14000,124463,-59.8939,138.679,151.060069,10.1304,3.74248,195.564,195.861965,51.800945,19.1368555,0
1,G12_G678,0.75,1.10,14000,124581,26.2511,77.0915,81.4384407,24.4785,12.3747,192.641,194.583877,127.067966,64.2371043,0
1,G12_G678,0.75,1.10,14000,127585,63.6513,-60.3489,87.7124719,-1.98173,-4.46905,200.15,200.209695,-9.90122408,-22.3285036,0
1,G12_G678,0.75,1.10,14000,132821,2.96409,-27.5995,27.7582101,6.39628,1.04016,202.697,202.800562,31.5558691,5.13160037,0
1,G12_G678,0.75,1.10,14000,144025,-74.8388,46.8017,88.2680299,13.3514,5.3166,207.196,207.693785,64.4385027,25.6597618,0
1,G12_G678,0.75,1.10,14000,144189,49.6862,-16.164,52.2493384,12.2193,-13.6527,196.351,197.204013,62.2319214,-69.5321134,0
1,G12_G678,0.75,1.10,14000,145543,20.3519,-40.0906,44.9606054,10.2114,-12.5341,195.269,195.937129,52.2940149,-64.1888881,0
1,G12_G678,0.75,1.10,14000,161488,-151.575,84.1203,173.352835,-7.42971,5.92529,197.034,197.26304,-37.707756,30.072424,0
1,G12_G678,0.75,1.10,14000,165212,-154.306,46.2065,161.075704,0.48776,4.41181,206.288,206.335748,2.36446134,21.3866536,0
1,G12_G678,0.75,1.10,14000,165657,197.361,24.7601,198.908086,14.2934,-1.24734,203.397,203.90242,70.2734062,-6.13253883,0
1,G12_G678,0.75,1.10,14000,166222,-12.5807,-135.282,135.865719,-1.30136,-6.68436,192.771,192.891246,-6.75080795,-34.6751327,0
1,G12_G678,0.75,1.10,14000,170216,71.798,162.704,177.841346,5.43001,4.67557,190.723,190.857561,28.4706616,24.5149772,0
1,G12_G678,0.75,1.10,14000,171667,-20.4357,-57.8855,61.3868793,-5.18889,3.4182,190.688,190.789208,-27.2114134,17.9256167,0
1,G12_G678,0.75,1.10,14000,174471,-105.469,-103.841,148.008997,-3.4057,-23.1346,199.095,200.463532,-17.1059042,-116.1988,0
1,G12_G678,0.75,1.10,14000,177133,-11.0478,-151.012,151.415581,22.0509,-5.3745,206.359,207.603382,106.856982,-26.0444177,0
1,G12_G678,0.75,1.10,14000,178255,-75.7636,-123.768,145.115957,8.72288,-2.39628,192.497,192.709434,45.3143685,-12.4484018,0
1,G12_G678,0.75,1.10,14000,178856,19.1118,-166.842,167.933064,3.9942,-0.538155,194.765,194.806695,20.5077914,-2.76309912,0
1,G12_G678,0.75,1.10,14000,183338,-46.5219,-57.4264,73.9058766,9.13231,-6.45532,208.605,208.904563,43.7780015,-30.9451835,0
1,G12_G678,0.75,1.10,14000,185232,90.2538,-133.768,161.367984,9.13781,-5.09029,198.36,198.635597,46.0667977,-25.6618774,0
1,G12_G678,0.75,1.10,14000,185920,-146.485,63.556,159.678491,-10.5727,11.1647,197.073,197.67195,-53.648648,56.652611,0
1,G12_G678,0.75,1.10,14000,195902,-0.538021,5.01709,5.04585559,-0.492692,-5.65601,194.633,194.715787,-2.53138985,-29.0598717,1
1,G12_G678,0.75,1.10,14000,199585,-44.8136,167.614,173.501331,14.9494,8.90948,208.577,209.301764,71.6732909,42.7155439,0
1,G12_G678,0.75,1.10,14000,199613,-120.058,69.1835,138.565075,-4.93916,0.479183,190.296,190.360691,-25.9551436,2.51809287,0
1,G12_G678,0.75,1.10,14000,199782,-138.162,-83.2621,161.311238,8.325,-10.3186,199.314,199.754474,41.7682651,-51.7705731,0
1,G12_G678,0.75,1.10,14000,206993,90.0795,-49.5362,102.801515,30.7165,-2.13274,192.734,195.177987,159.372503,-11.0657175,0
1,G12_G678,0.75,1.10,14000,208014,-107.896,43.7873,116.44258,4.70784,2.91173,209.003,209.076292,22.5252269,13.9315225,0
1,G12_G678,0.75,1.10,14000,208495,112.234,47.9274,122.038955,35.9395,-13.6626,189.421,193.283806,189.733451,-72.1282223,0
1,G12_G678,0.75,1.10,14000,208522,-7.3695,134.012,134.214476,12.9114,7.82311,205.759,206.312073,62.7501106,38.0207427,0
1,G12_G678,0.75,1.10,14000,209996,57.729,-56.5564,80.8162349,5.56028,0.10074,194.61,194.689442,28.5713992,0.517650686,0
1,G12_G678,0.75,1.10,14000,210007,-100.119,-23.393,102.815595,-2.83652,1.33517,191.014,191.039726,-14.8498016,6.9899065,0
1,G12_G678,0.75,1.10,14000,219140,107.317,-56.8667,121.452707,15.7694,-1.83731,205.989,206.599898,76.5545733,-8.91945686,0
1,G12_G678,0.75,1.10,14000,223567,-50.2322,94.567,107.080304,16.627,-3.45249,203.183,203.891413,81.8326336,-16.992022,0
1,G12_G678,0.75,1.10,14000,230024,128.878,26.1579,131.505797,18.1141,-4.00819,203.588,204.431553,88.974301,-19.6877517,0
1,G12_G678,0.75,1.10,14000,232726,55.8232,-38.9293,68.0567414,9.09134,-18.283,194.161,195.231694,46.8237185,-94.1641215,0
1,G12_G678,0.75,1.10,14000,233115,-87.2999,18.9495,89.3328388,-1.82908,10.687,202.174,202.464525,-9.04705847,52.8604074,0
1,G12_G678,0.75,1.10,14000,236021,37.5531,167.187,171.352643,-1.25249,-0.907191,192.226,192.232221,-6.51571588,-4.719398,0
1,G12_G678,0.75,1.10,14000,239225,-96.5473,141.575,171.361786,9.66189,-1.31221,201.065,201.301287,48.0535648,-6.52629747,0
1,G12_G678,0.75,1.10,14000,240667,70.5518,146.826,162.896994,8.21037,1.99014,200.887,201.064561,40.8705889,9.9067635,0
1,G12_G678,0.75,1.10,14000,243205,71.1477,18.5933,73.5371064,33.856,-17.6501,200.043,203.654012,169.243613,-88.2315302,0
1,G12_G678,0.75,1.10,14000,243336,-67.2653,12.6887,68.4516157,12.6375,2.83293,195.063,195.49247,64.7867612,14.5231541,0
1,G12_G678,0.75,1.10,14000,244500,-89.6775,144.989,170.481272,6.55959,4.12034,208.843,208.986612,31.4091926,19.7293661,0
1,G12_G678,0.75,1.10,14000,261956,29.6295,151.713,154.579241,11.0291,3.79143,200.11,200.449565,55.1151866,18.9467293,0
1,G12_G678,0.75,1.10,14000,265728,6.76025,-31.4658,32.1838088,-4.35618,3.11575,195.867,195.94021,-22.2404999,15.907478,0
1,G12_G678,0.75,1.10,14000,275842,-54.1601,151.453,160.845664,12.7426,1.21018,198.477,198.889311,64.2018974,6.09733118,0
1,G12_G678,0.75,1.10,14000,277896,-67.7196,-90.7842,113.259504,10.4786,0.0740598,193.752,194.035162,54.0825385,0.382240183,0
1,G12_G678,0.75,1.10,14000,278352,116.988,-9.03186,117.336127,7.68407,1.69667,196.123,196.280806,39.1798514,8.65105062,0
1,G12_G678,0.75,1.10,14000,279347,81.2771,37.3343,89.4416958,11.6299,-4.3231,205.594,205.968048,56.5673123,-21.0273646,0
1,G12_G678,0.75,1.10,14000,280970,49.6797,161.685,169.145239,21.0581,6.37868,201.437,202.63513,104.539385,31.6658806,0
1,G12_G678,0.75,1.10,14000,285556,132.072,-113.631,174.226913,16.6221,-7.60009,206.879,207.6848,80.3469661,-36.7368848,0
1,G12_G678,0.75,1.10,14000,288239,193.838,-31.1773,196.329301,17.0139,-24.493,205.375,207.528963,82.8430919,-119.25989,0
1,G12_G678,0.75,1.10,14000,293963,-168.184,102.874,197.152017,-4.59201,10.2597,196.104,196.425881,-23.4161975,52.3176478,0
1,G12_G678,0.75,1.10,14000,296434,19.337,103.63,105.418672,9.82125,-2.37521,190.945,191.212164,51.4349682,-12.4392364,0
1,G12_G678,0.75,1.10,14000,296918,40.6707,-23.4986,46.9711618,51.3354,-2.9212,194.202,200.893687,264.340223,-15.0420696,0
1,G12_G678,0.75,1.10,14000,311387,82.2048,8.50134,82.6432207,31.5821,19.9607,202.81,206.222585,155.722598,98.4206893,0
1,G12_G678,0.75,1.10,14000,313505,31.7472,57.5423,65.7191068,10.7947,0.758986,198.849,199.143231,54.2859154,3.81689624,0
1,G12_G678,0.75,1.10,14000,313785,7.06738,-39.3789,40.0080695,34.4628,-23.0297,196.833,201.149898,175.086495,-117.001214,0
1,G12_G678,0.75,1.10,14000,313872,1.03227,-26.1074,26.1277997,3.66426,-3.62681,193.366,193.434719,18.9498671,-18.7561929,0
1,G12_G678,0.75,1.10,14000,317126,88.319,-81.5343,120.200199,19.807,-19.6229,197.062,199.02464,100.511514,-99.5772904,0
1,G12_G678,0.75,1.10,14000,320074,-174.189,-52.652,181.972638,3.14619,-7.34055,202.933,203.09009,15.5035899,-36.1722835,0
1,G12_G678,0.75,1.10,14000,321036,45.8021,94.5605,105.069123,18.1307,0.523132,201.185,202.000991,90.1195417,2.6002535,0
1,G12_G678,0.75,1.10,14000,324856,164.171,-93.5986,188.978346,7.78307,-2.03465,192.698,192.865848,40.3899885,-10.55875,0
1,G12_G678,0.75,1.10,14000,328479,-143.281,-61.1033,155.766037,-2.11717,-17.6421,204.927,205.695896,-10.3313375,-86.0896807,0
1,G12_G678,0.75,1.10,14000,333903,48.9562,26.5605,55.6971245,19.4674,-1.79264,206.832,207.753867,94.1217993,-8.66713081,0
1,G12_G678,0.75,1.10,14000,334556,0.0162501,77.7434,77.7434017,5.76525,32.3018,199.982,202.655976,28.8288446,161.523537,0
1,G12_G678,0.75,1.10,14000,336284,72.4202,36.2296,80.9769676,13.4331,-3.8793,200.309,200.796396,67.0618894,-19.3665786,0
1,G12_G678,0.75,1.10,14000,339213,-35.7042,109.998,115.647524,10.2396,7.04775,193.958,194.355926,52.7928727,36.3364749,0
1,G12_G678,0.75,1.10,14000,340543,-35.3374,80.9723,88.3472988,0.808204,8.8799,197.304,197.505378,4.09623728,45.0061834,0
1,G12_G678,0.75,1.10,14000,346935,-20.3654,167.863,169.093868,3.34624,8.42486,208.384,208.58108,16.0580467,40.4294955,0
1,G12_G678,0.75,1.10,14000,357517,161.738,-52.0492,169.906739,21.6771,-2.61357,192.079,193.315984,112.855127,-13.6067451,0
1,G12_G678,0.75,1.10,14000,361466,64.8171,71.9454,96.8369611,7.81137,-10.031,202.226,202.625254,38.6269322,-49.6029195,0
1,G12_G678,0.75,1.10,14000,363513,-142.473,-104.581,176.736361,0.0728893,-10.8821,203.088,203.379353,0.358905007,-53.5831758,0
1,G12_G678,0.75,1.10,14000,365658,17.8094,156.407,157.417675,5.25039,7.158,209.523,209.71097,25.0587764,34.1633138,0
1,G12_G678,0.75,1.10,14000,372753,-37.2419,-179.881,183.695763,-2.44445,-18.0009,199.966,200.789464,-12.2243281,-90.0198034,0
1,G12_G678,0.75,1.10,14000,378439,52.6584,-178.686,186.283638,8.11563,-24.0236,192.046,193.712836,42.2587818,-125.092946,0
1,G12_G678,0.75,1.10,14000,387712,59.5036,172.321,182.305254,8.25016,5.67365,193.177,193.436317,42.7077758,29.3702149,0
1,G12_G678,0.75,1.10,14000,390356,16.6113,-16.0464,23.0959356,9.61207,1.44173,200.372,200.607599,47.9711237,7.1952668,0
1,G12_G678,0.75,1.10,14000,391809,75.1248,-85.4148,113.751587,28.729,-0.872576,198.342,200.413737,144.845771,-4.39935062,0
1,G12_G678,0.75,1.10,14000,392988,124.832,12.2887,125.435403,2.55505,-0.91811,195.259,195.277875,13.0854404,-4.70201117,0
1,G12_G678,0.75,1.10,14000,397336,69.1627,-105.433,126.093602,10.2185,-9.30433,196.99,197.474171,51.8731915,-47.2324991,0
1,G12_G678,0.75,1.10,14000,400841,1.80377,14.9943,15.1024044,17.6102,2.82763,205.544,206.316385,85.6760596,13.7568112,1
1,G12_G678,0.75,1.10,14000,402056,46.3513,20.2999,50.6016695,27.5322,2.58556,202.289,204.170386,136.103298,12.7815156,0
1,G12_G678,0.75,1.10,14000,402699,-124.587,-40.9159,131.13364,-0.628424,-4.14867,193.278,193.323541,-3.25139954,-21.4647813,0
1,G12_G678,0.75,1.10,14000,403047,54.3418,-132.307,143.032071,19.3689,-5.75678,206.969,207.953028,93.5835801,-27.8146969,0
1,G12_G678,0.75,1.10,14000,403626,-28.5561,148.579,151.298282,1.52437,4.08716,195.642,195.690625,7.79162961,20.8910152,0
1,G12_G678,0.75,1.10,14000,405676,79.1086,0.527618,79.1103595,53.9429,-15.6242,200.37,208.09154,269.21645,-77.976743,0
1,G12_G678,0.75,1.10,14000,426338,-87.7069,-114.89,144.541386,-4.38114,-1.07651,194.229,194.281388,-22.5565698,-5.54247821,0
1,G12_G678,0.75,1.10,14000,431126,31.1302,-84.3447,89.9061609,13.7699,-21.6538,192.202,193.907468,71.6428549,-112.661679,0
1,G12_G678,0.75,1.10,14000,434561,-73.9038,69.0864,101.166706,-7.22763,-0.513969,203.296,203.425088,-35.5522489,-2.52818058,0
1,G12_G678,0.75,1.10,14000,435005,-183.916,-33.5332,186.948042,-9.49577,-1.23179,194.295,194.530805,-48.8729509,-6.33979258,0
1,G12_G678,0.75,1.10,14000,435240,-89.1005,19.8237,91.2791224,-11.4986,-5.44418,191.806,192.227466,-59.9491153,-28.3837836,0
1,G12_G678,0.75,1.10,14000,436170,51.4116,-132.07,141.723807,6.83912,-5.64513,201.277,201.472261,33.9786463,-28.0465726,0
1,G12_G678,0.75,1.10,14000,436685,-47.9165,-13.309,49.7304781,19.2743,-0.0888643,194.692,195.643761,98.9989316,-0.456435293,0
1,G12_G678,0.75,1.10,14000,437013,-141.401,109.026,178.552265,7.68056,-1.26437,197.49,197.64334,38.8908806,-6.40219758,0
1,G12_G678,0.75,1.10,14000,442362,44.2538,111.882,120.31617,23.5603,9.00557,206.94,208.471465,113.850875,43.5177829,0
1,G12_G678,0.75,1.10,14000,448237,-47.315,13.6795,49.2527963,10.9032,-2.71287,197.01,197.330128,55.3433836,-13.7702147,0
1,G12_G678,0.75,1.10,14000,451029,-131.82,68.5111,148.560706,-3.83318,4.43199,202.493,202.577765,-18.9299383,21.887127,0
1,G12_G678,0.75,1.10,14000,453001,115.401,-4.27024,115.47998,30.2847,-9.38594,202.532,204.998707,149.530445,-46.3429976,0
1,G12_G678,0.75,1.10,14000,455716,-49.8325,183.566,190.209764,8.0032,11.2667,198.917,199.396496,40.2338664,56.6402067,0
1,G12_G678,0.75,1.10,14000,466563,-20.9899,177.511,178.747674,-1.04609,7.74385,191.425,191.584426,-5.46475121,40.4537025,0
1,G12_G678,0.75,1.10,14000,467753,-12.4536,-197.309,197.701628,10.9663,-6.73976,201.712,202.122277,54.366126,-33.4127865,0
1,G12_G678,0.75,1.10,14000,470329,-43.0818,-126.997,134.105479,16.6759,0.891541,198.666,199.366647,83.9393756,4.48763754,0
1,G12_G678,0.75,1.10,14000,474347,99.8086,46.6544,110.17436,32.0882,-12.4202,203.829,206.712784,157.427059,-60.9344107,0
1,G12_G678,0.75,1.10,14000,482580,-30.2215,-37.3267,48.0273005,17.1167,4.08706,196.419,197.205753,87.1438099,20.8078648,0
1,G12_G678,0.75,1.10,14000,483242,-9.60154,-129.548,129.903325,12.938,-5.17963,193.953,194.453045,66.7068826,-26.7055936,0
1,G12_G678,0.75,1.10,14000,485113,56.7684,-41.8677,70.5376179,21.0168,-14.7597,190.902,192.621723,110.092089,-77.315586,0
1,G12_G678,0.75,1.10,14000,485841,-122.825,-71.6365,142.189201,3.86158,3.3799,193.968,194.035874,19.9083354,17.4250392,0
1,G12_G678,0.75,1.10,14000,497875,87.5099,-160.815,183.083169,13.2316,-5.6296,206.4,206.900284,64.1065891,-27.2751938,0
1,G12_G678,0.75,1.10,14000,504191,105.145,140.596,175.563966,20.0627,3.00773,203.651,204.658956,98.5151067,14.7690412,0
1,G12_G678,0.75,1.10,14000,504806,-96.2536,-25.9668,99.694685,14.2632,-0.519707,193.203,193.729472,73.8249406,-2.68995305,0
1,G12_G678,0.75,1.10,14000,506910,-25.9183,21.3862,33.6024973,3.41329,-20.4882,201.748,202.814379,16.9185816,-101.553423,0
1,G12_G678,0.75,1.10,14000,507165,-68.4537,118.718,137.039675,3.21053,13.486,196.463,196.951492,16.3416521,68.6439686,0
1,G12_G678,0.75,1.10,14000,509483,11.5206,-89.5828,90.3205529,6.13005,0.553374,205.215,205.307282,29.8713544,2.69655727,0
1,G12_G678,0.75,1.10,14000,510288,-117.339,-118.575,166.818679,1.72613,-1.4918,198.694,198.707098,8.68737858,-7.50802742,0
1,G12_G678,0.75,1.10,14000,515209,86.72,29.4456,91.5827591,37.9464,25.9208,202.271,207.425588,187.601782,128.14887,0
1,G12_G678,0.75,1.10,14000,516784,-39.9814,116.917,123.564142,22.8644,22.1375,200.45,202.960716,114.065353,110.439012,0
1,G12_G678,0.75,1.10,14000,518988,72.4572,-39.7839,82.6607799,7.26116,3.81633,206.316,206.479008,35.194362,18.497499,0
1,G12_G678,0.75,1.10,14000,521014,12.0995,-91.9407,92.7334363,-6.43164,-1.09079,190.269,190.380798,-33.8028791,-5.73288344,0
1,G12_G678,0.75,1.10,14000,529326,50.2636,42.1848,65.6200186,21.2031,2.8051,207.986,209.082798,101.944842,13.4869655,0
1,G12_G678,0.75,1.10,14000,530246,144.11,27.8365,146.773849,4.41883,-4.45276,193.242,193.343797,22.8668198,-23.0424028,0
1,G12_G678,0.75,1.10,14000,531748,70.0596,50.2076,86.1925208,27.5663,7.36334,198.528,200.56791,138.853461,37.08968,0
1,G12_G678,0.75,1.10,14000,533146,16.4605,186.928,187.65134,9.86948,22.0114,193.027,194.528484,51.1300492,114.032752,0
1,G12_G678,0.75,1.10,14000,534284,129.913,50.1658,139.262325,8.72378,-0.621666,201.098,201.288093,43.3807397,-3.09135844,0
1,G12_G678,0.75,1.10,14000,535827,-24.476,-115.173,117.74504,18.2311,2.75945,205.613,206.43811,88.667059,13.4206008,0
1,G12_G678,0.75,1.10,14000,543756,-30.9773,-173.999,176.734957,11.0869,-15.5802,201.586,202.490932,54.998363,-77.2881053,0
1,G12_G678,0.75,1.10,14000,544087,-20.3642,9.46955,22.4582506,-0.179305,0.0454894,200.995,200.995085,-0.892086868,0.226321053,0
1,G12_G678,0.75,1.10,14000,544205,23.7752,51.9497,57.1317028,-9.0196,10.3421,205.09,205.548584,-43.978741,50.4271296,0
1,G12_G678,0.75,1.10,14000,544801,-4.56318,-183.215,183.271817,22.5779,-9.56194,204.153,205.620134,110.593036,-46.8371271,0
1,G12_G678,0.75,1.10,14000,548496,170.738,41.0986,175.614805,25.3414,12.9806,187.932,190.076614,134.843454,69.0707277,0
1,G12_G678,0.75,1.10,14000,549365,7.6237,68.1696,68.594571,5.28106,-5.8946,192.719,192.881437,27.4029027,-30.5865016,0
1,G12_G678,0.75,1.10,14000,553136,-38.9778,-172.587,176.933721,13.5118,-1.92036,189.614,190.104512,71.2595062,-10.1277332,0
1,G12_G678,0.75,1.10,14000,554024,-96.1855,102.351,140.454183,-5.61493,4.33004,196.389,196.516961,-28.5908579,22.0482817,0
1,G12_G678,0.75,1.10,14000,556989,43.7498,-154.044,160.136189,15.0409,-5.6765,205.388,206.016217,73.2316396,-27.6379341,0
1,G12_G678,0.75,1.10,14000,563239,-95.4812,-105.855,142.555044,13.0504,3.43675,206.781,207.220911,63.1121815,16.6202407,0
1,G12_G678,0.75,1.10,14000,563372,49.4909,186.581,193.033206,7.84478,2.54923,197.736,197.907971,39.6729983,12.8920884,0
1,G12_G678,0.75,1.10,14000,576755,168.338,-55.4404,177.23239,28.9268,-7.06661,207.069,209.19911,139.69643,-34.1268369,0
1,G12_G678,0.75,1.10,14000,577760,-16.3292,-140.139,141.087144,17.483,-3.19276,204.227,204.998821,85.605723,-15.6333883,0
1,G12_G678,0.75,1.10,14000,579679,66.5528,-183.591,195.28167,3.61411,-20.3404,193.391,194.491317,18.6880982,-105.177594,0
1,G12_G678,0.75,1.10,14000,583516,26.6141,36.3469,45.0489451,2.51552,9.52902,191.645,191.898244,13.125936,49.7222469,0
1,G12_G678,0.75,1.10,14000,584918,-57.9139,-43.5407,72.4555889,-7.71642,-12.6611,201.541,202.085678,-38.2870979,-62.8214606,0
1,G12_G678,0.75,1.10,14000,588099,124.948,-27.1314,127.85975,16.5695,3.51163,209.282,209.966272,79.1730775,16.7794172,0
1,G12_G678,0.75,1.10,14000,588340,-151.908,22.9296,153.628796,2.08031,3.0163,203.95,203.982912,10.2000981,14.7894092,0
1,G12_G678,0.75,1.10,14000,590148,-61.2472,-102.417,119.333404,18.9574,-4.71059,202.581,203.520599,93.5793584,-23.2528717,0
1,G12_G678,0.75,1.10,14000,592361,32.9202,38.5072,50.6610701,28.3043,-1.27006,198.533,200.544505,142.567231,-6.39722364,0
1,G12_G678,0.75,1.10,14000,596238,191.118,-40.9142,195.448361,8.66978,-12.1541,196.648,197.213902,44.0878117,-61.8063748,0
1,G12_G678,0.75,1.10,14000,597131,-3.57241,-26.1331,26.3761451,23.4409,-15.0669,201.29,203.209624,116.453376,-74.8517065,0
1,G12_G678,0.75,1.10,14000,598168,22.8752,-147.957,149.714891,17.3518,-31.5098,192.973,196.297048,89.9182787,-163.286056,0
1,G12_G678,0.75,1.10,14000,600048,-57.7479,-147.959,158.829108,14.8373,1.57822,196.236,196.802449,75.6094702,8.04245908,0
1,G12_G678,0.75,1.10,14000,601519,-138.187,-122.539,184.692863,-17.041,-11.9515,188.923,190.06613,-90.2007696,-63.2612228,0
1,G12_G678,0.75,1.10,14000,604559,166.651,74.4401,182.520915,21.2844,10.3851,196.731,198.151362,108.190372,52.7883252,0
1,G12_G678,0.75,1.10,14000,610366,50.7801,-72.4778,88.4966104,7.87701,-2.44267,198.164,198.335536,39.7499546,-12.3265073,0
1,G12_G678,0.75,1.10,14000,611745,23.068,41.6024,47.5698677,32.0405,22.5231,206.17,209.856981,155.408158,109.245283,0
1,G12_G678,0.75,1.10,14000,614714,-32.7931,1.44414,32.8248831,-7.93457,-6.11419,190.641,190.903985,-41.6204804,-32.0717474,0
1,G12_G678,0.75,1.10,14000,615319,186.192,31.8909,188.903389,14.231,1.09854,200.526,201.033343,70.9683532,5.47829209,0
1,G12_G678,0.75,1.10,14000,615627,-79.8831,-33.4402,86.5999806,2.58169,-0.0633961,197.316,197.332899,13.0840378,-0.321292242,0
1,G12_G678,0.75,1.10,14000,618761,56.8229,115.249,128.495813,7.00945,4.98407,207.412,207.590248,33.7948142,24.0298054,0
1,G12_G678,0.75,1.10,14000,620443,94.2405,-71.053,118.024576,20.3304,-19.0646,194.621,196.606505,104.461492,-97.9575688,0
1,G12_G678,0.75,1.10,14000,620699,-14.0104,163.479,164.078258,9.98981,1.38072,194.843,195.103812,51.2710747,7.08632078,0
1,G12_G678,0.75,1.10,14000,623160,-88.9546,156.488,180.003931,8.60327,8.5325,201.498,201.861992,42.6965528,42.3453335,0
1,G12_G678,0.75,1.10,14000,632633,60.4279,22.0751,64.3338258,5.8711,-0.443511,198.481,198.56831,29.5801613,-2.23452623,0
1,G12_G678,0.75,1.10,14000,633840,80.3141,21.7561,83.2086687,28.3196,-4.17254,203.425,205.429162,139.213961,-20.5114416,0
1,G12_G678,0.75,1.10,14000,635768,59.8165,5.83835,60.1007488,11.1457,-3.32927,198.238,198.57899,56.223832,-16.7943079,0
1,G12_G678,0.75,1.10,14000,636183,34.5193,35.0906,49.22329,14.4558,25.8108,199.242,201.42627,72.5539796,129.544975,0
1,G12_G678,0.75,1.10,14000,640046,-34.8781,-0.915738,34.8901195,12.8893,19.3602,206.154,207.461859,62.5226772,93.9113478,0
1,G12_G678,0.75,1.10,14000,642103,-101.067,118.666,155.872249,-16.4668,10.2826,196.989,197.943309,-83.5924849,52.1988537,0
1,G12_G678,0.75,1.10,14000,648123,-6.74429,-83.5919,83.8635272,2.96957,0.919353,194.938,194.962785,15.2334075,4.71613026,0
1,G12_G678,0.75,1.10,14000,649642,-52.0342,66.5883,84.5077492,10.5143,21.0177,189.812,191.261312,55.3932312,110.729037,0
1,G12_G678,0.75,1.10,14000,650751,30.4594,125.031,128.687707,14.6985,3.27547,199.76,200.326813,73.580797,16.3970264,0
1,G12_G678,0.75,1.10,14000,654506,97.6878,-108.618,146.084825,4.97563,-9.66379,196.429,196.729504,25.3304247,-49.197369,0
1,G12_G678,0.75,1.10,14000,655452,44.4738,165.804,171.665038,9.66083,20.7111,190.614,191.979109,50.6826886,108.654663,0
1,G12_G678,0.75,1.10,14000,656587,-61.3731,-69.4329,92.6692236,9.3794,-3.0713,195.715,195.963689,47.9237667,-15.6927164,0
1,G12_G678,0.75,1.10,14000,657896,-13.4977,-9.39934,16.4479633,2.50311,2.84702,203.092,203.127378,12.3250054,14.0183759,1
1,G12_G678,0.75,1.10,14000,668383,-43.8365,13.8003,45.9574478,7.97091,-0.128726,204.563,204.718277,38.965551,-0.629273133,0
1,G12_G678,0.75,1.10,14000,670029,-15.8251,-161.14,161.915204,12.5072,-2.60605,198.401,198.811917,63.0400048,-13.1352665,0
1,G12_G678,0.75,1.10,14000,671541,97.6857,84.4131,129.10487,21.2081,0.186447,198.027,199.159511,107.097012,0.941523126,0
1,G12_G678,0.75,1.10,14000,673802,-68.1898,-16.1125,70.0675494,5.8149,-10.8934,197.871,198.255925,29.3873281,-55.0530396,0
1,G12_G678,0.75,1.10,14000,675018,35.3277,-173.574,177.132662,9.27833,-7.45619,208.239,208.578914,44.556159,-35.8059249,0
1,G12_G678,0.75,1.10,14000,678001,111.804,-82.0839,138.700761,31.5669,-11.3158,203.78,206.520713,154.906762,-55.5294926,0
1,G12_G678,0.75,1.10,14000,678057,-33.5323,190.468,193.397193,15.3598,10.4169,207.627,208.454807,73.9778545,50.1712205,0
1,G12_G678,0.75,1.10,14000,685853,43.3265,-137.448,144.115018,6.26881,-3.8473,204.449,204.581263,30.6619744,-18.8178959,0
1,G12_G678,0.75,1.10,14000,687014,-15.4178,-21.4505,26.4165196,10.167,4.3345,200.564,200.8683,50.6920484,21.6115554,0
1,G12_G678,0.75,1.10,14000,687255,-55.3067,-61.1563,82.4555886,-6.27807,-14.7037,190.246,190.916614,-32.9997477,-77.2878273,0
1,G12_G678,0.75,1.10,14000,688919,89.1389,67.4943,111.808873,-5.85297,7.68329,196.383,196.620378,-29.8038527,39.1240077,0
1,G12_G678,0.75,1.10,14000,689508,11.6141,-134.451,134.95169,0.328692,-5.65728,194.241,194.323645,1.69218651,-29.125056,0
1,G12_G678,0.75,1.10,14000,690808,-49.3515,-77.2913,91.7034111,11.8192,-1.05053,191.827,192.193639,61.61385,-5.47644492,0
1,G12_G678,0.75,1.10,14000,693506,-13.2976,-101.569,102.435775,7.43867,-0.369461,200.11,200.248552,37.1729049,-1.84628954,0
1,G12_G678,0.75,1.10,14000,699192,55.6948,-113.019,125.996846,8.24417,-1.33961,194.294,194.473441,42.4314184,-6.89475743,0
1,G12_G678,0.75,1.10,14000,702460,166.433,18.3991,167.446918,31.5788,-0.807121,204.069,206.499464,154.745699,-3.95513772,0
1,G12_G678,0.75,1.10,14000,707631,-107.988,104.714,150.420843,16.6567,9.82272,204.611,205.522731,81.4066692,48.0068032,0
1,G12_G678,0.75,1.10,14000,708256,59.1861,90.5006,108.135808,5.92485,1.3337,192.723,192.818664,30.7428278,6.92029493,0
1,G12_G678,0.75,1.10,14000,713451,180.845,61.7168,191.086047,16.1451,5.37926,189.806,190.567359,85.0610623,28.3408322,0
1,G12_G678,0.75,1.10,14000,714139,21.7829,123.794,125.69586,4.37448,4.94043,193.59,193.702432,22.5966217,25.5200682,0
1,G12_G678,0.75,1.10,14000,719761,18.6085,-31.2595,36.3790134,14.0685,1.09236,208.301,208.778405,67.5392821,5.24414189,0
1,G12_G678,0.75,1.10,14000,721640,8.95469,67.0111,67.60676,3.47027,2.45183,191.794,191.841061,18.093736,12.7836637,0
1,G12_G678,0.75,1.10,14000,722706,-22.4869,-87.5326,90.3748678,-8.10965,-14.8232,201.255,201.963038,-40.2953964,-73.6538223,0
1,G12_G678,0.75,1.10,14000,731822,-59.9181,-92.2992,110.04236,-0.582631,-2.8918,198.256,198.277945,-2.93878117,-14.5861916,0
1,G12_G678,0.75,1.10,14000,733482,25.4102,-32.0587,40.9076828,14.1107,1.43788,199.613,200.116289,70.6902857,7.20333846,0
1,G12_G678,0.75,1.10,14000,734694,-4.50157,89.7158,89.8286641,-2.14739,6.94627,192.761,192.898069,-11.1401684,36.0356607,0
1,G12_G678,0.75,1.10,14000,734866,-63.7903,18.4249,66.3978864,17.0091,0.512221,203.486,204.196288,83.5885515,2.51722969,0
1,G12_G678,0.75,1.10,14000,735888,-107.056,-42.906,115.333915,11.1736,-1.17741,193.81,194.135395,57.6523399,-6.07507353,0
1,G12_G678,0.75,1.10,14000,736821,61.113,-133.403,146.734996,19.1561,-11.9646,190.452,191.786527,100.582299,-62.8221284,0
1,G12_G678,0.75,1.10,14000,737349,-36.2927,-129.346,134.341162,10.6375,-0.489925,201.17,201.451645,52.8781627,-2.43537804,0
1,G12_G678,0.75,1.10,14000,740848,-42.2562,-12.0623,43.9441181,11.2775,-6.32902,205.224,205.63105,54.9521498,-30.8395704,0
1,G12_G678,0.75,1.10,14000,743996,73.6761,-31.6449,80.1845834,23.0787,10.8226,192.059,193.743166,120.164637,56.3503923,0
1,G12_G678,0.75,1.10,14000,749221,-72.6503,-86.2407,112.763134,18.1973,-4.44137,204.394,205.250517,89.0304999,-21.7294539,0
1,G12_G678,0.75,1.10,14000,753761,-41.6079,-106.076,113.944439,12.4819,3.01614,193.05,193.476607,64.6563067,15.6236208,0
1,G12_G678,0.75,1.10,14000,755846,13.3226,45.6854,47.5883121,4.79093,-0.236818,190.773,190.833295,25.1132498,-1.24136015,0
1,G12_G678,0.75,1.10,14000,756440,-122.04,-25.6984,124.716356,-1.03651,-16.9539,201.019,201.73534,-5.15627876,-84.3397888,0
1,G12_G678,0.75,1.10,14000,758110,-22.4481,-46.4379,51.5790243,5.51288,-18.5102,191.118,192.091409,28.8454253,-96.8522065,0
1,G12_G678,0.75,1.10,14000,760124,-5.45635,-32.4543,32.9097758,-4.57972,0.984893,207.839,207.891784,-22.0349405,4.73873046,0
1,G12_G678,0.75,1.10,14000,760978,-53.2335,176.125,183.994079,-3.38982,3.54137,192.303,192.365475,-17.6274941,18.4155733,0
1,G12_G678,0.75,1.10,14000,765154,-88.8852,36.5474,96.1056254,9.3871,1.0309,194.438,194.667194,48.2781144,5.30194715,0
1,G12_G678,0.75,1.10,14000,765568,-98.1946,100.615,140.590034,9.78187,6.65211,193.24,193.601738,50.6203167,34.424084,0
1,G12_G678,0.75,1.10,14000,765860,169.235,-82.565,188.301525,28.0394,-7.47171,200.665,202.752254,139.73239,-37.2347445,0
1,G12_G678,0.75,1.10,14000,767449,28.8175,-14.9083,32.4454267,20.6471,-8.98494,193.737,195.041168,106.572828,-46.3769956,0
1,G12_G678,0.75,1.10,14000,769249,-141.946,-24.8012,144.096379,-3.8798,5.92646,208.387,208.507356,-18.6182439,28.4396819,0
1,G12_G678,0.75,1.10,14000,773680,51.5809,-8.34745,52.2519776,12.9342,-5.03427,195.474,195.966125,66.1683907,-25.7541668,0
1,G12_G678,0.75,1.10,14000,776385,62.3463,-0.780799,62.351189,39.3696,29.0526,199.305,205.223054,197.534432,145.769549,0
1,G12_G678,0.75,1.10,14000,781408,-89.4968,138.511,164.908988,15.0452,3.32845,203.645,204.227135,73.8795453,16.3443738,0
1,G12_G678,0.75,1.10,14000,783267,25.0865,-91.557,94.9316424,15.4387,-26.4565,199.515,201.852756,77.3811493,-132.604065,0
1,G12_G678,0.75,1.10,14000,786686,18.1564,147.397,148.511045,4.09698,28.4149,190.415,192.567038,21.516057,149.226164,0
1,G12_G678,0.75,1.10,14000,791195,92.4367,67.7194,114.588222,12.4892,2.61058,209.278,209.666584,59.6775581,12.4742209,0
1,G12_G678,0.75,1.10,14000,793517,-119.775,118.837,168.725467,12.3886,2.44533,199.583,199.982077,62.072421,12.2521958,0
1,G12_G678,0.75,1.10,14000,794707,123.641,128.856,178.580418,25.0167,25.1398,199.532,202.659478,125.376882,125.993826,0
1,G12_G678,0.75,1.10,14000,804506,-91.4667,63.0842,111.111536,-0.644061,10.006,204.034,204.280219,-3.15663566,49.0408461,0
1,G12_G678,0.75,1.10,14000,805122,26.7304,22.2525,34.7805699,-6.76633,8.57908,194.42,194.726784,-34.8026438,44.1265302,0
1,G12_G678,0.75,1.10,14000,807313,-1.18478,-191.331,191.334668,8.43638,-2.34443,205.037,205.223878,41.1456469,-11.4341802,0
1,G12_G678,0.75,1.10,14000,810646,117.944,-112.72,163.145903,27.9618,6.36137,207.12,209.095729,135.002897,30.7134511,0
1,G12_G678,0.75,1.10,14000,818888,-29.2327,55.0328,62.3150048,7.12613,-0.695087,209.195,209.317493,34.0645331,-3.32267502,0
1,G12_G678,0.75,1.10,14000,820529,-94.162,-50.1262,106.67295,14.2224,0.29838,197.798,198.308887,71.9036593,1.50850868,0
1,G12_G678,0.75,1.10,14000,820774,-45.0755,-11.7646,46.5854753,5.09126,-0.127529,205.483,205.546103,24.7770375,-0.620630417,0
1,G12_G678,0.75,1.10,14000,823918,-29.5526,-114.593,118.34235,17.6283,-1.92541,189.96,190.785916,92.8000632,-10.1358707,0
1,G12_G678,0.75,1.10,14000,827822,-37.6454,-12.3803,39.628878,15.1753,-1.09112,204.35,204.915599,74.2613164,-5.3394666,0
1,G12_G678,0.75,1.10,14000,828665,53.0687,58.3827,78.8975702,-0.76122,5.03057,191.951,192.018417,-3.96569958,26.2075738,0
1,G12_G678,0.75,1.10,14000,831236,31.972,-151.983,155.309501,12.5594,-4.86674,208.867,209.300854,60.1310882,-23.300665,0
1,G12_G678,0.75,1.10,14000,831272,177.509,-26.5736,179.487051,14.8532,-0.539418,205.519,206.05574,72.2716634,-2.62466244,0
1,G12_G678,0.75,1.10,14000,831740,-102.9,-45.5474,112.529888,11.0635,-2.6769,200.279,200.602205,55.2404396,-13.3658546,0
1,G12_G678,0.75,1.10,14000,834718,105.824,38.8279,112.722335,30.3147,12.8463,194.634,197.399094,155.752335,66.0023429,0
1,G12_G678,0.75,1.10,14000,835529,-4.31749,75.1955,75.3193464,14.3814,2.91648,209.032,209.546433,68.7999923,13.9523135,0
1,G12_G678,0.75,1.10,14000,837225,54.7583,-146.997,156.864876,25.7561,-0.292395,207.774,209.364508,123.962093,-1.40727425,0
1,G12_G678,0.75,1.10,14000,847608,-32.3501,109.419,114.101037,22.6932,19.4276,204.166,206.339934,111.15073,95.1559025,0
1,G12_G678,0.75,1.10,14000,850941,-43.8999,-143.54,150.103074,8.81031,-1.16078,206.259,206.450343,42.7147906,-5.62777867,0
1,G12_G678,0.75,1.10,14000,851201,118.008,5.52272,118.13716,45.5666,-6.53335,198.648,203.911813,229.383633,-32.8890802,0
1,G12_G678,0.75,1.10,14000,852188,17.5514,16.0367,23.7745113,43.6866,15.9687,201.195,206.501686,217.135615,79.3692686,0
1,G12_G678,0.75,1.10,14000,852533,29.2884,-47.9528,56.1896912,8.4358,-2.06329,203.063,203.248621,41.5427724,-10.1608368,0
1,G12_G678,0.75,1.10,14000,856884,134.67,-69.6745,151.626333,19.638,1.83266,191.661,192.673165,102.46216,9.56198705,0
1,G12_G678,0.75,1.10,14000,858741,10.901,15.0443,18.5785566,7.60785,-5.72915,197.221,197.450818,38.5752531,-29.0493913,1
1,G12_G678,0.75,1.10,14000,861374,-39.4372,-116.493,122.987446,14.4828,-7.82395,201.001,201.673914,72.0533729,-38.9249307,0
1,G12_G678,0.75,1.10,14000,865032,-92.6263,-138.39,166.527546,-2.53825,10.4277,202.888,203.171652,-12.510597,51.3963369,0
1,G12_G678,0.75,1.10,14000,865043,60.1385,-87.3431,106.044596,12.1988,-5.23454,193.094,193.549745,63.1754482,-27.1087657,0
1,G12_G678,0.75,1.10,14000,869380,6.05249,98.2805,98.4666914,7.1892,16.2698,190.005,190.83577,37.836899,85.6282729,0
1,G12_G678,0.75,1.10,14000,873957,24.2602,8.10334,25.5777525,13.3846,0.488534,204.419,204.857301,65.4763011,2.38986591,0
1,G12_G678,0.75,1.10,14000,874736,-28.5329,40.7589,49.7535357,12.5787,4.41456,207.554,207.98167,60.6044692,21.2694528,0
1,G12_G678,0.75,1.10,14000,876116,1.08387,-152.879,152.882842,2.19612,-27.5787,200.163,202.065915,10.9716581,-137.781208,0
1,G12_G678,0.75,1.10,14000,877098,47.5388,-93.8316,105.187008,12.7178,-1.64146,203.862,204.264906,62.384358,-8.05181937,0
1,G12_G678,0.75,1.10,14000,877124,-98.5457,149.118,178.738448,9.94784,-1.55026,195.858,196.116595,50.7910833,-7.9152243,0
1,G12_G678,0.75,1.10,14000,877793,76.7598,9.98247,77.4061794,8.63036,1.44232,201.622,201.811779,42.8046543,7.15358443,0
1,G12_G678,0.75,1.10,14000,881599,-49.1015,-18.8777,52.6053691,-2.20655,-2.30146,194.498,194.524131,-11.3448467,-11.8328209,0
1,G12_G678,0.75,1.10,14000,883827,-52.1296,62.9436,81.7275472,15.5192,2.33458,204.388,204.989635,75.9300937,11.4222949,0
1,G12_G678,0.75,1.10,14000,886153,-29.821,26.5401,39.9207834,6.72223,3.28943,193.9,194.044373,34.6685405,16.9645694,0
1,G12_G678,0.75,1.10,14000,889156,66.5552,-35.6868,75.5191521,13.2094,-2.42779,194.934,195.396128,67.7634481,-12.4544205,0
1,G12_G678,0.75,1.10,14000,889389,55.5643,175.865,184.433971,13.1488,6.26398,201.746,202.271048,65.1750221,31.0488436,0
1,G12_G678,0.75,1.10,14000,892971,28.8189,15.241,32.6008754,10.628,25.1634,189.344,191.304212,56.1306405,132.897794,0
1,G12_G678,0.75,1.10,14000,894216,127.972,27.8709,130.971828,30.245,12.3746,204.899,207.488532,147.60931,60.3936574,0
1,G12_G678,0.75,1.10,14000,899920,40.7104,-59.5288,72.1180608,1.13489,-2.48024,200.684,200.702535,5.65510953,-12.3589325,0
1,G12_G678,0.75,1.10,14000,900481,149.573,-124.789,194.793164,36.3923,-5.98152,195.344,198.795011,186.29853,-30.6204439,0
1,G12_G678,0.75,1.10,14000,903262,42.5268,1.87781,42.568238,13.919,3.38654,196.187,196.709294,70.9476163,17.2617961,0
1,G12_G678,0.75,1.10,14000,903349,73.1811,-120.851,141.281413,9.1468,-7.84734,200.255,200.617322,45.6757634,-39.1867369,0
1,G12_G678,0.75,1.10,14000,907088,-37.6308,-81.63,89.8862281,-5.46993,2.56324,191.791,191.886107,-28.5202642,13.3647564,0
1,G12_G678,0.75,1.10,14000,909611,-83.0947,128.456,152.989127,9.73125,5.88545,200.59,200.91213,48.5131362,29.3406949,0
1,G12_G678,0.75,1.10,14000,912070,113.433,89.1199,144.254643,11.7236,21.5028,189.029,190.608961,62.0201133,113.753974,0
1,G12_G678,0.75,1.10,14000,918022,-19.241,-2.91425,19.4604454,-0.168213,0.00149188,201.784,201.78407,-0.833629029,0.00739345042,1
1,G12_G678,0.75,1.10,14000,938441,26.2633,42.5672,50.0172714,3.03077,11.2074,190.122,190.476157,15.9411851,58.9484647,0
1,G12_G678,0.75,1.10,14000,938809,97.5989,-86.5959,130.477566,14.0149,3.28781,208.278,208.774885,67.2893921,15.7856807,0
1,G12_G678,0.75,1.10,14000,940104,-169.38,46.4319,175.628886,-5.86498,1.52926,200.006,200.097818,-29.3240203,7.64607062,0
1,G12_G678,0.75,1.10,14000,947543,-104.132,-43.719,112.937259,4.54537,2.5523,192.928,192.998414,23.5599291,13.2292876,0
1,G12_G678,0.75,1.10,14000,949764,4.84847,-171.079,171.14769,5.63923,-22.1232,201.383,202.673011,28.0025126,-109.856343,0
1,G12_G678,0.75,1.10,14000,957378,-56.9476,52.1021,77.1858664,6.47754,28.8175,193.478,195.719553,33.4794654,148.944583,0
1,G12_G678,0.75,1.10,14000,960180,111.558,-143.197,181.522914,17.4826,-8.14815,193.327,194.286805,90.4302037,-42.1469841,0
1,G12_G678,0.75,1.10,14000,960316,-64.5297,-123.368,139.225521,21.0757,-2.04309,205.132,206.22196,102.742137,-9.95987949,0
1,G12_G678,0.75,1.10,14000,960408,-22.0972,198.349,199.576081,10.6611,10.3518,194.166,194.733804,54.9071413,53.3141745,0
1,G12_G678,0.75,1.10,14000,960598,51.0619,-29.2554,58.8489257,21.197,-22.1013,192.722,195.139821,109.987443,-114.679694,0
1,G12_G678,0.75,1.10,14000,962476,133.534,20.9839,135.172679,8.96954,7.05173,200.331,200.655648,44.7735997,35.2003933,0
1,G12_G678,0.75,1.10,14000,963488,189.209,-56.5836,197.488606,9.54706,-2.26354,206.057,206.290468,46.3321314,-10.9850187,0
1,G12_G678,0.75,1.10,14000,978401,-78.6869,-6.69508,78.971212,3.75646,-6.22577,209.2,209.326327,17.9563098,-29.7598948,0
1,G12_G678,0.75,1.10,14000,981677,-24.3251,-95.1964,98.255102,5.57669,-5.8776,197.223,197.389355,28.2760631,-29.801798,0
1,G12_G678,0.75,1.10,14000,991704,-74.1513,-10.1684,74.8452514,14.2984,0.113595,196.05,196.57075,72.9324152,0.579418516,0
1,G12_G678,0.75,1.10,14000,991941,114.415,-97.8433,150.546018,18.7158,-7.72375,191.485,192.552441,97.740293,-40.3360577,0
1,G12_G678,0.75,1.10,14000,993903,-98.4213,-165.438,192.500608,14.6657,-9.73178,201.91,202.675698,72.6348373,-48.1986033,0
1,G12_G678,0.75,1.10,14000,994535,-67.2089,29.9707,73.5885799,1.56111,-18.8243,196.176,197.083267,7.95770125,-95.9561822,0
1,G12_G678,0.75,1.10,14000,999537,-43.9211,126.787,134.179009,13.2088,1.76911,199.746,200.190076,66.1279825,8.85679813,0
1,G12_G678,0.75,1.10,14500,10212,174.467,11.3569,174.836247,-0.409993,0.162646,191.299,191.299508,-2.14320514,0.850218767,0
1,G12_G678,0.75,1.10,14500,14743,41.6326,-14.0802,43.949123,4.12804,-1.11547,207.345,207.389088,19.9090405,-5.37977767,0
1,G12_G678,0.75,1.10,14500,19361,64.2071,71.0015,95.7275545,-1.14161,1.43169,201.528,201.536319,-5.66477115,7.10417411,0
1,G12_G678,0.75,1.10,14500,19654,32.3197,67.4693,74.8108913,6.86619,0.703625,208.809,208.923044,32.8826344,3.36970629,0
1,G12_G678,0.75,1.10,14500,22639,-140.475,90.9232,167.332764,-10.641,4.67201,201.412,201.747001,-52.832006,23.1962842,0
1,G12_G678,0.75,1.10,14500,30079,-89.9607,29.9148,94.8041286,-7.20445,5.45922,195.168,195.377213,-36.9140945,27.9719011,0
1,G12_G678,0.75,1.10,14500,36512,78.5029,81.537,113.185634,-2.72838,3.71969,203.72,203.772222,-13.392794,18.2588357,0
1,G12_G678,0.75,1.10,14500,37913,13.5601,-187.848,188.336793,-11.3256,-8.54791,201.076,201.576025,-56.3249717,-42.5108417,0
1,G12_G678,0.75,1.10,14500,38225,62.7148,57.131,84.8357077,7.50913,20.8018,195.864,197.108621,38.33849,106.205326,0
1,G12_G678,0.75,1.10,14500,38785,-17.0089,-128.575,129.695155,6.29588,-1.6054,208.916,209.01701,30.1359398,-7.68442819,0
1,G12_G678,0.75,1.10,14500,40760,-125.663,28.6494,128.887461,-0.731668,4.87579,198.323,198.384276,-3.68927457,24.585096,0
1,G12_G678,0.75,1.10,14500,48914,104.132,158.188,189.38563,11.9843,8.9125,198.915,199.474894,60.2483473,44.8055702,0
1,G12_G678,0.75,1.10,14500,49688,163.179,-43.7868,168.951679,20.8316,14.7125,189.354,191.063734,110.014048,77.698385,0
1,G12_G678,0.75,1.10,14500,54936,-78.0662,158.578,176.752125,-11.2772,27.6667,204.358,206.530418,-55.1835504,135.383494,0
1,G12_G678,0.75,1.10,14500,55360,71.1915,4.04494,71.3063196,12.0986,-8.63215,194.232,194.799795,62.2894271,-44.4424709,0
1,G12_G678,0.75,1.10,14500,59399,142.06,-5.70531,142.17452,5.70613,-9.28349,201.334,201.628675,28.3416115,-46.109897,0
1,G12_G678,0.75,1.10,14500,60407,-89.9831,-171.103,193.321481,-19.2688,-13.6219,195.291,196.711508,-98.6671173,-69.7518063,0
1,G12_G678,0.75,1.10,14500,61439,-76.573,-56.3446,95.0691237,8.55654,-2.7769,196.089,196.295241,43.636002,-14.1614267,0
1,G12_G678,0.75,1.10,14500,65981,19.8113,17.7062,26.5706064,-4.30202,1.93245,192.541,192.59875,-22.343397,10.0365636,0
1,G12_G678,0.75,1.10,14500,68300,-112.228,-134.768,175.378271,5.51692,-7.65213,209.472,209.684311,26.337267,-36.5305626,0
1,G12_G678,0.75,1.10,14500,69929,168.081,70.2119,182.156343,42.0818,26.0656,195.384,201.556942,215.37997,133.407034,0
1,G12_G678,0.75,1.10,14500,70474,-25.6299,33.6679,42.3133462,3.38673,-0.83687,190.096,190.128008,17.815893,-4.4023546,0
1,G12_G678,0.75,1.10,14500,71217,-29.1715,-37.5924,47.5832423,-21.9269,0.232527,194.361,195.594073,-112.815328,1.19636656,0
1,G12_G678,0.75,1.10,14500,72767,71.5296,-136.269,153.90167,-7.3247,0.0611955,193.977,194.115253,-37.7606623,0.315478124,0
1,G12_G678,0.75,1.10,14500,77404,2.33137,96.2378,96.2660347,-19.1346,15.8158,188.562,190.189117,-101.476437,83.8758605,0
1,G12_G678,0.75,1.10,14500,78997,94.0151,90.4381,130.452631,-5.62046,2.14007,201.681,201.77065,-27.8680689,10.6111632,0
1,G12_G678,0.75,1.10,14500,84084,47.3628,91.6355,103.151828,-5.55546,2.29904,209.25,209.336359,-26.5493907,10.987049,0
1,G12_G678,0.75,1.10,14500,88258,-99.2765,45.2754,109.113177,-0.799157,-2.01589,197.992,198.003875,-4.03630955,-10.181674,0
1,G12_G678,0.75,1.10,14500,89190,40.6387,-90.0596,98.8040257,0.602802,-7.30015,197.744,197.879623,3.04839591,-36.9171757,0
1,G12_G678,0.75,1.10,14500,91584,-50.1876,-4.84208,50.4206399,-10.0987,-0.648492,209.634,209.878103,-48.1730063,-3.09344858,0
1,G12_G678,0.75,1.10,14500,94538,-44.0587,-113.608,121.852151,-0.712821,-7.2118,200.31,200.441049,-3.55858919,-36.003195,0
1,G12_G678,0.75,1.10,14500,98146,-33.4791,-127.801,132.113382,12.66,-7.13451,205.539,206.052074,61.59415,-34.7112227,0
1,G12_G678,0.75,1.10,14500,99864,-117.034,-36.2669,122.524468,5.29117,0.616223,202.352,202.422104,26.1483455,3.04530225,0
1,G12_G678,0.75,1.10,14500,101154,29.9444,25.9716,39.638253,48.2452,-14.4999,190.437,196.987556,253.339425,-76.1401408,0
1,G12_G678,0.75,1.10,14500,105309,-44.6421,-9.32292,45.6051963,-4.45733,1.3233,195.623,195.678249,-22.7853064,6.764542,0
1,G12_G678,0.75,1.10,14500,106836,88.943,79.0627,119.003226,11.8106,-20.062,198.431,199.791982,59.5199339,-101.103154,0
1,G12_G678,0.75,1.10,14500,111680,-107.455,-6.96164,107.680274,10.5079,-2.24777,207.873,208.150553,50.5496144,-10.8131888,0
1,G12_G678,0.75,1.10,14500,119123,-16.3753,177.474,178.227863,-7.6361,22.484,193.609,195.059696,-39.4408318,116.130965,0
1,G12_G678,0.75,1.10,14500,120181,-73.6496,22.0565,76.8814202,11.9621,-24.3005,206.744,208.510642,57.8594784,-117.539082,0
1,G12_G678,0.75,1.10,14500,120467,35.9895,-45.3101,57.8640586,-11.1794,0.290229,190.405,190.733131,-58.7137943,1.52427195,0
1,G12_G678,0.75,1.10,14500,122611,13.0391,133.916,134.549296,-12.2014,7.57424,199.991,200.505968,-61.0097454,37.8729043,0
1,G12_G678,0.75,1.10,14500,124214,-51.8603,-8.71648,52.5877147,4.56503,-0.427538,198.303,198.355998,23.0204788,-2.15598352,0
1,G12_G678,0.75,1.10,14500,124463,-71.0118,148.075,164.222049,0.106776,3.74244,195.826,195.861787,0.545259567,19.1110476,0
1,G12_G678,0.75,1.10,14500,124581,49.7315,109.313,120.093938,12.6921,12.3747,193.774,194.583107,65.4994994,63.8615088,0
1,G12_G678,0.75,1.10,14500,127585,20.0079,-71.659,74.3997873,-13.166,-4.46903,199.727,200.210365,-65.9199808,-22.3756928,0
1,G12_G678,0.75,1.10,14500,132821,-17.4467,-25.0394,30.5181732,-3.63752,1.04017,202.765,202.800293,-17.9395852,5.12992874,0
1,G12_G678,0.75,1.10,14500,144025,-76.0716,59.357,96.4890759,4.97976,5.31659,207.566,207.693785,23.9912124,25.6139734,0
1,G12_G678,0.75,1.10,14500,144189,41.4873,-51.2575,65.9433648,0.6431,-13.6527,196.73,197.204216,3.26894729,-69.3981599,0
1,G12_G678,0.75,1.10,14500,145543,7.46791,-72.2524,72.6373112,-1.03838,-12.5341,195.533,195.937071,-5.31051025,-64.1022232,0
1,G12_G678,0.75,1.10,14500,165212,-183.887,56.4514,192.356932,-6.70987,4.41179,206.179,206.335325,-32.543906,21.397863,0
1,G12_G678,0.75,1.10,14500,165657,192.365,21.5515,193.56849,1.39285,-1.24734,203.894,203.902573,6.83124565,-6.11759051,0
1,G12_G678,0.75,1.10,14500,166222,-54.6758,-152.515,162.019346,-12.2859,-6.68433,192.383,192.890752,-63.8616718,-34.7449099,0
1,G12_G678,0.75,1.10,14500,170216,44.1012,175.146,180.612948,-7.12155,4.67553,190.667,190.857229,-37.3507214,24.5219676,0
1,G12_G678,0.75,1.10,14500,171667,-73.0852,-48.9935,87.9875531,-16.2871,3.41821,190.062,190.789197,-85.6936158,17.9847103,0
1,G12_G678,0.75,1.10,14500,176062,54.644,-64.8962,84.8379839,15.7483,22.2372,201.738,203.569945,78.0631314,110.228118,0
1,G12_G678,0.75,1.10,14500,177133,7.16095,-163.965,164.121298,12.5612,-5.37446,207.153,207.603068,60.6373067,-25.9443986,0
1,G12_G678,0.75,1.10,14500,178255,-90.6375,-129.855,158.358699,-1.43858,-2.39625,192.689,192.709269,-7.46581279,-12.4358422,0
1,G12_G678,0.75,1.10,14500,178856,-9.80336,-168.227,168.512401,-7.25192,-0.538116,194.671,194.806771,-37.2521845,-2.76423299,0
1,G12_G678,0.75,1.10,14500,183338,-58.0478,-72.675,93.0118418,0.549471,-6.4553,208.804,208.904484,2.63151568,-30.9155955,0
1,G12_G678,0.75,1.10,14500,185232,73.5974,-146.851,164.261357,-2.75584,-5.09025,198.552,198.636356,-13.8796889,-25.6368609,0
1,G12_G678,0.75,1.10,14500,195902,-40.3807,-9.46873,41.4759904,-11.4279,-5.65601,194.298,194.715947,-58.8163543,-29.1099754,0
1,G12_G678,0.75,1.10,14500,199585,-42.6888,188.677,193.445972,6.29295,8.90943,209.017,209.301422,30.1073597,42.6253845,0
1,G12_G678,0.75,1.10,14500,199613,-168.86,70.4008,182.948004,-14.6127,0.479171,189.799,190.361291,-76.9903951,2.52462342,0
1,G12_G678,0.75,1.10,14500,199782,-151.23,-108.175,185.936396,-0.0553406,-10.3186,199.488,199.754696,-0.277413178,-51.7254171,0
1,G12_G678,0.75,1.10,14500,206993,128.961,-55.1725,140.267403,17.9495,-2.13273,194.339,195.177816,92.3618008,-10.9742769,0
1,G12_G678,0.75,1.10,14500,208014,-128.262,50.5438,137.861584,-2.88133,2.91172,209.036,209.076133,-13.7838937,13.9292753,0
1,G12_G678,0.75,1.10,14500,208495,165.057,11.0152,165.424145,22.3803,-13.6626,191.497,193.283847,116.870238,-71.3462874,0
1,G12_G678,0.75,1.10,14500,208522,-11.1663,152.934,153.341105,3.36317,7.82307,206.136,206.311807,16.3152967,37.9510129,0
1,G12_G678,0.75,1.10,14500,209996,31.8225,-56.2945,64.6663919,-6.29402,0.100753,194.588,194.689791,-32.3453656,0.517776019,0
1,G12_G678,0.75,1.10,14500,210007,-143.983,-19.9964,145.364921,-12.7323,1.33517,190.61,191.039436,-66.7976497,7.00472168,0
1,G12_G678,0.75,1.10,14500,216879,88.9768,21.5308,91.5447775,35.2292,-8.1673,203.042,206.237376,173.506959,-40.2246826,0
1,G12_G678,0.75,1.10,14500,219140,108.221,-61.4336,124.442244,4.51932,-1.83729,206.542,206.599607,21.8808765,-8.89547889,0
1,G12_G678,0.75,1.10,14500,223567,-44.5534,86.2008,97.033929,7.36323,-3.45251,203.729,203.891251,36.1422772,-16.946581,0
1,G12_G678,0.75,1.10,14500,230024,134.947,16.0257,135.895239,6.232,-4.00819,204.298,204.432327,30.5044592,-19.6193306,0
1,G12_G678,0.75,1.10,14500,232726,39.0004,-86.5285,94.9116037,-2.82008,-18.2829,194.353,195.231416,-14.5100925,-94.0705829,0
1,G12_G678,0.75,1.10,14500,233115,-125.368,44.716,133.10393,-10.5265,10.687,201.908,202.464465,-52.1351309,52.9300473,0
1,G12_G678,0.75,1.10,14500,236021,-6.22331,164.811,164.928455,-13.0478,-0.907231,191.786,192.23147,-68.0331202,-4.73043392,0
1,G12_G678,0.75,1.10,14500,239225,-107.018,138.4,174.949742,0.873273,-1.31224,201.295,201.301171,4.33827467,-6.51898954,0
1,G12_G678,0.75,1.10,14500,240667,52.571,151.852,160.694555,-3.07166,1.9901,201.031,201.064314,-15.279534,9.89946824,0
1,G12_G678,0.75,1.10,14500,243205,117.706,-26.1684,120.579798,22.2601,-17.6501,201.662,203.653137,110.383215,-87.5231824,0
1,G12_G678,0.75,1.10,14500,243336,-72.033,19.8063,74.706376,2.64131,2.83293,195.454,195.492374,13.5137168,14.4941009,0
1,G12_G678,0.75,1.10,14500,244500,-106.211,154.604,187.571782,-1.33384,4.1203,208.942,208.986878,-6.38378115,19.7198266,0
1,G12_G678,0.75,1.10,14500,261956,19.5127,161.228,162.404475,0.240698,3.79139,200.413,200.449004,1.20100991,18.9178846,0
1,G12_G678,0.75,1.10,14500,262639,115.045,26.3354,118.020783,21.0859,29.013,191.024,194.361874,110.383512,151.881439,0
1,G12_G678,0.75,1.10,14500,265728,-42.6267,-23.5216,48.6857394,-15.216,3.11576,195.323,195.939554,-77.901732,15.9518336,0
1,G12_G678,0.75,1.10,14500,275842,-58.4413,154.452,165.138747,2.97835,1.21014,198.864,198.889983,14.9768183,6.0852643,0
1,G12_G678,0.75,1.10,14500,277896,-78.1118,-90.5969,119.621284,0.341487,0.0740812,194.034,194.034315,1.75993383,0.381794943,0
1,G12_G678,0.75,1.10,14500,278352,95.371,-4.59221,95.4814958,-4.8813,1.69667,196.213,196.281041,-24.8775565,8.64708251,0
1,G12_G678,0.75,1.10,14500,278757,101.982,-55.0756,115.903624,24.02,-2.91321,193.925,195.428639,123.862318,-15.022354,0
1,G12_G678,0.75,1.10,14500,279347,72.4625,26.6367,77.2031586,0.758672,-4.3231,205.921,205.967772,3.68428669,-20.9939734,0
1,G12_G678,0.75,1.10,14500,280970,64.3818,177.669,188.97431,10.0526,6.37864,202.285,202.635049,49.695232,31.5329362,0
1,G12_G678,0.75,1.10,14500,285556,134.701,-132.555,188.984622,5.1167,-7.60006,207.482,207.684188,24.6609344,-36.6299727,0
1,G12_G678,0.75,1.10,14500,296434,4.6506,97.3993,97.5102647,-1.94753,-2.37523,191.187,191.211672,-10.186519,-12.4235957,0
1,G12_G678,0.75,1.10,14500,296918,133.174,-31.0662,136.74949,39.3291,-2.92119,196.984,200.893026,199.656317,-14.8295801,0
1,G12_G678,0.75,1.10,14500,306186,30.3638,21.9914,37.4910926,39.6371,19.4469,192.521,197.51865,205.884553,101.011838,0
1,G12_G678,0.75,1.10,14500,311387,122.71,58.5781,135.974769,20.188,19.9607,204.259,206.222511,98.8353022,97.7224994,0
1,G12_G678,0.75,1.10,14500,313505,20.7745,59.4603,62.9849754,-0.180835,0.758972,199.142,199.143528,-0.908070623,3.81121009,0
1,G12_G678,0.75,1.10,14500,313785,56.0863,-97.8001,112.740998,23.4114,-23.0296,198.451,201.149834,117.970683,-116.046782,0
1,G12_G678,0.75,1.10,14500,313872,-28.5297,-35.4604,45.5124571,-7.48639,-3.6268,193.255,193.433954,-38.7384026,-18.7669142,0
1,G12_G678,0.75,1.10,14500,317126,98.8788,-132.265,165.139478,7.6901,-19.6229,197.905,199.024081,38.8575327,-99.153129,0
1,G12_G678,0.75,1.10,14500,321036,53.2584,95.8717,109.67151,7.18315,0.52311,201.872,202.000435,35.582696,2.59129547,0
1,G12_G678,0.75,1.10,14500,322502,-73.5282,-111.823,133.831161,18.8887,10.826,200.015,201.196385,94.4364173,54.1259406,0
1,G12_G678,0.75,1.10,14500,324856,140.679,-99.0798,172.067974,-5.90068,-2.03463,192.765,192.866023,-30.6107437,-10.5549763,0
1,G12_G678,0.75,1.10,14500,333903,60.0844,22.1855,64.049446,9.15862,-1.79264,207.544,207.753714,44.1285703,-8.63739737,0
1,G12_G678,0.75,1.10,14500,334556,-22.536,158.266,159.862435,-4.55872,32.3017,200.013,202.655821,-22.7921185,161.498003,0
1,G12_G678,0.75,1.10,14500,336284,67.4477,26.3994,72.4301081,2.01398,-3.8793,200.749,200.796579,10.0323289,-19.3241311,0
1,G12_G678,0.75,1.10,14500,339213,-47.4031,127.949,136.447794,-0.344092,7.04772,194.228,194.356129,-1.77158803,36.2858084,0
1,G12_G678,0.75,1.10,14500,340543,-69.944,103.208,124.675797,-9.28903,8.87987,197.087,197.505503,-47.1316221,45.0555846,0
1,G12_G678,0.75,1.10,14500,346777,-101.867,42.2256,110.271878,-4.35221,11.8625,198.053,198.455666,-21.9749764,59.8955835,0
1,G12_G678,0.75,1.10,14500,346935,-46.2124,187.914,193.512938,-5.60686,8.42481,208.335,208.580648,-26.9127127,40.4387645,0
1,G12_G678,0.75,1.10,14500,347017,102.787,170.462,199.053914,23.8188,30.4866,186.36,190.333438,127.810689,163.589826,0
1,G12_G678,0.75,1.10,14500,349136,17.9968,107.32,108.818506,44.2819,22.5878,191.218,197.573832,231.578094,118.125909,0
1,G12_G678,0.75,1.10,14500,357517,175.47,-59.1028,185.156317,7.82825,-2.61356,193.14,193.316248,40.5314798,-13.5319457,0
1,G12_G678,0.75,1.10,14500,359651,103.581,-107.285,149.12778,21.9712,24.7998,207.118,209.751352,106.080592,119.737541,0
1,G12_G678,0.75,1.10,14500,361466,46.2684,46.8136,65.8200424,-3.2159,-10.031,202.352,202.625998,-15.892603,-49.5720329,0
1,G12_G678,0.75,1.10,14500,365658,-4.27957,173.514,173.566768,-4.14063,7.15796,209.548,209.7111,-19.7598164,34.1590471,0
1,G12_G678,0.75,1.10,14500,372122,165.768,91.2058,189.202346,29.6813,19.5003,191.72,194.981537,154.815877,101.712393,0
1,G12_G678,0.75,1.10,14500,387712,40.1763,187.181,191.444148,-3.83807,5.6736,193.315,193.43632,-19.8539689,29.34899,0
1,G12_G678,0.75,1.10,14500,390356,3.33014,-12.4444,12.8822717,-0.941114,1.44174,200.601,200.608388,-4.69147213,7.18710276,1
1,G12_G678,0.75,1.10,14500,391809,108.759,-87.6487,139.681118,16.898,-0.872558,199.698,200.41356,84.6177728,-4.36938778,0
1,G12_G678,0.75,1.10,14500,392988,89.3433,9.87056,89.8868912,-10.1938,-0.918112,195.009,195.277409,-52.2734848,-4.70804937,0
1,G12_G678,0.75,1.10,14500,397336,55.5067,-129.388,140.791506,-1.54485,-9.3043,197.249,197.474364,-7.83197887,-47.1703279,0
1,G12_G678,0.75,1.10,14500,400841,9.07383,21.8573,23.6659239,7.86258,2.82763,206.147,206.316265,38.1406472,13.7165712,0
1,G12_G678,0.75,1.10,14500,402056,77.2265,26.7466,81.7270635,16.6357,2.58555,203.475,204.17029,81.7579555,12.7069665,0
1,G12_G678,0.75,1.10,14500,402699,-161.398,-51.2797,169.348522,-9.89575,-4.14866,193.025,193.323014,-51.2666753,-21.4928636,0
1,G12_G678,0.75,1.10,14500,403047,65.1512,-146.366,160.211375,9.00078,-5.75675,207.678,207.952653,43.3400745,-27.7195948,0
1,G12_G678,0.75,1.10,14500,403626,-62.0604,158.918,170.606049,-8.88685,4.08713,195.446,195.690622,-45.4695926,20.911812,0
1,G12_G678,0.75,1.10,14500,405676,176.31,-39.0991,180.593344,42.1127,-15.6242,203.186,208.091676,207.261819,-76.896046,0
1,G12_G678,0.75,1.10,14500,414052,70.5523,111.5,131.946493,27.6534,18.816,191.055,193.960732,144.74052,98.4847295,0
1,G12_G678,0.75,1.10,14500,426338,-134.69,-117.592,178.799537,-14.0466,-1.07649,193.77,194.281442,-72.4910977,-5.55550395,0
1,G12_G678,0.75,1.10,14500,430477,122.637,133.576,181.334998,41.4748,22.9983,190.922,196.723895,217.234263,120.45914,0
1,G12_G678,0.75,1.10,14500,431126,26.6859,-140.938,143.442173,1.94971,-21.6538,192.684,193.90671,10.1186917,-112.379855,0
1,G12_G678,0.75,1.10,14500,434561,-124.94,67.8501,142.17468,-15.9409,-0.513983,202.799,203.425197,-78.604431,-2.53444544,0
1,G12_G678,0.75,1.10,14500,435240,-154.942,5.99215,155.057825,-21.3903,-5.44418,190.956,192.227412,-112.016904,-28.510128,0
1,G12_G678,0.75,1.10,14500,436170,30.5658,-146.233,149.393301,-4.0935,-5.64509,201.352,201.472707,-20.3300687,-28.0359271,0
1,G12_G678,0.75,1.10,14500,436685,-36.439,-13.5338,38.8711263,8.89385,-0.088861,195.441,195.64328,45.5065723,-0.454669184,0
1,G12_G678,0.75,1.10,14500,437013,-156.297,105.948,188.821956,-0.875196,-1.26439,197.637,197.642982,-4.42830037,-6.3975369,0
1,G12_G678,0.75,1.10,14500,442362,65.4005,133.825,148.950851,13.3046,9.00554,207.851,208.470982,64.0102766,43.3269024,0
1,G12_G678,0.75,1.10,14500,448237,-56.5346,6.89637,56.9536734,0.868111,-2.71287,197.309,197.329559,4.39975369,-13.7493475,0
1,G12_G678,0.75,1.10,14500,451029,-173.235,79.056,190.421155,-11.7998,4.43197,202.185,202.577521,-58.3614017,21.92037,0
1,G12_G678,0.75,1.10,14500,453001,152.293,-28.0386,154.852578,18.3717,-9.38594,203.958,204.998734,90.075898,-46.0189843,0
1,G12_G678,0.75,1.10,14500,470329,-37.845,-124.784,130.396667,6.74077,0.891571,199.25,199.365984,33.8307152,4.47463488,0
1,G12_G678,0.75,1.10,14500,474347,141.322,15.5165,142.171268,20.5593,-12.4202,205.313,206.713266,100.136377,-60.4939775,0
1,G12_G678,0.75,1.10,14500,482580,-24.3439,-27.0323,36.3781625,6.70666,4.08706,197.05,197.206455,34.035321,20.7412332,0
1,G12_G678,0.75,1.10,14500,483242,-15.025,-142.828,143.616114,1.94627,-5.17959,194.375,194.453739,10.0129646,-26.6474084,0
1,G12_G678,0.75,1.10,14500,485113,70.6383,-80.9407,107.429821,8.59358,-14.7597,191.863,192.621674,44.7901888,-76.9283291,0
1,G12_G678,0.75,1.10,14500,485841,-148.34,-63.2188,161.24941,-5.38081,3.37991,193.932,194.036073,-27.7458594,17.4283254,0
1,G12_G678,0.75,1.10,14500,497875,82.6266,-174.713,193.266105,2.35385,-5.62956,206.81,206.899997,11.381703,-27.2209274,0
1,G12_G678,0.75,1.10,14500,504191,116.546,148.153,188.500084,8.5197,3.0077,204.459,204.658531,41.669479,14.7105288,0
1,G12_G678,0.75,1.10,14500,504806,-96.6034,-27.2754,100.380099,4.45155,-0.5197,193.678,193.729848,22.9842832,-2.68331974,0
1,G12_G678,0.75,1.10,14500,506910,-53.1174,-28.9078,60.4741191,-6.28781,-20.4882,201.679,202.814501,-31.1773164,-101.588167,0
1,G12_G678,0.75,1.10,14500,507165,-96.3952,152.347,180.282121,-6.52015,13.4859,196.381,196.951464,-33.2015317,68.672122,0
1,G12_G678,0.75,1.10,14500,509483,-9.18561,-88.2346,88.7114427,-3.7103,0.553395,205.273,205.307275,-18.0749538,2.69589766,0
1,G12_G678,0.75,1.10,14500,510288,-146.995,-122.207,191.159831,-6.98954,-1.49178,198.578,198.706571,-35.1979575,-7.51231254,0
1,G12_G678,0.75,1.10,14500,515209,143.131,94.7125,171.630244,26.3596,25.9208,204.105,207.426053,129.147253,126.997379,0
1,G12_G678,0.75,1.10,14500,516784,-19.4519,171.434,172.534034,13.0587,22.1375,201.326,202.959988,64.8634553,109.958475,0
1,G12_G678,0.75,1.10,14500,518988,53.249,-30.394,61.3127331,-3.36122,3.81634,206.417,206.479636,-16.2836394,18.4884966,0
1,G12_G678,0.75,1.10,14500,521014,-45.1001,-94.8083,104.988727,-18.0541,-1.09077,189.519,190.380124,-95.2627441,-5.75546515,0
1,G12_G678,0.75,1.10,14500,529326,65.6478,48.9955,81.9157657,11.0075,2.80509,208.774,209.082799,52.7244772,13.4360121,0
1,G12_G678,0.75,1.10,14500,530246,112.354,15.931,113.477831,-8.87738,-4.45276,193.089,193.344244,-45.9755864,-23.0606611,0
1,G12_G678,0.75,1.10,14500,531748,100.795,69.0183,122.160377,15.841,7.36333,199.806,200.568177,79.2819034,36.8523968,0
1,G12_G678,0.75,1.10,14500,534284,111.789,48.5743,121.886189,-3.4152,-0.621678,201.259,201.288935,-16.969179,-3.08894509,0
1,G12_G678,0.75,1.10,14500,535827,-15.1795,-108.522,109.578473,8.8769,2.75947,206.228,206.437405,43.0441065,13.3806758,0
1,G12_G678,0.75,1.10,14500,544087,-56.7308,9.58179,57.5342886,-10.029,0.0454872,200.745,200.995368,-49.9589031,0.226591945,0
1,G12_G678,0.75,1.10,14500,544205,-34.2041,77.2326,84.4677155,-18.9418,10.3421,204.412,205.548088,-92.6648142,50.5943878,0
1,G12_G678,0.75,1.10,14500,549365,-18.1345,52.8922,55.9146216,-6.06078,-5.89461,192.696,192.881383,-31.452547,-30.5902043,0
1,G12_G678,0.75,1.10,14500,553136,-42.9483,-177.586,182.705621,2.40817,-1.92032,190.08,190.104953,12.6692445,-10.1026936,0
1,G12_G678,0.75,1.10,14500,554024,-145.155,113.074,183.999194,-14.8748,4.33002,195.905,196.516609,-75.9286389,22.1026518,0
1,G12_G678,0.75,1.10,14500,556989,44.0585,-167.975,173.656995,4.67396,-5.67646,205.885,206.016265,22.7017995,-27.5710227,0
1,G12_G678,0.75,1.10,14500,563239,-97.076,-97.7655,137.774609,4.93534,3.43677,207.134,207.22129,23.8267981,16.5920129,0
1,G12_G678,0.75,1.10,14500,563372,30.422,193.088,195.46988,-3.5129,2.54918,197.86,197.907601,-17.7544729,12.8837562,0
1,G12_G678,0.75,1.10,14500,577760,-9.08901,-147.903,148.182008,7.84051,-3.19272,204.824,204.998873,38.2792544,-15.5876265,0
1,G12_G678,0.75,1.10,14500,583516,-7.2127,61.3029,61.7257531,-9.21995,9.52901,191.44,191.898627,-48.1610426,49.7754388,0
1,G12_G678,0.75,1.10,14500,584918,-111.319,-74.3912,133.887902,-16.8821,-12.661,200.981,202.085795,-83.9984874,-62.9960046,0
1,G12_G678,0.75,1.10,14500,585551,57.19,23.7782,61.9362486,-29.0697,-2.73768,188.251,190.50192,-154.419897,-14.5427116,0
1,G12_G678,0.75,1.10,14500,588099,127.855,-18.5025,129.186855,5.46847,3.51163,209.865,209.965602,26.0570843,16.7328044,0
1,G12_G678,0.75,1.10,14500,588340,-178.437,30.0194,180.944542,-5.45647,3.01629,203.887,203.982303,-26.7622261,14.79393,0
1,G12_G678,0.75,1.10,14500,590148,-49.8018,-113.834,124.251353,9.7638,-4.71056,203.232,203.520925,48.0426311,-23.1782396,0
1,G12_G678,0.75,1.10,14500,592361,66.0081,35.292,74.8504812,17.131,-1.27007,199.808,200.54506,85.7373078,-6.35645219,0
1,G12_G678,0.75,1.10,14500,596238,170.209,-73.2071,185.2846,-4.9399,-12.1541,196.777,197.213875,-25.1040518,-61.7658568,0
1,G12_G678,0.75,1.10,14500,597131,17.84,-63.4217,65.8830603,13.1955,-15.0669,202.22,203.209402,65.2531896,-74.5074671,0
1,G12_G678,0.75,1.10,14500,600048,-57.0596,-144.008,154.900297,4.82981,1.57825,196.737,196.802604,24.5495763,8.02213107,0
1,G12_G678,0.75,1.10,14500,602120,-26.0339,42.5072,49.8460229,47.1391,-17.7425,192.39,198.873837,245.018452,-92.2215292,0
1,G12_G678,0.75,1.10,14500,610366,31.8579,-78.7013,84.9047726,-3.44496,-2.44265,198.29,198.334965,-17.3733421,-12.3185738,0
1,G12_G678,0.75,1.10,14500,611745,65.0527,96.4072,116.302201,21.9444,22.5231,207.487,209.856384,105.762771,108.551861,0
1,G12_G678,0.75,1.10,14500,614714,-92.1313,-14.4154,93.2522396,-18.8341,-6.11418,189.874,190.903752,-99.1926225,-32.2012492,0
1,G12_G678,0.75,1.10,14500,615319,180.737,34.7494,184.047233,1.13587,1.09854,201.027,201.03321,5.65033553,5.46463908,0
1,G12_G678,0.75,1.10,14500,615627,-108.841,-33.5972,113.908451,-6.86818,-0.0633888,197.213,197.33257,-34.8262031,-0.32142303,0
1,G12_G678,0.75,1.10,14500,618761,37.6226,127.4,132.839076,-3.23845,4.98404,207.505,207.590109,-15.6066119,24.0188911,0
1,G12_G678,0.75,1.10,14500,620443,105.864,-121.024,160.791776,7.81773,-19.0646,195.524,196.606741,39.9834803,-97.5051656,0
1,G12_G678,0.75,1.10,14500,620699,-26.6842,166.999,169.117452,-0.802609,1.38068,195.097,195.103536,-4.11389719,7.07688996,0
1,G12_G678,0.75,1.10,14500,632633,36.2447,20.9442,41.860934,-5.53484,-0.443516,198.491,198.568649,-27.8845892,-2.23443884,0
1,G12_G678,0.75,1.10,14500,633840,112.68,11.324,113.247584,17.0525,-4.17254,204.677,205.428509,83.3141975,-20.385974,0
1,G12_G678,0.75,1.10,14500,635768,48.9819,-2.65961,49.0540524,-0.335131,-3.32927,198.55,198.578193,-1.68789222,-16.7679174,0
1,G12_G678,0.75,1.10,14500,636183,32.7638,100.231,105.450083,3.45397,25.8108,199.735,201.425414,17.2927629,129.225223,0
1,G12_G678,0.75,1.10,14500,637908,15.2537,-26.4978,30.5746426,-16.5005,-0.592872,203.063,203.733159,-81.2580332,-2.91964563,0
1,G12_G678,0.75,1.10,14500,639587,109.776,66.4496,128.321158,-5.51955,-19.7665,203.256,204.289455,-27.1556559,-97.2492817,0
1,G12_G678,0.75,1.10,14500,640046,-38.1212,45.5009,59.3595636,3.79854,19.3601,206.521,207.461239,18.3929964,93.7439776,0
1,G12_G678,0.75,1.10,14500,648123,-37.4173,-81.2448,89.4470339,-7.86399,0.919372,194.802,194.962834,-40.3691441,4.71952033,0
1,G12_G678,0.75,1.10,14500,649560,44.8478,64.7786,78.7882744,-12.011,-10.7095,199.861,200.507797,-60.0967673,-53.5847414,0
1,G12_G678,0.75,1.10,14500,649642,-63.4248,121.061,136.669203,-0.347627,21.0177,190.103,191.261641,-1.82862448,110.559539,0
1,G12_G678,0.75,1.10,14500,650751,29.4688,133.268,136.487252,3.82536,3.27544,200.263,200.326311,19.1016813,16.3556923,0
1,G12_G678,0.75,1.10,14500,654506,69.6556,-133.748,150.799304,-7.23012,-9.66375,196.359,196.729559,-36.8209249,-49.2147037,0
1,G12_G678,0.75,1.10,14500,656587,-74.3051,-77.1352,107.10316,-0.597664,-3.07129,195.939,195.963981,-3.05025544,-15.6747253,0
1,G12_G678,0.75,1.10,14500,657896,-42.8971,-2.43507,42.9661582,-7.20707,2.84702,202.98,203.127861,-35.506306,14.0261109,0
1,G12_G678,0.75,1.10,14500,666459,157.05,-7.28957,157.219084,45.3488,19.4419,200.272,206.260455,226.436047,97.0774746,0
1,G12_G678,0.75,1.10,14500,668383,-58.9218,13.49,60.4463284,-1.14843,-0.128729,204.715,204.718262,-5.60989669,-0.628820555,0
1,G12_G678,0.75,1.10,14500,670029,-21.5124,-167.662,169.036474,2.16714,-2.60601,198.783,198.811893,10.9020389,-13.1098233,0
1,G12_G678,0.75,1.10,14500,671541,111.749,84.8939,140.33821,9.06152,0.186429,198.953,199.159338,45.5460335,0.937050459,0
1,G12_G678,0.75,1.10,14500,673802,-89.3461,-43.0862,99.1924706,-3.76396,-10.8934,197.921,198.256288,-19.0174868,-55.0391318,0
1,G12_G678,0.75,1.10,14500,675018,22.2718,-191.584,192.874213,-0.564243,-7.45614,208.445,208.579075,-2.70691549,-35.7702991,0
1,G12_G678,0.75,1.10,14500,678001,151.883,-110.542,187.85095,19.8534,-11.3158,205.253,206.521183,96.726479,-55.1309847,0
1,G12_G678,0.75,1.10,14500,685853,22.0015,-146.932,148.570114,-4.13753,-3.84727,204.504,204.582029,-20.2320248,-18.8126883,0
1,G12_G678,0.75,1.10,14500,687014,-26.5551,-10.718,28.6364952,0.109457,4.3345,200.821,200.867802,0.54504758,21.5838981,0
1,G12_G678,0.75,1.10,14500,687255,-109.746,-99.1539,147.904295,-16.9064,-14.7037,189.597,190.916337,-89.1701873,-77.5523874,0
1,G12_G678,0.75,1.10,14500,688919,33.3141,87.442,93.5731405,-17.8679,7.68326,195.656,196.620357,-91.3230363,39.2692276,0
1,G12_G678,0.75,1.10,14500,689508,-26.5485,-149.014,151.36048,-10.843,-5.65724,193.939,194.324241,-55.9093323,-29.170203,0
1,G12_G678,0.75,1.10,14500,690808,-57.0946,-79.9873,98.2739106,1.15902,-1.05051,192.187,192.193366,6.03068886,-5.46608251,0
1,G12_G678,0.75,1.10,14500,693506,-31.3094,-102.487,107.162791,-2.68592,-0.369437,200.23,200.248355,-13.4141737,-1.84506318,0
1,G12_G678,0.75,1.10,14500,699192,36.7147,-116.505,122.153118,-3.63986,-1.33959,194.435,194.47368,-18.7201893,-6.88965464,0
1,G12_G678,0.75,1.10,14500,707631,-101.097,128.007,163.11467,8.42796,9.82269,205.114,205.521942,41.0891504,47.8889301,0
1,G12_G678,0.75,1.10,14500,708256,33.6944,94.0019,99.8582485,-6.18621,1.33367,192.715,192.818876,-32.1003036,6.92042654,0
1,G12_G678,0.75,1.10,14500,713451,178.95,76.4795,194.607853,1.77272,5.37924,190.483,190.567185,9.30644729,28.2400004,0
1,G12_G678,0.75,1.10,14500,714139,-6.54157,136.586,136.742559,-7.06098,4.9404,193.511,193.702793,-36.4887784,25.5303316,0
1,G12_G678,0.75,1.10,14500,719761,17.4124,-28.6323,33.5111963,4.44458,1.09237,208.728,208.778173,21.2936453,5.23346173,0
1,G12_G678,0.75,1.10,14500,721640,-21.8172,73.3987,76.5725759,-7.99101,2.45181,191.659,191.841184,-41.6938938,12.7925639,0
1,G12_G678,0.75,1.10,14500,722706,-78.1524,-124.034,146.602288,-17.8329,-14.8231,200.627,201.962694,-88.8858429,-73.8838741,0
1,G12_G678,0.75,1.10,14500,723426,113.468,-49.2413,123.691926,13.8819,-15.7022,195.378,196.498929,71.0515002,-80.3683117,0
1,G12_G678,0.75,1.10,14500,731822,-96.9673,-99.4603,138.906474,-10.1859,-2.89178,197.995,198.277924,-51.4452385,-14.6053183,0
1,G12_G678,0.75,1.10,14500,733482,23.0257,-28.4447,36.5962268,3.28914,1.43789,200.084,200.116199,16.4387957,7.1864317,0
1,G12_G678,0.75,1.10,14500,734694,-49.0276,107.662,118.29967,-13.2448,6.94624,192.318,192.898647,-68.8692686,36.118512,0
1,G12_G678,0.75,1.10,14500,734866,-56.924,19.66,60.2233956,7.98138,0.512216,204.039,204.195686,39.1169335,2.51038282,0
1,G12_G678,0.75,1.10,14500,735888,-114.811,-45.853,123.628732,1.62149,-1.1774,194.125,194.135342,8.35281391,-6.0651642,0
1,G12_G678,0.75,1.10,14500,736821,69.9601,-165.187,179.391083,6.62688,-11.9646,191.298,191.786319,34.6416586,-62.5443026,0
1,G12_G678,0.75,1.10,14500,737349,-45.7046,-130.549,138.318299,0.961366,-0.489894,201.448,201.45089,4.7722787,-2.43186331,0
1,G12_G678,0.75,1.10,14500,740848,-49.3365,-27.2756,56.3741837,2.19207,-6.32902,205.522,205.631112,10.6658655,-30.7948541,0
1,G12_G678,0.75,1.10,14500,742811,175.886,-16.5338,176.661404,45.7161,9.82225,189.393,195.079847,241.382205,51.8617372,0
1,G12_G678,0.75,1.10,14500,743996,92.7231,-3.04941,92.7732298,10.5243,10.8226,193.154,193.743019,54.4865755,56.030939,0
1,G12_G678,0.75,1.10,14500,749221,-62.7169,-96.8798,115.408428,9.40542,-4.44134,204.986,205.24972,45.883231,-21.6665528,0
1,G12_G678,0.75,1.10,14500,753761,-47.6341,-98.3691,109.295413,1.85479,3.01617,193.444,193.476403,9.58825293,15.5919543,0
1,G12_G678,0.75,1.10,14500,755846,-14.3801,45.0644,47.3031439,-6.86589,-0.236829,190.71,190.833699,-36.0017304,-1.24182791,0
1,G12_G678,0.75,1.10,14500,756440,-157.557,-66.4418,170.993336,-9.36957,-16.9539,200.804,201.73614,-46.6602757,-84.430091,0
1,G12_G678,0.75,1.10,14500,758110,-47.209,-94.4476,105.589009,-5.58521,-18.5102,191.116,192.091508,-29.2241885,-96.85322,0
1,G12_G678,0.75,1.10,14500,760124,-50.711,-30.096,58.9692694,-13.7596,0.984899,207.434,207.892186,-66.3324238,4.74801142,0
1,G12_G678,0.75,1.10,14500,765154,-101.398,39.1314,108.686802,-0.342148,1.03089,194.664,194.66703,-1.75763367,5.29574035,0
1,G12_G678,0.75,1.10,14500,765568,-109.727,117.352,160.659598,0.0377893,6.65208,193.488,193.602319,0.195305652,34.3798065,0
1,G12_G678,0.75,1.10,14500,767449,42.3987,-38.1889,57.0617371,8.9978,-8.98493,194.626,195.040942,46.2312332,-46.1651064,0
1,G12_G678,0.75,1.10,14500,769249,-181.332,-11.1372,181.673695,-10.9629,5.92647,208.134,208.506763,-52.6723169,28.4743002,0
1,G12_G678,0.75,1.10,14500,773680,45.0396,-21.3515,49.8442787,1.22612,-5.03426,195.898,195.966511,6.25897151,-25.6983736,0
1,G12_G678,0.75,1.10,14500,776385,122.979,73.0034,143.015142,27.7693,29.0526,201.249,205.222678,137.984785,144.361463,0
1,G12_G678,0.75,1.10,14500,781408,-86.8516,146.478,170.290942,6.43366,3.32841,204.098,204.226501,31.5224059,16.3079011,0
1,G12_G678,0.75,1.10,14500,783267,26.0344,-158.08,160.209477,4.61335,-26.4565,200.058,201.852502,23.0600626,-132.244149,0
1,G12_G678,0.75,1.10,14500,787517,148.145,-48.7661,155.964975,55.5331,-10.2155,192.141,200.265937,289.022645,-53.1666849,0
1,G12_G678,0.75,1.10,14500,791195,86.0701,74.0835,113.562437,1.90751,2.61056,209.642,209.666931,9.0988924,12.4524666,0
1,G12_G678,0.75,1.10,14500,793517,-123.409,124.762,175.486005,3.73822,2.4453,199.932,199.981895,18.6974571,12.2306584,0
1,G12_G678,0.75,1.10,14500,794562,146.642,-133.62,198.388963,-4.19438,-3.89055,190.525,190.610873,-22.0148537,-20.4201548,0
1,G12_G678,0.75,1.10,14500,803468,76.7616,-25.1832,80.7869841,41.1025,14.1993,191.057,195.943392,215.132133,74.3197056,0
1,G12_G678,0.75,1.10,14500,804506,-126.032,86.9637,153.123317,-9.05646,10.006,203.834,204.280295,-44.430566,49.0889645,0
1,G12_G678,0.75,1.10,14500,805122,-30.1341,44.4032,53.6629123,-18.0841,8.57907,193.695,194.726444,-93.3637936,44.2916441,0
1,G12_G678,0.75,1.10,14500,807313,-16.0402,-197.03,197.681838,-1.25917,-2.34438,205.206,205.223254,-6.13612662,-11.4245198,0
1,G12_G678,0.75,1.10,14500,810646,148.854,-96.9531,177.644074,16.6095,6.36139,208.338,209.095827,79.7238142,30.533988,0
1,G12_G678,0.75,1.10,14500,818888,-45.7581,53.3885,70.3145479,-1.62363,-0.6951,209.31,209.317451,-7.75705891,-3.32091157,0
1,G12_G678,0.75,1.10,14500,820529,-94.0828,-49.3919,106.259743,4.95482,0.298393,198.247,198.309133,24.9931651,1.50515771,0
1,G12_G678,0.75,1.10,14500,820774,-66.8318,-12.0705,67.9130802,-3.87235,-0.127526,205.51,205.546519,-18.8426354,-0.620534281,0
1,G12_G678,0.75,1.10,14500,823918,-23.0033,-119.607,121.798958,6.39665,-1.92538,190.669,190.785984,33.5484531,-10.0980233,0
1,G12_G678,0.75,1.10,14500,827822,-35.5772,-15.0176,38.6169065,5.88214,-1.09111,204.829,204.916347,28.7173203,-5.32693125,0
1,G12_G678,0.75,1.10,14500,828665,10.0083,71.6252,72.3210574,-12.8303,5.03056,191.524,192.019181,-66.9905599,26.265951,0
1,G12_G678,0.75,1.10,14500,831236,26.9646,-163.695,165.901003,2.81936,-4.8667,209.225,209.300583,13.4752539,-23.2606046,0
1,G12_G678,0.75,1.10,14500,831272,174.586,-27.9404,176.807628,2.50594,-0.539411,206.04,206.055945,12.1623957,-2.61799165,0
1,G12_G678,0.75,1.10,14500,831393,131.912,-24.8679,134.23557,47.1727,-1.68397,201.277,206.737829,234.367066,-8.36643034,0
1,G12_G678,0.75,1.10,14500,831740,-109.981,-52.0389,121.671145,2.26009,-2.67688,200.572,200.602594,11.2682229,-13.3462298,0
1,G12_G678,0.75,1.10,14500,834718,143.335,72.58,160.663557,17.5535,12.8463,196.197,197.399128,89.4687482,65.4765363,0
1,G12_G678,0.75,1.10,14500,835529,-4.23767,82.1456,82.2548324,5.18582,2.91646,209.462,209.546482,24.7578081,13.9235756,0
1,G12_G678,0.75,1.10,14500,837225,81.0969,-147.708,168.506262,15.4376,-0.292363,208.794,209.364131,73.9369905,-1.40024618,0
1,G12_G678,0.75,1.10,14500,843428,155.762,68.0345,169.972038,20.2389,17.1505,192.788,194.604639,104.980082,88.9604125,0
1,G12_G678,0.75,1.10,14500,847608,-12.2625,156.49,156.969707,13.2404,19.4276,204.996,206.339768,64.5885773,94.7706297,0
1,G12_G678,0.75,1.10,14500,850941,-56.66,-146.314,156.901696,-0.102335,-1.16075,206.447,206.450289,-0.495696232,-5.62250844,0
1,G12_G678,0.75,1.10,14500,851201,194.394,-11.3444,194.724736,33.0077,-6.53334,201.117,203.912335,164.121879,-32.4852698,0
1,G12_G678,0.75,1.10,14500,852188,88.8329,55.7858,104.896805,32.9476,15.9686,203.23,206.501752,162.119766,78.5740294,0
1,G12_G678,0.75,1.10,14500,852533,13.2939,-53.0557,54.6958415,-1.95798,-2.06328,203.229,203.248905,-9.63435336,-10.1524881,0
1,G12_G678,0.75,1.10,14500,856884,143.447,-64.7493,157.383333,6.16135,1.83267,192.566,192.67326,31.9960429,9.51710063,0
1,G12_G678,0.75,1.10,14500,858741,-7.96718,0.523012,7.98432832,-3.23687,-5.72915,197.341,197.450679,-16.4024202,-29.0317268,1
1,G12_G678,0.75,1.10,14500,860138,103.163,98.6253,142.721948,-2.18825,-14.6989,201.438,201.98543,-10.863144,-72.9698468,0
1,G12_G678,0.75,1.10,14500,861374,-39.4049,-135.709,141.314114,4.80256,-7.82391,201.464,201.673056,23.8383036,-38.8352758,0
1,G12_G678,0.75,1.10,14500,865032,-132.014,-113.373,174.01475,-11.062,10.4277,202.602,203.171541,-54.5996584,51.4688897,0
1,G12_G678,0.75,1.10,14500,865043,51.0807,-101.06,113.235867,0.0619382,-5.23451,193.479,193.549806,0.3201288,-27.0546674,0
1,G12_G678,0.75,1.10,14500,869380,-15.4575,141.031,141.87557,-4.48278,16.2697,190.089,190.836648,-23.5825324,85.5899079,0
1,G12_G678,0.75,1.10,14500,873957,20.748,9.30215,22.7378429,3.19625,0.488532,204.832,204.857519,15.6042513,2.38503749,0
1,G12_G678,0.75,1.10,14500,874736,-32.4514,51.2886,60.6927825,3.57126,4.41454,207.904,207.981526,17.1774473,21.2335501,0
1,G12_G678,0.75,1.10,14500,877098,41.861,-97.8939,106.468582,2.12171,-1.64144,204.247,204.264615,10.3879616,-8.03654399,0
1,G12_G678,0.75,1.10,14500,877124,-109.184,145.269,181.725695,0.535191,-1.55029,196.11,196.116858,2.72903473,-7.90520626,0
1,G12_G678,0.75,1.10,14500,877793,59.8402,13.6176,61.370095,-2.65189,1.44232,201.789,201.811579,-13.1418957,7.14766414,0
1,G12_G678,0.75,1.10,14500,881599,-91.7583,-24.7035,95.0255152,-12.4273,-2.30145,194.113,194.524012,-64.0209569,-11.8562384,0
1,G12_G678,0.75,1.10,14500,883827,-48.962,68.5648,84.2520578,6.44279,2.33457,204.875,204.989574,31.4474192,11.3950946,0
1,G12_G678,0.75,1.10,14500,886153,-50.605,34.9337,61.491702,-3.9288,3.28942,193.977,194.044666,-20.2539476,16.9577837,0
1,G12_G678,0.75,1.10,14500,889156,60.2925,-41.9985,73.4782931,1.20284,-2.42778,195.377,195.395786,6.15650767,-12.42613,0
1,G12_G678,0.75,1.10,14500,889389,50.4529,191.56,198.092728,2.15425,6.26394,202.163,202.271492,10.6560053,30.9846015,0
1,G12_G678,0.75,1.10,14500,889643,178.103,-75.2102,193.331976,-1.34463,-4.65787,202.635,202.692987,-6.63572433,-22.9865028,0
1,G12_G678,0.75,1.10,14500,892971,15.6722,81.9633,83.4481899,-1.50293,25.1634,189.636,191.304124,-7.92534118,132.69316,0
1,G12_G678,0.75,1.10,14500,893272,129.527,146.933,195.873812,-4.25126,1.77883,197.375,197.428792,-21.5389994,9.01243825,0
1,G12_G678,0.75,1.10,14500,894216,164.477,58.9444,174.720136,18.4348,12.3746,206.297,207.488373,89.3604851,59.9843914,0
1,G12_G678,0.75,1.10,14500,897973,74.8072,-15.3103,76.3578579,30.2315,27.4512,187.47,191.865872,161.260468,146.429829,0
1,G12_G678,0.75,1.10,14500,899920,5.73246,-65.7531,66.0025095,-9.66834,-2.48022,200.454,200.702353,-48.2322129,-12.3730133,0
1,G12_G678,0.75,1.10,14500,903262,38.8162,10.5743,40.2307495,2.42299,3.38654,196.665,196.709079,12.3203925,17.2198408,0
1,G12_G678,0.75,1.10,14500,903349,57.3633,-140.746,151.986791,-2.25812,-7.84731,200.451,200.617254,-11.265197,-39.1482706,0
1,G12_G678,0.75,1.10,14500,907088,-89.9703,-75.0299,117.150078,-16.1735,2.56326,191.186,191.886005,-84.5956294,13.4071532,0
1,G12_G678,0.75,1.10,14500,909611,-93.7777,142.778,170.821001,0.683239,5.88542,200.824,200.911383,3.40217803,29.3063578,0
1,G12_G678,0.75,1.10,14500,912070,101.037,147.432,178.730719,-1.70324,21.5027,189.384,190.608412,-8.99357918,113.540215,0
1,G12_G678,0.75,1.10,14500,918022,-55.3735,-2.91058,55.4499412,-9.93594,0.00149254,201.539,201.783774,-49.3003339,0.00740571304,0
1,G12_G678,0.75,1.10,14500,935875,143.952,61.0232,156.352196,26.5361,-6.05738,190.493,192.427751,139.302232,-31.7984388,0
1,G12_G678,0.75,1.10,14500,938441,-6.66946,72.1516,72.459196,-8.89392,11.2074,189.938,190.476118,-46.8253851,59.0055702,0
1,G12_G678,0.75,1.10,14500,938809,94.681,-78.5322,123.011374,3.20666,3.28782,208.724,208.774521,15.363159,15.7519979,0
1,G12_G678,0.75,1.10,14500,947543,-128.704,-37.2971,133.999229,-5.10952,2.55231,192.914,192.998531,-26.4859989,13.2302995,0
1,G12_G678,0.75,1.10,14500,957378,-77.7533,125.288,147.45392,-3.82187,28.8175,193.548,195.718888,-19.7463678,148.890714,0
1,G12_G678,0.75,1.10,14500,960316,-47.8209,-128.255,136.880179,12.2335,-2.04305,205.848,206.221317,59.4297734,-9.92504178,0
1,G12_G678,0.75,1.10,14500,960598,65.6169,-87.1354,109.078667,9.08929,-22.1013,193.671,195.139793,46.9316005,-114.117756,0
1,G12_G678,0.75,1.10,14500,962476,115.776,39.1214,122.207062,-3.31956,7.05172,200.504,200.655427,-16.5560787,35.1699717,0
1,G12_G678,0.75,1.10,14500,963488,172.725,-62.3207,183.62406,-2.86443,-2.26353,206.258,206.290308,-13.8876068,-10.9742652,0
1,G12_G678,0.75,1.10,14500,978401,-101.92,-21.2362,104.108898,-4.23364,-6.22576,209.191,209.32644,-20.2381556,-29.7611274,0
1,G12_G678,0.75,1.10,14500,979555,45.1065,49.6176,67.055966,16.4076,28.1257,206.036,208.593139,79.634627,136.508668,0
1,G12_G678,0.75,1.10,14500,981677,-47.3473,-109.962,119.722213,-4.73111,-5.87757,197.246,197.390257,-23.9858349,-29.7981708,0
1,G12_G678,0.75,1.10,14500,991704,-74.4996,-9.8849,75.1525226,4.51492,0.113597,196.519,196.57089,22.9744707,0.578045889,0
1,G12_G678,0.75,1.10,14500,991941,121.127,-118.519,169.465346,5.52554,-7.72372,192.318,192.552332,28.731268,-40.1611914,0
1,G12_G678,0.75,1.10,14500,994535,-99.3624,-17.0533,100.815185,-8.21072,-18.8243,196.01,197.082953,-41.8892914,-96.0374471,0
1,G12_G678,0.75,1.10,14500,999537,-47.0862,131.154,139.350213,3.44794,1.76908,200.153,200.190513,17.2265217,8.83863844,0
1,G12_G678,0.75,1.10,15000,10212,173.541,11.7722,173.939827,-0.13977,0.144418,191.299,191.299106,-0.730636334,0.754933377,0
1,G12_G678,0.75,1.10,15000,14743,51.6244,-16.7579,54.2762,4.20508,-1.09046,207.344,207.389503,20.280693,-5.25918281,0
1,G12_G678,0.75,1.10,15000,19361,61.4243,74.4949,96.5527563,-1.04557,1.31655,201.529,201.536013,-5.18818632,6.53280669,0
1,G12_G678,0.75,1.10,15000,19654,48.794,69.102,84.5927943,6.93667,0.597891,208.807,208.923044,33.2204859,2.86336665,0
1,G12_G678,0.75,1.10,15000,22639,-167.014,102.449,195.932319,-10.8876,4.5271,201.402,201.746871,-54.0590461,22.4779297,0
1,G12_G678,0.75,1.10,15000,23213,-35.1927,0.463851,35.1957567,36.6738,-0.573964,186.958,190.521891,196.160635,-3.07001573,0
1,G12_G678,0.75,1.10,15000,30079,-108.501,43.8699,117.034333,-7.36578,5.39742,195.164,195.377516,-37.7414892,27.6558177,0
1,G12_G678,0.75,1.10,15000,36512,71.8642,90.5967,115.638338,-2.61593,3.58052,203.724,203.772254,-12.8405588,17.575347,0
1,G12_G678,0.75,1.10,15000,38225,81.94,110.16,137.293078,7.62028,20.6511,195.876,197.108965,38.9035921,105.429455,0
1,G12_G678,0.75,1.10,15000,38785,-1.94652,-132.316,132.330317,6.28808,-1.40039,208.918,209.0173,30.0983161,-6.70306053,0
1,G12_G678,0.75,1.10,15000,40760,-127.609,40.9125,134.00705,-0.928049,4.81631,198.324,198.384644,-4.67945887,24.2850588,0
1,G12_G678,0.75,1.10,15000,55360,102.412,-18.1684,104.011098,12.2472,-8.612,194.223,194.799215,63.0574134,-44.3407835,0
1,G12_G678,0.75,1.10,15000,59399,156.351,-28.7446,158.971341,5.94268,-9.24747,201.329,201.628861,29.5172578,-45.932131,0
1,G12_G678,0.75,1.10,15000,61439,-54.8059,-63.374,83.7851452,8.46495,-2.67848,196.095,196.295896,43.1675973,-13.6590938,0
1,G12_G678,0.75,1.10,15000,65981,8.65011,22.707,24.2988117,-4.28501,1.89865,192.542,192.599034,-22.2549366,9.8609654,0
1,G12_G678,0.75,1.10,15000,67813,40.3988,-46.8753,61.8817969,-2.80346,-12.3759,203.762,204.156741,-13.7585026,-60.7370363,0
1,G12_G678,0.75,1.10,15000,68300,-99.1354,-152.918,182.240891,5.36543,-7.41496,209.484,209.683847,25.6126005,-35.3963071,0
1,G12_G678,0.75,1.10,15000,70474,-16.7388,31.4393,35.6176503,3.3578,-0.886655,190.096,190.127721,17.6637068,-4.66424859,0
1,G12_G678,0.75,1.10,15000,71217,-85.6339,-36.9655,93.2717161,-22.042,0.28644,194.348,195.594164,-113.415111,1.47385103,0
1,G12_G678,0.75,1.10,15000,72767,52.6986,-135.995,145.848491,-7.23659,0.276658,193.981,194.116133,-37.305664,1.42621185,0
1,G12_G678,0.75,1.10,15000,77404,-48.43,138.073,146.320259,-19.1887,15.6204,188.572,190.188334,-101.757949,82.8352035,0
1,G12_G678,0.75,1.10,15000,78997,80.1482,95.6672,124.803634,-5.49236,1.9901,201.686,201.770585,-27.2322323,9.86731851,0
1,G12_G678,0.75,1.10,15000,84084,34.1177,97.0552,102.877254,-5.49862,2.14854,209.254,209.337258,-26.2772516,10.2676173,0
1,G12_G678,0.75,1.10,15000,88258,-101.377,40.1506,109.038373,-0.956723,-2.0798,197.991,198.004235,-4.83215399,-10.5045179,0
1,G12_G678,0.75,1.10,15000,89190,42.1955,-108.435,116.35553,0.665925,-7.13747,197.75,197.879886,3.36750948,-36.0934008,0
1,G12_G678,0.75,1.10,15000,91584,-74.3245,-6.38446,74.598208,-10.2065,-0.639305,209.629,209.878296,-48.6883971,-3.04969732,0
1,G12_G678,0.75,1.10,15000,91855,199.38,7.69471,199.528426,21.0829,-20.929,201.067,203.249724,104.855098,-104.089682,0
1,G12_G678,0.75,1.10,15000,94538,-45.8728,-131.509,139.280045,-0.780992,-7.01315,200.317,200.44125,-3.89878043,-35.0102587,0
1,G12_G678,0.75,1.10,15000,98146,-2.69229,-145.047,145.071984,12.6466,-6.9132,205.547,206.051688,61.5265608,-33.6331837,0
1,G12_G678,0.75,1.10,15000,99864,-104.047,-34.7155,109.685661,5.12499,0.671983,202.356,202.422004,25.3266026,3.32079602,0
1,G12_G678,0.75,1.10,15000,101154,156.714,-12.1013,157.180531,48.4477,-14.4951,190.386,196.987605,254.470917,-76.1353251,0
1,G12_G678,0.75,1.10,15000,105309,-56.0775,-5.93484,56.3906759,-4.54091,1.33353,195.621,195.678241,-23.2127941,6.81690616,0
1,G12_G678,0.75,1.10,15000,106836,118.795,28.4747,122.159979,11.9916,-20.1192,198.414,199.791632,60.4372675,-101.400103,0
1,G12_G678,0.75,1.10,15000,111680,-82.2511,-12.3598,83.1745641,10.372,-2.22965,207.88,208.150532,49.8941697,-10.725659,0
1,G12_G678,0.75,1.10,15000,120181,-44.7623,-36.6998,57.883839,11.8848,-24.2614,206.753,208.510592,57.4830837,-117.344851,0
1,G12_G678,0.75,1.10,15000,120467,6.64716,-44.5097,45.0033124,-11.1596,0.360221,190.406,190.733089,-58.6094976,1.8918574,0
1,G12_G678,0.75,1.10,15000,122611,-17.4706,152.735,153.730941,-12.218,7.34374,199.998,200.505387,-61.0906109,36.7190672,0
1,G12_G678,0.75,1.10,15000,124214,-40.3861,-9.78677,41.554999,4.49853,-0.412531,198.304,198.355447,22.685019,-2.08029591,0
1,G12_G678,0.75,1.10,15000,124463,-70.7957,157.504,172.683355,-0.000833329,3.5003,195.831,195.86228,-0.00425534772,17.8740853,0
1,G12_G678,0.75,1.10,15000,124581,82.5352,141.14,163.500944,12.8019,12.1736,193.78,194.58359,66.0640933,62.8217566,0
1,G12_G678,0.75,1.10,15000,127585,-12.953,-82.7834,83.790641,-13.1754,-4.34411,199.729,200.210229,-65.9663845,-21.7500213,0
1,G12_G678,0.75,1.10,15000,132821,-26.435,-22.456,34.6854604,-3.67579,1.07582,202.764,202.800169,-18.1284153,5.3057742,0
1,G12_G678,0.75,1.10,15000,144025,-64.1281,72.1107,96.5006024,4.87765,5.20707,207.571,207.693585,23.4987065,25.0857297,0
1,G12_G678,0.75,1.10,15000,144189,43.1549,-85.8962,96.1275328,0.706792,-13.5303,196.738,197.203979,3.59255456,-68.7731907,0
1,G12_G678,0.75,1.10,15000,145543,4.81714,-104.227,104.338259,-1.03046,-12.3822,195.542,195.936353,-5.26976302,-63.3224576,0
1,G12_G678,0.75,1.10,15000,146450,-65.0124,-14.5594,66.622731,20.1011,-18.4267,205.349,207.151658,97.8874988,-89.7335755,0
1,G12_G678,0.75,1.10,15000,165657,195.934,18.4774,196.80332,1.69678,-1.27673,203.891,203.902057,8.32199558,-6.26182617,0
1,G12_G678,0.75,1.10,15000,166222,-86.6661,-169.757,190.600241,-12.4048,-6.4363,192.384,192.890924,-64.4793746,-33.4554849,0
1,G12_G678,0.75,1.10,15000,170216,25.4519,187.251,188.972845,-7.07764,4.38538,190.676,190.8577,-37.1186725,22.9991189,0
1,G12_G678,0.75,1.10,15000,171667,-116.018,-39.9674,122.709288,-16.4547,3.47848,190.047,190.789725,-86.5822665,18.3032618,0
1,G12_G678,0.75,1.10,15000,176062,93.742,-9.75923,94.2486347,15.8842,22.2683,201.724,203.57003,78.7422419,110.389939,0
1,G12_G678,0.75,1.10,15000,176063,183.479,-40.5803,187.913023,24.6993,-21.7112,191.214,194.021198,129.170981,-113.543987,0
1,G12_G678,0.75,1.10,15000,177133,37.4993,-176.806,180.738925,12.6081,-5.10745,207.157,207.603162,60.8625342,-24.6549718,0
1,G12_G678,0.75,1.10,15000,178255,-94.4468,-135.962,165.547164,-1.58237,-2.18785,192.69,192.708917,-8.21199855,-11.3542478,0
1,G12_G678,0.75,1.10,15000,178856,-28.4474,-169.47,171.841018,-7.29007,-0.276667,194.67,194.806649,-37.4483485,-1.42121025,0
1,G12_G678,0.75,1.10,15000,183338,-56.7751,-88.069,104.783399,0.462613,-6.32304,208.808,208.904226,2.21549462,-30.2815984,0
1,G12_G678,0.75,1.10,15000,185232,66.7115,-159.543,172.928867,-2.65325,-4.84417,198.559,198.635803,-13.362527,-24.3966277,0
1,G12_G678,0.75,1.10,15000,195902,-69.838,-24.0087,73.8496034,-11.5266,-5.62429,194.293,194.715857,-59.3258635,-28.9474659,0
1,G12_G678,0.75,1.10,15000,206993,175.273,-60.6179,185.459306,18.206,-2.05161,194.316,195.177805,93.6927479,-10.5581115,0
1,G12_G678,0.75,1.10,15000,208014,-135.255,57.4669,146.956999,-3.08818,2.82586,209.034,209.075908,-14.7735775,13.518662,0
1,G12_G678,0.75,1.10,15000,208522,-3.01302,171.781,171.807422,3.35625,7.56161,206.146,206.311938,16.2809368,36.6808476,0
1,G12_G678,0.75,1.10,15000,209996,15.6676,-55.989,58.139847,-6.26444,0.188443,194.589,194.689901,-32.1931867,0.968415481,0
1,G12_G678,0.75,1.10,15000,210007,-177.522,-16.4806,178.285363,-12.9979,1.35945,190.592,191.039535,-68.1975109,7.13277577,0
1,G12_G678,0.75,1.10,15000,216879,175.849,1.41252,175.854673,35.4753,-8.17397,202.999,206.237496,174.756033,-40.2660604,0
1,G12_G678,0.75,1.10,15000,219140,119.251,-65.8325,136.215708,4.70045,-1.73838,206.539,206.599794,22.7581716,-8.41671549,0
1,G12_G678,0.75,1.10,15000,223567,-26.5086,77.663,82.0624606,7.31566,-3.57726,203.729,203.89169,35.9087808,-17.558914,0
1,G12_G678,0.75,1.10,15000,230024,150.314,6.2086,150.442166,6.46119,-4.02052,204.29,204.431689,31.6275393,-19.6804543,0
1,G12_G678,0.75,1.10,15000,232726,31.771,-133.466,137.19537,-2.77317,-18.0895,194.372,195.231644,-14.2673327,-93.0663882,0
1,G12_G678,0.75,1.10,15000,233115,-151.545,71.1354,167.410072,-10.7475,10.5911,201.902,202.465053,-53.2312706,52.4566374,0
1,G12_G678,0.75,1.10,15000,236021,-40.2638,162.312,167.231453,-13.0999,-1.15616,191.781,192.231361,-68.306558,-6.02854297,0
1,G12_G678,0.75,1.10,15000,239225,-104.934,135.031,171.010278,0.708105,-1.52421,201.294,201.301016,3.51776506,-7.57205878,0
1,G12_G678,0.75,1.10,15000,240667,44.9689,156.677,163.002713,-3.00013,1.74641,201.035,201.064969,-14.9234213,8.68709429,0
1,G12_G678,0.75,1.10,15000,243205,173.015,-69.8942,186.599543,22.5009,-17.5689,201.643,203.653765,111.587806,-87.1287374,0
1,G12_G678,0.75,1.10,15000,243336,-65.3317,27.0331,70.7037447,2.53784,2.7929,195.456,195.492427,12.984201,14.2891495,0
1,G12_G678,0.75,1.10,15000,244500,-109.484,164.341,197.470784,-1.49882,3.86917,208.946,208.987195,-7.17324093,18.5175596,0
1,G12_G678,0.75,1.10,15000,261956,20.1287,170.553,171.736689,0.27103,3.529,200.418,200.44925,1.35232364,17.6081989,0
1,G12_G678,0.75,1.10,15000,262639,170.351,102.223,198.668077,21.3075,28.897,191.017,194.36188,111.547663,151.279729,0
1,G12_G678,0.75,1.10,15000,265728,-81.6338,-15.5312,83.0981075,-15.3307,3.14126,195.314,195.939931,-78.4925812,16.0831277,0
1,G12_G678,0.75,1.10,15000,275842,-50.9958,157.367,165.42353,2.89722,0.964606,198.866,198.889442,14.5687046,4.85053252,0
1,G12_G678,0.75,1.10,15000,277896,-77.2961,-90.331,118.888085,0.220926,0.214889,194.035,194.035245,1.1385884,1.10747546,0
1,G12_G678,0.75,1.10,15000,278352,83.0038,-0.267172,83.00423,-4.7482,1.69851,196.216,196.280791,-24.1988421,8.65632772,0
1,G12_G678,0.75,1.10,15000,278757,164.032,-62.5454,175.55177,24.2535,-2.83256,193.897,195.428509,125.084452,-14.6085808,0
1,G12_G678,0.75,1.10,15000,279347,74.3624,16.1242,76.0904485,0.874104,-4.35151,205.92,205.967828,4.24487179,-21.1320416,0
1,G12_G678,0.75,1.10,15000,296434,-0.44149,91.109,91.1100697,-1.94657,-2.51906,191.186,191.212503,-10.181551,-13.1759648,0
1,G12_G678,0.75,1.10,15000,306186,133.385,72.4614,151.796616,39.8029,19.368,192.495,197.518899,206.773682,100.6156,0
1,G12_G678,0.75,1.10,15000,313505,20.3369,61.3169,64.6014839,-0.149117,0.664124,199.142,199.143163,-0.748797341,3.33492684,0
1,G12_G678,0.75,1.10,15000,313785,115.137,-155.725,193.666735,23.5504,-22.8275,198.457,201.148942,118.66752,-115.024917,0
1,G12_G678,0.75,1.10,15000,313872,-47.9327,-44.8098,65.6160187,-7.55428,-3.56097,193.254,193.434372,-39.0899024,-18.4263715,0
1,G12_G678,0.75,1.10,15000,321036,71.1012,97.0921,120.342247,7.28783,0.375324,201.869,202.000858,36.1017789,1.85924535,0
1,G12_G678,0.75,1.10,15000,322502,-26.3462,-84.6807,88.684515,18.8302,10.9707,200.012,201.195757,94.1453513,54.850209,0
1,G12_G678,0.75,1.10,15000,324856,125.481,-104.268,163.148084,-5.70232,-1.86893,192.772,192.865376,-29.5806445,-9.69502832,0
1,G12_G678,0.75,1.10,15000,333300,134.456,87.4435,160.389469,4.51063,-14.6713,209.092,209.654614,21.5724657,-70.1667209,0
1,G12_G678,0.75,1.10,15000,333903,82.2064,17.8523,84.1225108,9.27955,-1.82101,207.538,207.753333,44.7125346,-8.77434494,0
1,G12_G678,0.75,1.10,15000,336284,72.5207,16.7213,74.4234761,2.12549,-3.90826,200.747,200.79629,10.5879042,-19.4685848,0
1,G12_G678,0.75,1.10,15000,339213,-48.3267,145.977,153.768509,-0.415882,6.82649,194.236,194.356368,-2.14111699,35.1453387,0
1,G12_G678,0.75,1.10,15000,340543,-93.5758,125.644,156.661562,-9.42101,8.6979,197.089,197.505653,-47.8007905,44.1318389,0
1,G12_G678,0.75,1.10,15000,346777,-112.94,72.1245,134.005176,-4.51892,11.7619,198.055,198.4554,-22.8164904,59.387039,0
1,G12_G678,0.75,1.10,15000,359651,156.739,-47.368,163.740165,22.2113,24.8809,207.082,209.750699,107.258477,120.149989,0
1,G12_G678,0.75,1.10,15000,361466,38.3553,22.0027,44.2181846,-3.15298,-10.0735,202.35,202.62512,-15.5818137,-49.782555,0
1,G12_G678,0.75,1.10,15000,365658,-14.1671,190.453,190.979192,-4.15856,6.86754,209.558,209.711736,-19.8444345,32.7715477,0
1,G12_G678,0.75,1.10,15000,372666,146.612,-33.0537,150.291802,42.7293,25.1901,195.264,201.46554,218.828355,129.005347,0
1,G12_G678,0.75,1.10,15000,385290,197.733,-7.8161,197.887419,46.5678,17.8854,191.786,198.167397,242.811258,93.2570678,0
1,G12_G678,0.75,1.10,15000,390356,0.985854,-8.8427,8.89748568,-0.938826,1.45666,200.601,200.608485,-4.6800664,7.26147925,1
1,G12_G678,0.75,1.10,15000,391809,151.178,-89.7696,175.82198,17.1189,-0.747091,199.679,200.412869,85.7321,-3.74146004,0
1,G12_G678,0.75,1.10,15000,392988,63.2665,7.5094,63.7106044,-10.087,-0.930933,195.015,195.277916,-51.7242263,-4.77364818,0
1,G12_G678,0.75,1.10,15000,397336,51.6312,-152.854,161.338545,-1.46786,-9.07319,197.26,197.474011,-7.44124506,-45.9960965,0
1,G12_G678,0.75,1.10,15000,400841,28.1607,28.6952,40.2049689,7.90014,2.78548,206.146,206.316127,38.3230332,13.512171,0
1,G12_G678,0.75,1.10,15000,402056,118.187,33.0777,122.728567,16.8058,2.53967,203.462,204.170689,82.5992077,12.4822817,0
1,G12_G678,0.75,1.10,15000,402699,-187.178,-61.982,197.173457,-10.1757,-4.06271,193.013,193.323741,-52.7202831,-21.0488931,0
1,G12_G678,0.75,1.10,15000,403047,86.88,-160.109,182.162088,9.12454,-5.51906,207.679,207.952601,43.9357855,-26.5749546,0
1,G12_G678,0.75,1.10,15000,403626,-84.8563,169.242,189.323655,-9.00812,3.83471,195.445,195.690059,-46.0903067,19.6204047,0
1,G12_G678,0.75,1.10,15000,431126,31.7654,-196.978,199.522864,1.98956,-21.366,192.716,193.90699,10.3237925,-110.867805,0
1,G12_G678,0.75,1.10,15000,434561,-164.363,66.5356,177.319434,-16.1842,-0.607583,202.78,203.425726,-79.8116185,-2.99626689,0
1,G12_G678,0.75,1.10,15000,434582,191.26,25.6179,192.96804,43.0466,9.05755,191.998,196.972793,224.203377,47.175231,0
1,G12_G678,0.75,1.10,15000,436170,20.4192,-160.126,161.422674,-4.05972,-5.39942,201.359,201.472286,-20.1616019,-26.8148928,0
1,G12_G678,0.75,1.10,15000,436685,-13.7037,-13.7498,19.4125834,8.86523,-0.0673786,195.443,195.64397,45.3596701,-0.344748085,1
1,G12_G678,0.75,1.10,15000,437013,-158.64,102.665,188.962303,-1.12261,-1.4242,197.635,197.64332,-5.68021858,-7.20621347,0
1,G12_G678,0.75,1.10,15000,442362,97.4683,155.38,183.42032,13.4386,8.78163,207.852,208.471022,64.6546581,42.2494371,0
1,G12_G678,0.75,1.10,15000,448237,-54.3797,0.0196941,54.3797036,0.782813,-2.71512,197.31,197.330233,3.96742689,-13.7606812,0
1,G12_G678,0.75,1.10,15000,462683,79.2397,-161.924,180.272882,45.4393,-15.1799,184.005,190.139421,246.946007,-82.4972147,0
1,G12_G678,0.75,1.10,15000,470329,-20.9515,-122.446,124.225554,6.70256,1.08422,199.251,199.366649,33.6387772,5.44147834,0
1,G12_G678,0.75,1.10,15000,474347,191.527,-14.7286,192.092487,20.84,-12.4088,205.285,206.712881,101.517403,-60.4466961,0
1,G12_G678,0.75,1.10,15000,482580,-7.33715,-16.645,18.1903764,6.68972,4.11641,197.05,197.20649,33.949353,20.8901802,1
1,G12_G678,0.75,1.10,15000,483242,-10.028,-156.026,156.347924,1.92963,-4.94078,194.381,194.453357,9.92705048,-25.4180193,0
1,G12_G678,0.75,1.10,15000,485113,93.0991,-119.319,151.342215,8.72181,-14.5918,191.87,192.621617,45.4568718,-76.0504508,0
1,G12_G678,0.75,1.10,15000,485841,-162.344,-54.4588,171.234737,-5.63085,3.46426,193.923,194.03566,-29.0365248,17.8641007,0
1,G12_G678,0.75,1.10,15000,504806,-85.1854,-28.5932,89.8561264,4.31545,-0.474907,193.681,193.729653,22.2812253,-2.45200613,0
1,G12_G678,0.75,1.10,15000,506910,-68.7534,-79.6533,105.222042,-6.38408,-20.3823,201.686,202.813799,-31.6535605,-101.059568,0
1,G12_G678,0.75,1.10,15000,509483,-18.2349,-86.8184,88.712717,-3.73581,0.688651,205.272,205.307147,-18.199316,3.35482189,0
1,G12_G678,0.75,1.10,15000,518988,45.1448,-21.1306,49.845313,-3.28813,3.85243,206.417,206.479129,-15.9295504,18.6633368,0
1,G12_G678,0.75,1.10,15000,521014,-92.796,-97.6095,134.680036,-18.1826,-0.949285,189.508,190.380645,-95.9463453,-5.00920805,0
1,G12_G678,0.75,1.10,15000,528054,95.1613,11.8082,95.8911185,4.0179,27.0777,191.108,193.058574,21.0242376,141.687946,0
1,G12_G678,0.75,1.10,15000,529326,92.0735,55.6741,107.597095,11.1415,2.72371,208.768,209.082829,53.3678533,13.0465876,0
1,G12_G678,0.75,1.10,15000,530246,89.4474,4.39332,89.5552267,-8.73068,-4.46371,193.095,193.343809,-45.2144281,-23.1166524,0
1,G12_G678,0.75,1.10,15000,531748,140.535,87.3857,165.488207,16.0418,7.24423,199.794,200.567846,80.2917005,36.2584963,0
1,G12_G678,0.75,1.10,15000,534284,103.39,46.9912,113.567887,-3.25147,-0.696375,201.261,201.288467,-16.1554896,-3.46005933,0
1,G12_G678,0.75,1.10,15000,535827,6.3415,-101.75,101.947423,8.87986,2.91995,206.226,206.437741,43.0588772,14.1589809,0
1,G12_G678,0.75,1.10,15000,544087,-81.7688,9.68762,82.3406742,-10.1482,0.0309091,200.739,200.995356,-50.5542022,0.153976557,0
1,G12_G678,0.75,1.10,15000,544205,-80.5847,102.46,130.353157,-19.048,10.1986,204.41,205.548743,-93.1852649,49.8928624,0
1,G12_G678,0.75,1.10,15000,545578,139.667,34.1817,143.788941,20.8708,-24.6943,201.436,204.014364,103.61008,-122.591295,0
1,G12_G678,0.75,1.10,15000,549365,-33.8848,37.5614,50.5869394,-6.10891,-5.95751,192.692,192.880838,-31.7029768,-30.9172669,0
1,G12_G678,0.75,1.10,15000,553136,-36.646,-182.483,186.126233,2.34997,-1.63678,190.083,190.104572,12.3628625,-8.61086999,0
1,G12_G678,0.75,1.10,15000,556989,55.4476,-181.624,189.89922,4.75334,-5.4009,205.891,206.016669,23.0866818,-26.2318411,0
1,G12_G678,0.75,1.10,15000,563239,-85.233,-89.3963,123.51665,4.79723,3.58101,207.135,207.221488,23.1599199,17.2882902,0
1,G12_G678,0.75,1.10,15000,577760,10.0531,-155.576,155.90047,7.84984,-2.95346,204.827,204.998641,38.3242444,-14.4192904,0
1,G12_G678,0.75,1.10,15000,583516,-31.3116,86.1262,91.6413587,-9.25961,9.4042,191.444,191.89837,-48.3671988,49.1224588,0
1,G12_G678,0.75,1.10,15000,584918,-153.423,-105.822,186.378412,-17.0961,-12.5216,200.972,202.08615,-85.067074,-62.3051967,0
1,G12_G678,0.75,1.10,15000,585551,-20.0135,16.4903,25.9320299,-29.076,-2.76569,188.249,190.501309,-154.455004,-14.6916584,0
1,G12_G678,0.75,1.10,15000,588099,140.989,-10.1263,141.352185,5.68392,3.52952,209.859,209.965627,27.084471,16.8185305,0
1,G12_G678,0.75,1.10,15000,588340,-191.965,37.3902,195.572463,-5.74949,2.96281,203.88,203.982571,-28.200363,14.5321267,0
1,G12_G678,0.75,1.10,15000,589498,-27.5653,130.736,133.610432,-1.90528,0.823098,205.523,205.533479,-9.27039796,4.00489483,0
1,G12_G678,0.75,1.10,15000,590148,-25.8071,-125.326,127.955511,9.71706,-4.51685,203.238,203.520289,47.8112361,-22.2244364,0
1,G12_G678,0.75,1.10,15000,592361,108.953,32.089,113.580193,17.287,-1.31752,199.794,200.544805,86.5241198,-6.59439222,0
1,G12_G678,0.75,1.10,15000,596238,157.782,-104.011,188.980019,-4.70253,-11.9973,196.792,197.213438,-23.8959409,-60.9643685,0
1,G12_G678,0.75,1.10,15000,597131,50.4956,-100.607,112.568086,13.2599,-14.9255,202.226,203.20913,65.5697091,-73.8060388,0
1,G12_G678,0.75,1.10,15000,600048,-44.8254,-139.88,146.886796,4.75542,1.79937,196.737,196.80269,24.1714573,9.1460681,0
1,G12_G678,0.75,1.10,15000,602120,96.5228,-3.61444,96.5904503,47.2502,-17.7508,192.362,198.873858,245.631674,-92.2781007,0
1,G12_G678,0.75,1.10,15000,610366,23.1923,-84.7932,87.9077331,-3.40642,-2.31218,198.293,198.335735,-17.1787204,-11.6604217,0
1,G12_G678,0.75,1.10,15000,611745,118,150.591,191.315575,22.0909,22.3257,207.493,209.856593,106.46576,107.597365,0
1,G12_G678,0.75,1.10,15000,614714,-141.833,-30.4977,145.074841,-19.0373,-6.07629,189.855,190.903801,-100.27284,-32.0048985,0
1,G12_G678,0.75,1.10,15000,615319,183.708,37.4528,187.48691,1.42023,1.04165,201.026,201.033715,7.06490703,5.18166804,0
1,G12_G678,0.75,1.10,15000,615627,-126.352,-33.7315,130.77707,-7.05909,-0.0127717,197.207,197.333301,-35.7953318,-0.0647629141,0
1,G12_G678,0.75,1.10,15000,617395,78.3055,-47.4083,91.5385069,8.73079,-23.0003,205.343,206.81148,42.5180795,-112.009175,0
1,G12_G678,0.75,1.10,15000,618761,29.8438,139.304,142.464932,-3.19081,4.77021,207.511,207.590345,-15.3765824,22.9877452,0
1,G12_G678,0.75,1.10,15000,620699,-28.764,170.398,172.808698,-0.846291,1.11683,195.099,195.104032,-4.3377516,5.72442709,0
1,G12_G678,0.75,1.10,15000,632633,22.3245,19.8105,29.8469297,-5.49562,-0.474896,198.492,198.568632,-27.6868589,-2.3925196,0
1,G12_G678,0.75,1.10,15000,633840,154.448,1.12753,154.452116,17.2794,-4.17704,204.658,205.428631,84.4306111,-20.4098545,0
1,G12_G678,0.75,1.10,15000,635768,48.1772,-11.037,49.4252766,-0.260024,-3.31478,198.551,198.578838,-1.30960811,-16.6948542,0
1,G12_G678,0.75,1.10,15000,636183,41.4355,164.729,169.860366,3.50605,25.5764,199.765,201.426165,17.5508723,128.032438,0
1,G12_G678,0.75,1.10,15000,637908,-25.3842,-27.936,37.7462277,-16.527,-0.550297,203.061,203.733194,-81.3893362,-2.71000832,0
1,G12_G678,0.75,1.10,15000,639587,96.2809,17.7964,97.9118152,-5.36176,-19.8108,203.255,204.288549,-26.3794741,-97.467713,0
1,G12_G678,0.75,1.10,15000,640046,-28.9483,92.3131,96.7456072,3.75352,19.2309,206.534,207.461345,18.17386,93.1125142,0
1,G12_G678,0.75,1.10,15000,648123,-57.6438,-78.8205,97.6497767,-7.94742,1.04068,194.798,194.962831,-40.7982628,5.34235464,0
1,G12_G678,0.75,1.10,15000,649560,14.8205,37.9473,40.7387383,-11.9776,-10.778,199.86,200.508473,-59.929951,-53.9277494,0
1,G12_G678,0.75,1.10,15000,649642,-64.3844,176.206,187.600388,-0.432924,20.7614,190.131,191.261654,-2.27697745,109.195239,0
1,G12_G678,0.75,1.10,15000,650751,39.0476,141.335,146.629797,3.88199,3.05931,200.266,200.326983,19.3841691,15.2762326,0
1,G12_G678,0.75,1.10,15000,654506,51.2894,-158.23,166.33501,-7.14966,-9.42142,196.374,196.729837,-36.408384,-47.9769216,0
1,G12_G678,0.75,1.10,15000,656587,-75.8913,-84.9053,113.87888,-0.713984,-2.9419,195.941,195.964385,-3.64387239,-15.0142135,0
1,G12_G678,0.75,1.10,15000,657896,-60.6934,4.5764,60.8656902,-7.29573,2.84223,202.977,203.127961,-35.9436291,14.0027195,0
1,G12_G678,0.75,1.10,15000,660925,141.768,23.3603,143.679746,38.178,22.342,194.427,199.395544,196.361616,114.912024,0
1,G12_G678,0.75,1.10,15000,668383,-61.7745,13.1652,63.161787,-1.24361,-0.149263,204.714,204.717832,-6.07486542,-0.72912942,0
1,G12_G678,0.75,1.10,15000,670029,-16.0757,-174.078,174.818701,2.14086,-2.33673,198.787,198.812261,10.7696177,-11.7549437,0
1,G12_G678,0.75,1.10,15000,671541,134.624,85.2974,159.371477,9.26349,0.0602155,198.944,199.159562,46.5633042,0.302675627,0
1,G12_G678,0.75,1.10,15000,673802,-98.93,-70.5572,121.513223,-3.91048,-10.794,197.924,198.256682,-19.7574827,-54.5360846,0
1,G12_G678,0.75,1.10,15000,685853,11.8974,-156.218,156.670392,-4.11629,-3.60655,204.508,204.581214,-20.1277701,-17.6352514,0
1,G12_G678,0.75,1.10,15000,687014,-26.3037,0.0769444,26.3038125,0.0684409,4.33785,200.821,200.867856,0.340805493,21.6005796,0
1,G12_G678,0.75,1.10,15000,688919,-12.3441,106.994,107.703727,-17.8724,7.52321,195.662,196.620547,-91.3432348,38.4500312,0
1,G12_G678,0.75,1.10,15000,689508,-54.5384,-163.471,172.32877,-10.9161,-5.4129,193.942,194.324368,-56.2853843,-27.9098906,0
1,G12_G678,0.75,1.10,15000,690808,-54.1253,-82.6517,98.7970223,1.07417,-0.9224,192.189,192.194215,5.58913361,-4.79944222,0
1,G12_G678,0.75,1.10,15000,693506,-38.045,-103.327,110.108542,-2.74286,-0.209536,200.23,200.248895,-13.6985467,-1.04647655,0
1,G12_G678,0.75,1.10,15000,699192,27.3798,-119.851,122.938666,-3.59455,-1.1533,194.437,194.473643,-18.4869649,-5.93148423,0
1,G12_G678,0.75,1.10,15000,707631,-80.617,151.834,171.908884,8.30346,9.58758,205.131,205.522739,40.478816,46.7388157,0
1,G12_G678,0.75,1.10,15000,708256,17.6637,97.3813,98.9703182,-6.15375,1.18235,192.717,192.818849,-31.9315369,6.13516192,0
1,G12_G678,0.75,1.10,15000,714139,-24.8006,149.232,151.278748,-7.09275,4.71359,193.515,193.702298,-36.6521975,24.35775,0
1,G12_G678,0.75,1.10,15000,719761,28.078,-25.995,38.2637441,4.48488,1.13349,208.727,208.778254,21.4868225,5.43049055,0
1,G12_G678,0.75,1.10,15000,721640,-42.6935,79.7308,90.4418897,-8.05024,2.33132,191.658,191.841159,-42.0031514,12.1639587,0
1,G12_G678,0.75,1.10,15000,723426,149.1,-89.3694,173.83239,14.091,-15.5862,195.372,196.498611,72.1239482,-79.7770407,0
1,G12_G678,0.75,1.10,15000,731822,-122.781,-106.683,162.654347,-10.3664,-2.73611,197.988,198.278079,-52.3587288,-13.8195749,0
1,G12_G678,0.75,1.10,15000,733482,31.2679,-24.8306,39.9279384,3.3352,1.47754,200.083,200.11625,16.6690823,7.38463538,0
1,G12_G678,0.75,1.10,15000,734694,-83.5195,125.626,150.855556,-13.3595,6.7645,192.316,192.898104,-69.4663991,35.1738805,0
1,G12_G678,0.75,1.10,15000,734866,-37.4006,20.8988,42.843491,7.91695,0.479659,204.042,204.196097,38.8005901,2.35078562,0
1,G12_G678,0.75,1.10,15000,735888,-110.728,-48.8457,121.023107,1.44834,-1.1018,194.127,194.135529,7.46078598,-5.67566593,0
1,G12_G678,0.75,1.10,15000,737349,-43.3536,-131.66,138.614178,0.893316,-0.285001,201.449,201.451182,4.43445239,-1.4147551,0
1,G12_G678,0.75,1.10,15000,740848,-44.0391,-42.6437,61.301937,2.12254,-6.26736,205.525,205.631492,10.3274054,-30.4943924,0
1,G12_G678,0.75,1.10,15000,743996,120.058,24.9545,122.624021,10.7008,10.7942,193.146,193.743127,55.4026488,55.8862208,0
1,G12_G678,0.75,1.10,15000,749221,-39.8123,-107.63,114.757292,9.33741,-4.27453,204.993,205.250064,45.5498968,-20.8520779,0
1,G12_G678,0.75,1.10,15000,753761,-42.8775,-90.4952,100.139209,1.78575,3.16003,193.442,193.47605,9.23144922,16.3358009,0
1,G12_G678,0.75,1.10,15000,755846,-32.4029,44.4062,54.9714337,-6.91052,-0.305584,190.708,190.833409,-36.2361306,-1.60236592,0
1,G12_G678,0.75,1.10,15000,758110,-61.8631,-142.769,155.595728,-5.66737,-18.3064,191.133,192.091299,-29.6514469,-95.7783324,0
1,G12_G678,0.75,1.10,15000,760124,-83.9335,-27.7008,88.3864624,-13.8796,1.02697,207.426,207.892384,-66.9135017,4.95101868,0
1,G12_G678,0.75,1.10,15000,760451,131.85,106.577,169.537841,52.667,-2.37116,186.093,193.416752,283.014407,-12.7418011,0
1,G12_G678,0.75,1.10,15000,765154,-102.361,41.7456,110.546232,-0.50079,0.966873,194.664,194.667045,-2.57258661,4.9668814,0
1,G12_G678,0.75,1.10,15000,765568,-109.717,134.435,173.524031,-0.126742,6.44838,193.494,193.601461,-0.655017727,33.3259946,0
1,G12_G678,0.75,1.10,15000,767449,65.5606,-61.2287,89.705886,9.09038,-8.89902,194.626,195.041297,46.7069148,-45.7236957,0
1,G12_G678,0.75,1.10,15000,773680,48.2074,-34.1765,59.0930332,1.29961,-4.98532,195.898,195.965734,6.63411571,-25.4485498,0
1,G12_G678,0.75,1.10,15000,781408,-71.1495,154.51,170.104649,6.32023,3.08598,204.106,204.227148,30.9654297,15.1194967,0
1,G12_G678,0.75,1.10,15000,791195,90.6872,80.2503,121.096156,2.046,2.48848,209.642,209.666752,9.75949476,11.8701405,0
1,G12_G678,0.75,1.10,15000,793517,-114.153,130.772,173.586357,3.55992,2.24021,199.938,199.982238,17.8051196,11.2045234,0
1,G12_G678,0.75,1.10,15000,794562,135.75,-143.708,197.686752,-3.98465,-3.6648,190.534,190.610895,-20.9130654,-19.2343624,0
1,G12_G678,0.75,1.10,15000,803468,184.456,11.9791,184.844569,41.3543,14.1943,191.003,195.943365,216.511259,74.3145396,0
1,G12_G678,0.75,1.10,15000,804506,-148.353,111.432,185.541648,-9.27074,9.84905,203.832,204.280284,-45.4822599,48.3194494,0
1,G12_G678,0.75,1.10,15000,805122,-76.8649,66.5029,101.640782,-18.1864,8.48747,193.69,194.726984,-93.8943673,43.8198668,0
1,G12_G678,0.75,1.10,15000,818888,-49.6738,51.688,71.6877657,-1.69975,-0.775837,209.309,209.317339,-8.12076882,-3.70665858,0
1,G12_G678,0.75,1.10,15000,820529,-81.6561,-48.5988,95.0240076,4.82372,0.37558,198.25,198.309031,24.3315006,1.89447667,0
1,G12_G678,0.75,1.10,15000,820774,-76.3102,-12.3713,77.3065048,-3.988,-0.108589,205.508,205.54672,-19.4055706,-0.528393055,0
1,G12_G678,0.75,1.10,15000,823918,-6.23924,-124.552,124.708175,6.38172,-1.73258,190.671,190.785635,33.4697988,-9.08675152,0
1,G12_G678,0.75,1.10,15000,824660,136.392,15.5795,137.278908,43.4661,-20.8422,193.244,199.165616,224.928588,-107.854319,0
1,G12_G678,0.75,1.10,15000,827822,-21.2392,-17.6678,27.627066,5.84452,-1.06431,204.83,204.916129,28.5335156,-5.19606503,0
1,G12_G678,0.75,1.10,15000,828665,-23.4965,84.6914,87.8903791,-12.8557,4.90402,191.525,192.018603,-67.1228299,25.6051168,0
1,G12_G678,0.75,1.10,15000,831236,33.7253,-175.194,178.410576,2.86806,-4.59869,209.231,209.301183,13.7076246,-21.9790088,0
1,G12_G678,0.75,1.10,15000,831272,180.807,-29.2274,183.154067,2.78503,-0.495176,206.036,206.055417,13.5172009,-2.40334699,0
1,G12_G678,0.75,1.10,15000,831464,185.087,-10.0376,185.358979,15.777,13.3671,194.489,195.585184,81.120269,68.7293369,0
1,G12_G678,0.75,1.10,15000,831740,-104.432,-58.6664,119.782257,2.09687,-2.58688,200.575,200.602641,10.4542939,-12.8973202,0
1,G12_G678,0.75,1.10,15000,835529,8.14405,89.0409,89.4125686,5.19443,2.78024,209.464,209.546842,24.7986766,13.2731161,0
1,G12_G678,0.75,1.10,15000,837225,118.147,-148.302,189.610645,15.6093,-0.0769688,208.782,209.364705,74.763629,-0.368656302,0
1,G12_G678,0.75,1.10,15000,850941,-56.9518,-149.01,159.522687,-0.190285,-0.929775,206.448,206.450181,-0.921709099,-4.50367647,0
1,G12_G678,0.75,1.10,15000,852188,170,95.0233,194.754788,33.1731,15.8601,203.201,206.500953,163.252641,78.0512891,0
1,G12_G678,0.75,1.10,15000,852533,8.48476,-58.0873,58.70371,-1.9433,-1.97442,203.23,203.248881,-9.56207253,-9.71519953,0
1,G12_G678,0.75,1.10,15000,856884,159.575,-59.9417,170.461691,6.40556,1.92359,192.557,192.673116,33.2657862,9.98971733,0
1,G12_G678,0.75,1.10,15000,858741,-16.1792,-13.9856,21.386059,-3.25934,-5.71208,197.341,197.450554,-16.516284,-28.9452268,0
1,G12_G678,0.75,1.10,15000,860138,97.8152,62.0796,115.852018,-2.02784,-14.8082,201.432,201.985756,-10.0671194,-73.5146352,0
1,G12_G678,0.75,1.10,15000,861374,-27.5099,-155.007,157.429237,4.75816,-7.5875,201.475,201.673959,23.6166274,-37.6597593,0
1,G12_G678,0.75,1.10,15000,865032,-159.439,-87.5669,181.903152,-11.3105,10.5623,202.581,203.171236,-55.8319882,52.1386507,0
1,G12_G678,0.75,1.10,15000,865043,51.2821,-114.496,125.45592,0.13972,-5.06067,193.484,193.550221,0.722126894,-26.1554961,0
1,G12_G678,0.75,1.10,15000,869380,-27.2654,183.683,185.695575,-4.51683,15.9988,190.111,190.836463,-23.7589093,84.1550463,0
1,G12_G678,0.75,1.10,15000,873957,28.5704,10.4868,30.4342033,3.23817,0.472646,204.831,204.85714,15.808984,2.30749252,0
1,G12_G678,0.75,1.10,15000,874736,-23.8833,61.8602,66.3106052,3.53176,4.32134,207.907,207.981893,16.9872106,20.7849664,0
1,G12_G678,0.75,1.10,15000,877098,47.0904,-101.833,112.193875,2.19283,-1.48483,204.248,204.265168,10.7361149,-7.26974071,0
1,G12_G678,0.75,1.10,15000,877124,-107.909,141.199,177.711873,0.365285,-1.77182,196.108,196.116344,1.86267261,-9.03491953,0
1,G12_G678,0.75,1.10,15000,877793,53.3136,17.1787,56.0129242,-2.56694,1.41658,201.791,201.812298,-12.7207854,7.02003558,0
1,G12_G678,0.75,1.10,15000,881599,-123.862,-30.6096,127.588176,-12.6092,-2.25848,194.101,194.52324,-64.9620558,-11.6355918,0
1,G12_G678,0.75,1.10,15000,883827,-33.2686,74.205,81.3214718,6.38638,2.21982,204.878,204.989532,31.1716241,10.8348383,0
1,G12_G678,0.75,1.10,15000,886153,-60.7791,43.3795,74.6718154,-4.01956,3.22525,193.976,194.044448,-20.721945,16.627057,0
1,G12_G678,0.75,1.10,15000,889156,63.4218,-48.1739,79.6432631,1.30003,-2.35502,195.377,195.395518,6.6539562,-12.0537218,0
1,G12_G678,0.75,1.10,15000,889643,174.922,-86.6371,195.201673,-1.07574,-4.52557,202.64,202.693383,-5.30862614,-22.3330537,0
1,G12_G678,0.75,1.10,15000,892971,11.7191,148.202,148.664623,-1.48621,24.9538,189.664,191.304296,-7.83601527,131.568458,0
1,G12_G678,0.75,1.10,15000,893272,118.856,151.314,192.412773,-4.0649,1.53985,197.381,197.428857,-20.5941808,7.80140946,0
1,G12_G678,0.75,1.10,15000,897973,155.544,57.8843,165.965443,30.437,27.3963,187.445,191.866089,162.378298,146.156473,0
1,G12_G678,0.75,1.10,15000,899920,-18.3914,-71.8839,74.1993172,-9.68906,-2.37086,200.454,200.70203,-48.3355782,-11.8274517,0
1,G12_G678,0.75,1.10,15000,903262,45.0113,19.1711,48.9239022,2.49085,3.35958,196.665,196.709464,12.6654463,17.0827549,0
1,G12_G678,0.75,1.10,15000,903349,51.7714,-160.196,168.353902,-2.17983,-7.60307,200.461,200.616975,-10.8740852,-37.9279261,0
1,G12_G678,0.75,1.10,15000,907088,-132.368,-68.2723,148.937552,-16.3672,2.6625,191.168,191.885847,-85.6168396,13.9275402,0
1,G12_G678,0.75,1.10,15000,909611,-92.1477,157.309,182.311053,0.544561,5.6447,200.832,200.912049,2.71152506,28.1065766,0
1,G12_G678,0.75,1.10,15000,918022,-80.0806,-2.90463,80.1332601,-10.0526,0.00587997,201.534,201.784558,-49.8804172,0.0291760695,0
1,G12_G678,0.75,1.10,15000,938441,-30.0995,101.578,105.943711,-8.93148,11.0602,189.945,190.476251,-47.0214009,58.2284345,0
1,G12_G678,0.75,1.10,15000,938809,102.44,-70.6005,124.412155,3.365,3.3988,208.72,208.774791,16.1220774,16.2840169,0
1,G12_G678,0.75,1.10,15000,947543,-142.062,-30.6553,145.331893,-5.32697,2.60063,192.907,192.998058,-27.6141871,13.481263,0
1,G12_G678,0.75,1.10,15000,960316,-18.1282,-133.113,134.341737,12.1962,-1.83493,205.853,206.222142,59.2471327,-8.91378799,0
1,G12_G678,0.75,1.10,15000,960598,89.1405,-144.094,169.437627,9.20468,-21.9019,193.688,195.139593,47.5232332,-113.07825,0
1,G12_G678,0.75,1.10,15000,962476,107.585,56.6651,121.595501,-3.15212,6.96799,200.51,200.655797,-15.7205127,34.7513341,0
1,G12_G678,0.75,1.10,15000,963488,165.912,-67.7553,179.213762,-2.60567,-2.15795,206.263,206.290745,-12.6327553,-10.4621284,0
1,G12_G678,0.75,1.10,15000,978401,-112.122,-36.0937,117.788361,-4.40343,-6.1753,209.189,209.326449,-21.0500074,-29.5201947,0
1,G12_G678,0.75,1.10,15000,979555,84.9722,117.802,145.250081,16.5136,27.9721,206.048,208.592703,80.1444324,135.755261,0
1,G12_G678,0.75,1.10,15000,981677,-59.3836,-124.765,138.176399,-4.81707,-5.69025,197.249,197.389846,-24.4212645,-28.848055,0
1,G12_G678,0.75,1.10,15000,991704,-63.0673,-9.58782,63.7919323,4.41313,0.128798,196.521,196.570587,22.4562769,0.655390518,0
1,G12_G678,0.75,1.10,15000,991941,135.596,-138.494,193.821731,5.72293,-7.52113,192.32,192.552075,29.7573315,-39.1073731,0
1,G12_G678,0.75,1.10,15000,994535,-120.396,-65.0343,136.838069,-8.38373,-18.7418,196.011,197.083368,-42.7717322,-95.6160624,0
1,G12_G678,0.75,1.10,15000,998265,164.809,0.0744531,164.809017,33.2003,28.9921,191.902,196.898907,173.006535,151.077633,0
1,G12_G678,0.75,1.10,15000,999537,-38.506,135.465,140.831382,3.38586,1.55845,200.155,200.189702,16.91619,7.78621568,0
1,G12_G678,0.75,1.10,15500,10212,179.368,11.7326,179.75131,7.99532,-0.397448,191.132,191.299568,41.8314045,-2.07944248,0
1,G12_G678,0.75,1.10,15500,14743,63.6409,-18.803,66.3605075,6.95956,-0.246654,207.273,207.389954,33.5767804,-1.1899958,0
1,G12_G678,0.75,1.10,15500,19361,60.8627,75.2145,96.7547893,1.75007,-2.18421,201.516,201.535436,8.68452133,-10.8388912,0
1,G12_G678,0.75,1.10,15500,19654,67.2895,68.3091,95.8854001,9.77513,-2.56712,208.678,208.922596,46.8431267,-12.3018239,0
1,G12_G678,0.75,1.10,15500,23213,63.5189,-1.05936,63.5277333,38.2608,-0.546157,186.64,190.522116,204.997857,-2.92625911,0
1,G12_G678,0.75,1.10,15500,28089,-99.5962,76.7663,125.747636,-26.1292,-14.3485,188.567,190.90869,-138.567194,-76.0923173,0
1,G12_G678,0.75,1.10,15500,30079,-131.494,55.9904,142.918148,-13.0502,3.01368,194.918,195.377626,-66.9522568,15.4612709,0
1,G12_G678,0.75,1.10,15500,36512,67.7227,96.2262,117.668372,0.529466,-0.843007,203.77,203.772432,2.59835108,-4.13705158,0
1,G12_G678,0.75,1.10,15500,38225,104.337,158.222,189.526808,11.844,14.0534,196.25,197.108703,60.3515924,71.6096815,0
1,G12_G678,0.75,1.10,15500,38785,13.2995,-131.352,132.023576,6.6949,4.73519,208.856,209.016919,32.0551002,22.6720324,0
1,G12_G678,0.75,1.10,15500,40760,-134.359,51.4637,143.877911,-6.96614,2.57954,198.245,198.384125,-35.1390451,13.0118792,0
1,G12_G678,0.75,1.10,15500,55360,138.115,-39.3628,143.614704,18.0608,-7.12582,193.83,194.799997,93.1785585,-36.7632461,0
1,G12_G678,0.75,1.10,15500,59399,176.626,-50.4005,183.676221,13.7007,-7.25804,201.032,201.628999,68.1518365,-36.1039039,0
1,G12_G678,0.75,1.10,15500,61439,-34.7307,-67.881,76.2499291,6.61038,0.452274,196.184,196.295857,33.6947967,2.3053562,0
1,G12_G678,0.75,1.10,15500,65981,-2.37877,26.7525,26.8580491,-4.24647,0.704558,192.551,192.599108,-22.0537416,3.65907214,0
1,G12_G678,0.75,1.10,15500,67813,34.7264,-75.1531,82.7883524,-1.16333,-9.24971,203.943,204.155964,-5.70419186,-45.3543882,0
1,G12_G678,0.75,1.10,15500,68300,-89.2631,-165.34,187.896824,1.21024,0.18665,209.68,209.683576,5.77184281,0.890165967,0
1,G12_G678,0.75,1.10,15500,70474,-8.34147,28.0374,29.2519387,2.86305,-2.24374,190.093,190.127799,15.0613121,-11.8033805,0
1,G12_G678,0.75,1.10,15500,71217,-146.465,-35.0626,150.603394,-27.9387,1.83479,193.58,195.59436,-144.326377,9.47820023,0
1,G12_G678,0.75,1.10,15500,72767,35.5649,-130.538,135.296088,-5.36407,6.48581,193.933,194.115552,-27.6593978,33.4435604,0
1,G12_G678,0.75,1.10,15500,78997,68.9964,97.2892,119.271504,-2.18464,-2.55992,201.742,201.770068,-10.8288805,-12.6890781,0
1,G12_G678,0.75,1.10,15500,84084,21.8636,98.967,101.353264,-4.33401,-2.45614,209.277,209.336282,-20.7094425,-11.7363112,0
1,G12_G678,0.75,1.10,15500,88258,-107.344,33.6357,112.49042,-5.8042,-3.72817,197.884,198.004206,-29.3313254,-18.8401791,0
1,G12_G678,0.75,1.10,15500,89190,45.3356,-122.472,130.593673,2.67324,-1.61982,197.855,197.879688,13.5111066,-8.18690455,0
1,G12_G678,0.75,1.10,15500,91584,-101.516,-7.68498,101.806469,-14.4942,-0.306272,209.377,209.878307,-69.2253686,-1.46277767,0
1,G12_G678,0.75,1.10,15500,94538,-49.3835,-144.293,152.509672,-2.96495,-0.463923,200.418,200.440467,-14.7938309,-2.31477712,0
1,G12_G678,0.75,1.10,15500,98146,28.5066,-156.847,159.41646,13.5261,0.211457,205.607,206.051543,65.7861843,1.02845234,0
1,G12_G678,0.75,1.10,15500,99864,-94.6727,-31.9173,99.9081286,0.658231,2.21157,202.409,202.422152,3.25198484,10.9262434,0
1,G12_G678,0.75,1.10,15500,105309,-69.8577,-2.38542,69.8984154,-7.55619,1.49202,195.527,195.678639,-38.645251,7.63076199,0
1,G12_G678,0.75,1.10,15500,106836,153.68,-22.3081,155.290675,18.5536,-19.7824,197.942,199.791428,93.7325075,-99.9403866,0
1,G12_G678,0.75,1.10,15500,111680,-59.5746,-17.2204,62.0135077,7.34047,-1.48288,208.016,208.150757,35.2880067,-7.12868241,0
1,G12_G678,0.75,1.10,15500,120181,-16.9695,-93.1163,94.64993,10.7789,-20.6648,207.204,208.51071,52.0207139,-99.7316654,0
1,G12_G678,0.75,1.10,15500,120467,-22.9758,-42.0137,47.8856803,-11.816,2.35021,190.352,190.732864,-62.0744726,12.3466525,0
1,G12_G678,0.75,1.10,15500,122611,-49.1296,165.696,172.826161,-14.019,-0.133002,200.015,200.505736,-70.0897433,-0.664960128,0
1,G12_G678,0.75,1.10,15500,124214,-30.2285,-10.4747,31.9918982,2.9781,0.0684808,198.333,198.35537,15.0156555,0.345281925,0
1,G12_G678,0.75,1.10,15500,124463,-73.2453,160.877,176.766182,-3.31401,-3.94928,195.794,195.861864,-16.9260039,-20.1705875,0
1,G12_G678,0.75,1.10,15500,127585,-46.9671,-90.7116,102.149414,-14.8636,-0.261409,199.657,200.209672,-74.4456743,-1.30929043,0
1,G12_G678,0.75,1.10,15500,132821,-36.5518,-19.1069,41.244487,-5.21589,2.01044,202.724,202.801054,-25.7290207,9.91712871,0
1,G12_G678,0.75,1.10,15500,137149,197.257,29.9255,199.514059,13.1879,27.5249,197.681,200.023295,66.7130377,139.238976,0
1,G12_G678,0.75,1.10,15500,144025,-54.2664,82.081,98.3978289,2.2763,1.49546,207.676,207.693859,10.9608236,7.20092837,0
1,G12_G678,0.75,1.10,15500,144189,46.4211,-116.718,125.610549,2.73159,-8.51003,197.002,197.20464,13.8657983,-43.1976833,0
1,G12_G678,0.75,1.10,15500,145543,2.29804,-131.716,131.736045,-0.895832,-6.60796,195.823,195.936508,-4.57470267,-33.744555,0
1,G12_G678,0.75,1.10,15500,146450,-17.367,-58.1263,60.6653067,18.6921,-16.282,205.663,207.151557,90.8870336,-79.1683482,0
1,G12_G678,0.75,1.10,15500,170216,7.44686,191.908,192.052431,-6.50073,-4.53344,190.693,190.857622,-34.0900295,-23.7734998,0
1,G12_G678,0.75,1.10,15500,171667,-164.372,-29.6579,167.026182,-23.3543,4.90306,189.291,190.789271,-123.377762,25.9022352,0
1,G12_G678,0.75,1.10,15500,176062,136.966,44.8492,144.121948,21.5135,20.9795,201.339,203.569062,106.852125,104.199882,0
1,G12_G678,0.75,1.10,15500,177133,69.6705,-183.296,196.090291,15.3516,3.21415,207.01,207.60333,74.1587363,15.5265446,0
1,G12_G678,0.75,1.10,15500,178255,-101.968,-136.825,170.641594,-6.15384,4.14117,192.566,192.708805,-31.9570433,21.5051982,0
1,G12_G678,0.75,1.10,15500,178856,-48.5323,-164.361,171.376552,-9.26383,7.40872,194.445,194.806483,-47.6424182,38.1018797,0
1,G12_G678,0.75,1.10,15500,183338,-57.4775,-100.112,115.438622,-2.13697,-1.81928,208.885,208.903853,-10.230366,-8.70948129,0
1,G12_G678,0.75,1.10,15500,195902,-102.502,-37.4248,109.120464,-15.7679,-4.10197,194.033,194.715839,-81.2640118,-21.1405792,0
1,G12_G678,0.75,1.10,15500,208014,-147.172,62.2964,159.813764,-9.65783,0.033131,208.853,209.076183,-46.2422374,0.158633106,0
1,G12_G678,0.75,1.10,15500,208522,5.16708,184.195,184.26746,3.48257,-0.86281,206.281,206.3122,16.8826504,-4.18269254,0
1,G12_G678,0.75,1.10,15500,209996,-0.177083,-53.5755,53.5757927,-6.06028,2.72503,194.576,194.689426,-31.1460817,14.0049646,0
1,G12_G678,0.75,1.10,15500,219140,134.766,-67.871,150.89184,10.6629,1.34023,206.32,206.5997,51.6813687,6.49588019,0
1,G12_G678,0.75,1.10,15500,223567,-9.12915,66.4626,67.0866498,6.65949,-6.84032,203.668,203.891621,32.6977728,-33.5856394,0
1,G12_G678,0.75,1.10,15500,230024,171.442,-3.6674,171.481221,14.0331,-3.98496,203.911,204.432149,68.8197302,-19.5426436,0
1,G12_G678,0.75,1.10,15500,232726,25.5484,-174.487,176.347481,-1.59169,-10.4921,194.943,195.231634,-8.16489948,-53.8213734,0
1,G12_G678,0.75,1.10,15500,236021,-76.5409,153.792,171.786171,-16.1615,-8.30187,191.371,192.231565,-84.4511446,-43.3810243,0
1,G12_G678,0.75,1.10,15500,239225,-106.744,126.802,165.749898,-4.21079,-7.53934,201.116,201.301311,-20.9371209,-37.4875196,0
1,G12_G678,0.75,1.10,15500,240667,38.9002,155.683,160.46938,-1.13085,-5.54919,200.985,201.064772,-5.62653929,-27.6099709,0
1,G12_G678,0.75,1.10,15500,243336,-60.9979,33.1129,69.4061089,-0.309158,1.32705,195.488,195.492749,-1.58146792,6.78839622,0
1,G12_G678,0.75,1.10,15500,261956,21.4967,173.477,174.803826,1.23561,-4.52595,200.394,200.448912,6.16590317,-22.585257,0
1,G12_G678,0.75,1.10,15500,265728,-124.49,-7.116,124.693214,-20.462,3.56857,194.836,195.940029,-105.021659,18.315763,0
1,G12_G678,0.75,1.10,15500,275842,-45.3358,154.406,160.924043,0.731859,-6.29989,198.789,198.890147,3.68158701,-31.6913411,0
1,G12_G678,0.75,1.10,15500,277896,-79.4461,-86.6599,117.565391,-3.4013,4.303,193.957,194.034539,-17.5363612,22.1853297,0
1,G12_G678,0.75,1.10,15500,278352,73.5715,3.99054,73.6796446,-1.25276,1.56982,196.271,196.281276,-6.38280744,7.99822694,0
1,G12_G678,0.75,1.10,15500,279347,78.9912,5.21487,79.1631514,4.43474,-4.74249,205.866,205.968367,21.5418768,-23.0367812,0
1,G12_G678,0.75,1.10,15500,296434,-5.64571,81.4378,81.6332611,-2.13687,-6.45365,191.091,191.211888,-11.1824733,-33.7726528,0
1,G12_G678,0.75,1.10,15500,299468,74.4031,176.767,191.787366,3.92846,22.7053,198.57,199.902497,19.7837538,114.34406,0
1,G12_G678,0.75,1.10,15500,311657,96.8074,-109.266,145.981956,31.6152,-18.202,193.808,197.211497,163.126393,-93.9176917,0
1,G12_G678,0.75,1.10,15500,313505,20.6531,60.883,64.2906698,0.793201,-2.18352,199.13,199.143551,3.9833325,-10.9652991,0
1,G12_G678,0.75,1.10,15500,313872,-69.5298,-52.3191,87.0154085,-10.4407,-1.24916,193.148,193.434016,-54.0554394,-6.46737217,0
1,G12_G678,0.75,1.10,15500,321036,91.8903,94.83,132.047553,11.2298,-4.00886,201.649,202.001234,55.6898373,-19.8803862,0
1,G12_G678,0.75,1.10,15500,322502,20.6843,-54.8845,58.65278,19.1498,13.938,199.797,201.195984,95.846284,69.7608072,0
1,G12_G678,0.75,1.10,15500,324856,114.852,-105.329,155.837031,-0.301316,3.08494,192.841,192.865909,-1.56251005,15.9973242,0
1,G12_G678,0.75,1.10,15500,333300,149.967,50.1745,158.137856,11.3184,-17.4584,208.62,209.65497,54.253667,-83.6851692,0
1,G12_G678,0.75,1.10,15500,333903,107.666,12.9738,108.444857,13.8751,-2.47714,207.275,207.753653,66.9405379,-11.950983,0
1,G12_G678,0.75,1.10,15500,336284,80.381,6.60106,80.6515911,5.70583,-4.35196,200.668,200.796271,28.4341798,-21.6873642,0
1,G12_G678,0.75,1.10,15500,339213,-51.0736,158.177,166.218158,-2.68461,-0.381667,194.337,194.355917,-13.814199,-1.96394408,0
1,G12_G678,0.75,1.10,15500,340543,-121.049,143.179,187.491564,-14.4985,2.43505,196.957,197.504926,-73.6125144,12.3633585,0
1,G12_G678,0.75,1.10,15500,346777,-128.334,98.8934,162.017037,-10.0762,7.58773,198.055,198.456258,-50.8757668,38.3112267,0
1,G12_G678,0.75,1.10,15500,361466,31.7231,-3.1822,31.8823065,-1.6085,-10.2698,202.359,202.625815,-7.94874456,-50.750399,0
1,G12_G678,0.75,1.10,15500,390356,-1.36268,-4.97992,5.16299332,-0.969818,1.7419,200.598,200.607907,-4.83463444,8.68353623,1
1,G12_G678,0.75,1.10,15500,392988,39.1458,4.90446,39.4518363,-7.9712,-1.19843,195.111,195.27744,-40.854693,-6.14229849,0
1,G12_G678,0.75,1.10,15500,397336,49.568,-170.212,177.282575,0.776765,-1.35883,197.468,197.474203,3.93362469,-6.88126684,0
1,G12_G678,0.75,1.10,15500,400841,48.5885,34.4075,59.5375376,9.8501,1.2695,206.077,206.31618,47.7981531,6.16031872,0
1,G12_G678,0.75,1.10,15500,402056,164.214,38.2078,168.600337,23.7022,0.93298,202.788,204.170609,116.88167,4.60076533,0
1,G12_G678,0.75,1.10,15500,436170,10.8424,-167.936,168.285643,-3.44167,2.34166,201.429,201.472009,-17.0862686,11.6252377,0
1,G12_G678,0.75,1.10,15500,436685,8.91547,-13.4455,16.132795,8.97088,0.564499,195.437,195.643595,45.9016461,2.8883937,1
1,G12_G678,0.75,1.10,15500,437013,-167.06,95.6763,192.517526,-8.71381,-5.91941,197.363,197.643932,-44.1511834,-29.9925011,0
1,G12_G678,0.75,1.10,15500,448237,-54.2414,-6.73692,54.6581702,-1.70278,-2.49307,197.307,197.330097,-8.63010436,-12.6354868,0
1,G12_G678,0.75,1.10,15500,470329,-4.54787,-115.629,115.718403,6.27111,6.58376,199.159,199.366447,31.4879569,33.0578081,0
1,G12_G678,0.75,1.10,15500,482580,9.6941,-5.82055,11.307271,6.9059,4.53596,197.033,197.20616,35.0494587,23.0213213,1
1,G12_G678,0.75,1.10,15500,483242,-5.32102,-163.1,163.186774,1.62588,2.5799,194.43,194.453913,8.36228977,13.2690428,0
1,G12_G678,0.75,1.10,15500,485113,119.353,-152.604,193.734662,13.6373,-8.09773,191.968,192.622071,71.0394441,-42.1827075,0
1,G12_G678,0.75,1.10,15500,485841,-182.901,-43.8618,188.086771,-13.7693,5.57977,193.466,194.035617,-71.1716787,28.8410884,0
1,G12_G678,0.75,1.10,15500,504806,-76.8415,-28.7952,82.0596104,0.684902,0.874204,193.727,193.730183,3.53539775,4.51255633,0
1,G12_G678,0.75,1.10,15500,506910,-87.0261,-126.672,153.685841,-9.96283,-15.1828,202,202.814633,-49.3209406,-75.1623762,0
1,G12_G678,0.75,1.10,15500,509483,-28.1047,-82.3308,86.9956021,-4.89593,4.58337,205.198,205.307566,-23.8595405,22.3363288,0
1,G12_G678,0.75,1.10,15500,518988,38.5367,-11.2697,40.1507582,-1.43134,4.51473,206.425,206.479326,-6.93394695,21.8710428,0
1,G12_G678,0.75,1.10,15500,521014,-145.075,-96.8495,174.432168,-24.1341,3.3107,188.815,190.379935,-127.818764,17.5340942,0
1,G12_G678,0.75,1.10,15500,528054,109.125,80.9268,135.85806,8.6687,24.2811,191.329,193.058293,45.3078206,126.907578,0
1,G12_G678,0.75,1.10,15500,529326,122.229,60.3622,136.321398,16.3279,0.0564278,208.444,209.082531,78.3323099,0.270709639,0
1,G12_G678,0.75,1.10,15500,530246,69.5849,-7.10153,69.9463368,-5.27943,-4.28787,193.224,193.343664,-27.3228481,-22.1911874,0
1,G12_G678,0.75,1.10,15500,534284,98.6804,43.7112,107.928172,1.33894,-2.78876,201.265,201.288773,6.65262216,-13.8561598,0
1,G12_G678,0.75,1.10,15500,535827,28.4676,-91.4847,95.8115577,9.89708,7.31154,206.071,206.438048,48.0275245,35.4806838,0
1,G12_G678,0.75,1.10,15500,538632,124.974,143.833,190.542469,-4.23394,9.83704,205.837,206.115415,-20.5693826,47.7904361,0
1,G12_G678,0.75,1.10,15500,544087,-110.292,9.44849,110.695977,-14.8188,-0.401647,200.448,200.99542,-73.9284004,-2.00374661,0
1,G12_G678,0.75,1.10,15500,544205,-130.605,123.837,179.981301,-24.2559,4.98986,204.051,205.548189,-118.871753,24.4539845,0
1,G12_G678,0.75,1.10,15500,545578,197.224,-27.2404,199.096322,29.1137,-24.2886,200.461,204.015088,145.233736,-121.163718,0
1,G12_G678,0.75,1.10,15500,549365,-51.2453,21.0836,55.4129855,-8.23148,-7.15839,192.572,192.880727,-42.7449473,-37.1725381,0
1,G12_G678,0.75,1.10,15500,553136,-31.6661,-180.237,182.99759,0.823963,6.82313,189.98,190.104272,4.33710391,35.9149911,0
1,G12_G678,0.75,1.10,15500,563239,-76.2888,-77.9715,109.084994,1.14921,7.39846,207.086,207.221305,5.54943357,35.7265098,0
1,G12_G678,0.75,1.10,15500,577760,29.8846,-157.573,160.381856,8.954,4.34327,204.757,204.9987,43.7298847,21.2118267,0
1,G12_G678,0.75,1.10,15500,583516,-57.025,107.248,121.465979,-11.4888,4.73676,191.495,191.897797,-59.9953001,24.735685,0
1,G12_G678,0.75,1.10,15500,585551,-99.5034,8.71319,99.8841644,-32.5699,-3.25301,187.669,190.502058,-173.549707,-17.3337632,0
1,G12_G678,0.75,1.10,15500,588099,159.36,-1.5377,159.367419,12.7435,3.7131,209.546,209.965973,60.8148092,17.719737,0
1,G12_G678,0.75,1.10,15500,589498,-33.2001,128.431,132.652812,-3.35697,-5.19173,205.44,205.533007,-16.3403914,-25.2712714,0
1,G12_G678,0.75,1.10,15500,590148,-2.34178,-132.077,132.097759,9.30004,1.56941,203.302,203.520655,45.7449509,7.71959941,0
1,G12_G678,0.75,1.10,15500,592361,156.768,27.8399,159.220808,23.8351,-2.59131,199.107,200.545317,119.710005,-13.0146605,0
1,G12_G678,0.75,1.10,15500,596238,150.89,-130.317,199.374804,2.11091,-6.23137,197.104,197.213774,10.7096254,-31.6146298,0
1,G12_G678,0.75,1.10,15500,597131,85.4542,-133.617,158.606188,16.5939,-9.27213,202.318,203.209013,82.0189009,-45.8294863,0
1,G12_G678,0.75,1.10,15500,600048,-34.091,-130.581,134.957748,3.02873,8.04521,196.615,196.802837,15.4043689,40.9185973,0
1,G12_G678,0.75,1.10,15500,610366,15.2435,-87.6364,88.9522507,-2.6033,1.74512,198.311,198.335764,-13.1273606,8.79991528,0
1,G12_G678,0.75,1.10,15500,615319,193.543,38.7683,197.387624,10.1518,-0.714506,200.776,201.033758,50.5628163,-3.55872216,0
1,G12_G678,0.75,1.10,15500,615627,-148.965,-32.6515,152.501448,-13.5818,1.47967,196.859,197.332513,-68.9925276,7.51639498,0
1,G12_G678,0.75,1.10,15500,617395,102.39,-100.939,143.778976,12.9373,-19.1014,205.52,206.810801,62.9491047,-92.9418062,0
1,G12_G678,0.75,1.10,15500,618761,22.9931,146.072,147.870592,-2.05407,-1.9635,207.571,207.590449,-9.89574652,-9.45941389,0
1,G12_G678,0.75,1.10,15500,620699,-31.9842,167.338,170.367237,-2.27809,-6.73019,194.975,195.104423,-11.6840108,-34.5182203,0
1,G12_G678,0.75,1.10,15500,632633,8.99824,17.9627,20.0904682,-4.90491,-1.34014,198.504,198.569112,-24.7093761,-6.75119897,0
1,G12_G678,0.75,1.10,15500,635768,49.1651,-18.8607,52.6586466,1.97632,-2.54181,198.553,198.579104,9.9536144,-12.8016701,0
1,G12_G678,0.75,1.10,15500,637908,-67.665,-28.3632,73.3690898,-19.0608,0.741486,202.838,203.732958,-93.9705578,3.65555764,0
1,G12_G678,0.75,1.10,15500,638358,14.6359,-136.937,137.716925,4.22916,-13.5918,192.072,192.598744,22.018618,-70.7640885,0
1,G12_G678,0.75,1.10,15500,639587,86.0802,-30.6618,91.3780434,-1.30237,-19.0387,203.396,204.289258,-6.40312494,-93.6041023,0
1,G12_G678,0.75,1.10,15500,640046,-20.6165,135.026,136.590852,2.74543,13.5039,207.003,207.461164,13.2627546,65.2352864,0
1,G12_G678,0.75,1.10,15500,641598,-37.7265,102.082,108.830251,8.09423,4.16079,190.716,190.933029,42.4412739,21.8166803,0
1,G12_G678,0.75,1.10,15500,648123,-80.4585,-73.5222,108.991211,-11.3404,4.49238,194.58,194.961952,-58.2814267,23.0875732,0
1,G12_G678,0.75,1.10,15500,649560,-15.1807,10.1846,18.2805834,-12.2718,-11.6324,199.794,200.508235,-61.4222649,-58.2219686,1
1,G12_G678,0.75,1.10,15500,650751,50.2363,144.117,152.62174,6.03015,-3.59744,200.204,200.327097,30.1200276,-17.9688718,0
1,G12_G678,0.75,1.10,15500,654506,34.4845,-176.308,179.648801,-5.39327,-1.38953,196.651,196.72985,-27.4255915,-7.06596966,0
1,G12_G678,0.75,1.10,15500,656587,-80.3777,-89.3717,120.199315,-4.32501,1.15431,195.913,195.964134,-22.0761767,5.89195204,0
1,G12_G678,0.75,1.10,15500,657896,-81.0283,11.3086,81.8136287,-10.7339,2.41227,202.829,203.12715,-52.9209334,11.8931218,0
1,G12_G678,0.75,1.10,15500,668383,-66.9261,12.3757,68.0607142,-4.24133,-0.735617,204.673,204.718262,-20.7224695,-3.59410865,0
1,G12_G678,0.75,1.10,15500,670029,-11.1441,-173.953,174.309601,1.56317,5.78974,198.722,198.812469,7.86611447,29.1348718,0
1,G12_G678,0.75,1.10,15500,671541,162.978,82.6945,182.75724,16.3669,-3.67636,198.452,199.159703,82.4728398,-18.5251849,0
1,G12_G678,0.75,1.10,15500,673802,-112.311,-94.9792,147.08776,-8.78726,-6.75018,197.947,198.256893,-44.3919837,-34.1009462,0
1,G12_G678,0.75,1.10,15500,685853,2.05166,-159.737,159.750175,-3.8919,3.80371,204.509,204.581393,-19.0304583,18.5992304,0
1,G12_G678,0.75,1.10,15500,687014,-27.024,10.6828,29.0588849,-1.15911,3.98428,200.825,200.867864,-5.77174157,19.8395618,0
1,G12_G678,0.75,1.10,15500,688919,-59.2609,122.27,135.874233,-19.9323,2.12001,195.596,196.620412,-101.905458,10.8387186,0
1,G12_G678,0.75,1.10,15500,689508,-85.0837,-171.645,191.575682,-14.3727,2.32677,193.778,194.324218,-74.1709585,12.0074002,0
1,G12_G678,0.75,1.10,15500,690808,-53.2018,-82.1119,97.8406646,-1.37671,2.92004,192.167,192.194115,-7.16413328,15.1953249,0
1,G12_G678,0.75,1.10,15500,693506,-46.3198,-100.382,110.55347,-4.76109,4.50028,200.142,200.249196,-23.7885601,22.4854353,0
1,G12_G678,0.75,1.10,15500,699192,18.9269,-118.606,120.106664,-2.61243,4.41065,194.406,194.473575,-13.4380112,22.6878286,0
1,G12_G678,0.75,1.10,15500,707631,-62.6261,169.729,180.914239,5.27024,1.82866,205.447,205.522722,25.6525527,8.90088441,0
1,G12_G678,0.75,1.10,15500,708256,2.02508,96.9873,97.0084394,-5.85177,-3.35692,192.701,192.819054,-30.3670972,-17.4203559,0
1,G12_G678,0.75,1.10,15500,714139,-44.3257,156.041,162.214553,-8.85025,-2.43185,193.485,193.702571,-45.7412719,-12.5686746,0
1,G12_G678,0.75,1.10,15500,718883,101.643,8.02125,101.959011,38.7552,21.2799,204.546,209.26984,189.469361,104.034789,0
1,G12_G678,0.75,1.10,15500,719761,39.927,-22.4913,45.8260178,6.15717,2.22649,208.675,208.777689,29.5060261,10.6696538,0
1,G12_G678,0.75,1.10,15500,721640,-65.608,82.943,105.7542,-10.7436,-1.45199,191.535,191.841574,-56.092098,-7.58080769,0
1,G12_G678,0.75,1.10,15500,731822,-153.665,-110.023,188.992044,-16.9772,2.14515,197.538,198.277806,-85.9439703,10.8594296,0
1,G12_G678,0.75,1.10,15500,733482,40.8217,-20.3719,45.6226424,5.07884,2.486,200.036,200.115907,25.3896299,12.427763,0
1,G12_G678,0.75,1.10,15500,734694,-121.803,138.708,184.596533,-18.3571,0.704172,192.021,192.897754,-95.5994396,3.6671614,0
1,G12_G678,0.75,1.10,15500,734866,-18.91,21.3602,28.5279905,6.80313,-0.515126,204.082,204.19601,33.335277,-2.52411286,0
1,G12_G678,0.75,1.10,15500,735888,-110.82,-49.9373,121.551661,-3.62403,1.21229,194.098,194.135615,-18.6711352,6.24576245,0
1,G12_G678,0.75,1.10,15500,737349,-42.5724,-127.955,134.851367,-1.07848,5.73879,201.367,201.451646,-5.35579315,28.4991583,0
1,G12_G678,0.75,1.10,15500,740848,-40.2366,-56.2256,69.1397286,0.239441,-3.82611,205.596,205.631738,1.16461896,-18.6098465,0
1,G12_G678,0.75,1.10,15500,743996,152.478,51.5932,160.97018,17.1869,8.83388,192.777,193.743126,89.1543078,45.8243463,0
1,G12_G678,0.75,1.10,15500,749221,-17.9566,-114.314,115.71573,8.22962,0.99555,205.083,205.250468,40.1282408,4.85437603,0
1,G12_G678,0.75,1.10,15500,753761,-39.7049,-79.3247,88.7067478,-0.0915956,7.02075,193.349,193.476446,-0.473731956,36.3112817,0
1,G12_G678,0.75,1.10,15500,755846,-52.0283,42.0682,66.9079775,-9.03241,-2.28599,190.606,190.833586,-47.3878577,-11.9932741,0
1,G12_G678,0.75,1.10,15500,760124,-120.756,-24.404,123.197268,-18.9237,2.16748,207.018,207.892416,-91.4108918,10.4700074,0
1,G12_G678,0.75,1.10,15500,765154,-107.261,42.7485,115.465823,-5.34626,-1.00425,194.591,194.667019,-27.4743436,-5.1608245,0
1,G12_G678,0.75,1.10,15500,765568,-113.839,146.138,185.244792,-5.21778,-0.180315,193.532,193.602409,-26.9608127,-0.931706384,0
1,G12_G678,0.75,1.10,15500,767449,91.6004,-81.6161,122.685863,12.8886,-5.43577,194.539,195.041242,66.2520112,-27.9418009,0
1,G12_G678,0.75,1.10,15500,773680,53.2562,-45.4991,70.0456347,3.66171,-3.0209,195.909,195.966503,18.6908718,-15.4199143,0
1,G12_G678,0.75,1.10,15500,779388,176.957,48.2976,183.429654,-3.04742,2.5291,197.805,197.844639,-15.4061829,12.7858244,0
1,G12_G678,0.75,1.10,15500,781408,-57.761,156.79,167.091105,3.49883,-4.25305,204.153,204.22727,17.1382737,-20.8326598,0
1,G12_G678,0.75,1.10,15500,791195,98.593,83.5294,129.219737,6.4503,-1.335,209.563,209.666496,30.7797655,-6.37039935,0
1,G12_G678,0.75,1.10,15500,793517,-108.977,131.839,171.048264,-1.50209,-3.92483,199.938,199.98216,-7.51277896,-19.6302354,0
1,G12_G678,0.75,1.10,15500,794562,129.918,-148.017,196.94598,2.01894,3.22599,190.573,190.610995,10.5940506,16.9278439,0
1,G12_G678,0.75,1.10,15500,805122,-127.357,85.8694,153.6013,-23.2786,4.92832,193.267,194.726256,-120.447878,25.5000595,0
1,G12_G678,0.75,1.10,15500,818888,-55.4277,48.2093,73.4599655,-4.16702,-3.06583,209.254,209.31794,-19.9136934,-14.6512373,0
1,G12_G678,0.75,1.10,15500,820529,-72.0857,-46.005,85.5149587,1.38947,2.57199,198.287,198.308548,7.00736811,12.971047,0
1,G12_G678,0.75,1.10,15500,820774,-88.7202,-12.2304,89.559235,-7.88702,0.458367,205.395,205.546883,-38.3992794,2.2316366,0
1,G12_G678,0.75,1.10,15500,823918,10.589,-124.619,125.06807,6.64239,4.08248,190.626,190.785376,34.8451418,21.4161762,0
1,G12_G678,0.75,1.10,15500,827822,-7.42944,-19.6388,20.9971199,5.31944,-0.173386,204.847,204.916129,25.9678687,-0.846417082,0
1,G12_G678,0.75,1.10,15500,828665,-58.5146,94.3358,111.009917,-15.0526,0.692012,191.427,192.019155,-78.6336306,3.61501774,0
1,G12_G678,0.75,1.10,15500,831236,41.7806,-180.381,185.156484,4.66533,3.72223,209.216,209.301111,22.2991071,17.7913257,0
1,G12_G678,0.75,1.10,15500,831272,193.68,-29.478,195.910426,11.487,0.843058,205.733,206.055161,55.8345039,4.09782582,0
1,G12_G678,0.75,1.10,15500,831740,-102.654,-63.0261,120.458013,-2.61955,0.297532,200.585,200.602325,-13.0595508,1.48332129,0
1,G12_G678,0.75,1.10,15500,835529,21.0198,92.7099,95.0629136,5.98385,-1.48718,209.456,209.546735,28.5685299,-7.10020243,0
1,G12_G678,0.75,1.10,15500,850941,-59.3098,-146.372,157.931678,-2.89041,5.92615,206.345,206.450315,-14.0076571,28.7196201,0
1,G12_G678,0.75,1.10,15500,852533,3.9036,-60.9357,61.0606062,-1.7035,0.831187,203.24,203.248839,-8.3817162,4.08968215,0
1,G12_G678,0.75,1.10,15500,856884,182.222,-53.0252,189.780213,14.4759,4.39603,192.078,192.67287,75.3646956,22.8866919,0
1,G12_G678,0.75,1.10,15500,858741,-25.1454,-27.7213,37.42675,-4.28835,-4.60765,197.351,197.451355,-21.729558,-23.3474875,0
1,G12_G678,0.75,1.10,15500,860138,96.0697,23.8882,98.9951178,2.45533,-16.4475,201.3,201.985739,12.1973671,-81.7064083,0
1,G12_G678,0.75,1.10,15500,861374,-16.4048,-168.309,169.106585,3.87502,0.10189,201.636,201.673257,19.2178976,0.505316511,0
1,G12_G678,0.75,1.10,15500,865043,53.4344,-123.356,134.431908,2.53811,0.570901,193.533,193.550484,13.1146109,2.94988968,0
1,G12_G678,0.75,1.10,15500,873957,37.5664,11.2772,39.2225656,4.83883,-0.0413556,204.8,204.85716,23.6270996,-0.201931641,0
1,G12_G678,0.75,1.10,15500,874736,-16.0228,70.0675,71.876176,2.69634,1.15997,207.961,207.981714,12.9656041,5.57782469,0
1,G12_G678,0.75,1.10,15500,877098,54.1258,-102.063,115.526872,4.58017,3.25859,204.188,204.265356,22.4311419,15.9587733,0
1,G12_G678,0.75,1.10,15500,877124,-110.771,131.93,172.266478,-4.73375,-8.03394,195.895,196.116811,-24.1647311,-41.0114602,0
1,G12_G678,0.75,1.10,15500,877793,48.6425,20.0519,52.6134156,-0.27709,0.518278,201.811,201.811856,-1.37301733,2.56813553,0
1,G12_G678,0.75,1.10,15500,881599,-161.324,-35.3327,165.147911,-19.4865,-0.754354,193.544,194.523964,-100.682532,-3.89758401,0
1,G12_G678,0.75,1.10,15500,883827,-18.5155,77.0796,79.2722428,5.3424,-1.34921,204.915,204.98907,26.0712979,-6.58424225,0
1,G12_G678,0.75,1.10,15500,886153,-73.4646,50.052,88.8946014,-7.20588,0.997895,193.908,194.04441,-37.1613342,5.14622914,0
1,G12_G678,0.75,1.10,15500,889156,69.021,-52.4391,86.6819338,4.38089,0.0259917,195.347,195.396119,22.4261954,0.133054001,0
1,G12_G678,0.75,1.10,15500,889613,173.934,42.1299,178.963585,51.1693,-17.0837,187.808,195.402136,272.45538,-90.9636437,0
1,G12_G678,0.75,1.10,15500,893272,112.485,149.937,187.440602,1.19186,-5.51744,197.348,197.428711,6.03938221,-27.957922,0
1,G12_G678,0.75,1.10,15500,899920,-43.6186,-75.3026,87.0233522,-11.347,1.07022,200.378,200.701875,-56.6279731,5.3410055,0
1,G12_G678,0.75,1.10,15500,903262,53.0197,26.9055,59.4558199,4.80834,2.21356,196.638,196.709235,24.4527507,11.2570307,0
1,G12_G678,0.75,1.10,15500,903349,47.9522,-173.431,179.938115,0.0280086,0.322975,200.617,200.617262,0.139612296,1.60990843,0
1,G12_G678,0.75,1.10,15500,907088,-180.809,-59.2198,190.26003,-24.0374,5.33887,190.299,191.885407,-126.313853,28.0551658,0
1,G12_G678,0.75,1.10,15500,909611,-93.8414,165.849,190.557338,-3.68821,-1.96347,200.868,200.911452,-18.3613617,-9.77492682,0
1,G12_G678,0.75,1.10,15500,918022,-108.19,-2.79617,108.226127,-14.6325,0.134503,201.253,201.784286,-72.7069907,0.668327926,0
1,G12_G678,0.75,1.10,15500,938441,-55.0789,126.595,138.057884,-11.068,5.54759,190.074,190.476775,-58.2299525,29.1864747,0
1,G12_G678,0.75,1.10,15500,938809,114.021,-60.3473,129.006143,8.46616,6.31784,208.508,208.775422,40.603526,30.3002283,0
1,G12_G678,0.75,1.10,15500,947543,-161.18,-22.9967,162.812286,-12.4647,3.74519,192.559,192.998351,-64.7318484,19.4495713,0
1,G12_G678,0.75,1.10,15500,960316,11.4135,-133.137,133.62533,12.325,4.3775,205.806,206.221187,59.886495,21.270031,0
1,G12_G678,0.75,1.10,15500,962476,103.205,71.8146,125.73229,1.59309,3.81333,200.613,200.655564,7.9411105,19.0083893,0
1,G12_G678,0.75,1.10,15500,963488,164.961,-70.6762,179.463804,4.95491,1.09765,206.228,206.290436,24.0263689,5.32250713,0
1,G12_G678,0.75,1.10,15500,978401,-126.463,-49.4691,135.794264,-9.97825,-4.08518,209.048,209.325871,-47.7318606,-19.5418277,0
1,G12_G678,0.75,1.10,15500,981677,-73.8344,-134.722,153.627914,-7.9742,0.406024,197.228,197.389556,-40.4313789,2.05865293,0
1,G12_G678,0.75,1.10,15500,991704,-53.8255,-8.93583,54.5621985,1.8241,0.556828,196.562,196.571252,9.28002361,2.83283646,0
1,G12_G678,0.75,1.10,15500,994535,-146.147,-109.859,182.833108,-14.5056,-14.3717,196.022,197.08268,-73.9998572,-73.3167706,0
1,G12_G678,0.75,1.10,15500,999537,-31.2087,134.721,138.288578,1.85517,-4.75366,200.125,200.190046,9.27005621,-23.7534541,0
1,G12_G678,0.75,1.10,17000,14743,90.6324,-20.7896,92.9862323,-12.3687,-2.75301,207.002,207.389469,-59.7515966,-13.2994367,0
1,G12_G678,0.75,1.10,17000,19361,60.1426,53.3982,80.4269861,-11.8722,4.26357,201.141,201.536173,-59.0242666,21.1969216,0
1,G12_G678,0.75,1.10,17000,19654,108.219,43.3212,116.567913,-13.1156,2.54589,208.495,208.922631,-62.9060649,12.2107964,0
1,G12_G678,0.75,1.10,17000,36512,59.2802,87.3871,105.596626,-13.1831,9.76828,203.111,203.772647,-64.9058889,48.0933086,0
1,G12_G678,0.75,1.10,17000,38785,46.191,-87.0553,98.5506658,-2.73792,-5.99159,208.913,209.016834,-13.1055511,-28.6798332,0
1,G12_G678,0.75,1.10,17000,61439,7.45363,-62.9942,63.4336333,6.23233,-7.25964,196.062,196.295319,31.7875468,-37.0272669,0
1,G12_G678,0.75,1.10,17000,65981,-25.5398,33.6509,42.2452891,0.862257,4.79857,192.537,192.598718,4.47839636,24.922846,0
1,G12_G678,0.75,1.10,17000,67813,22.9068,-163.031,164.632404,-6.7869,-29.3197,201.926,204.156353,-33.6108277,-145.200222,0
1,G12_G678,0.75,1.10,17000,68300,-67.6002,-162.674,176.160771,17.6158,-19.6136,208.02,209.683881,84.6832035,-94.2870878,0
1,G12_G678,0.75,1.10,17000,70474,9.153,4.48895,10.1945123,1.31716,-1.72413,190.116,190.12838,6.92819121,-9.06883166,1
1,G12_G678,0.75,1.10,17000,72767,-0.551149,-63.9277,63.9300758,-6.46457,-1.26374,194.004,194.115789,-33.3218387,-6.5139894,0
1,G12_G678,0.75,1.10,17000,78997,45.5472,72.0284,85.2211114,-13.2841,6.20367,201.237,201.770372,-66.0122145,30.8276808,0
1,G12_G678,0.75,1.10,17000,84084,-4.40232,76.3037,76.4305898,-4.14912,7.02819,209.178,209.337159,-19.8353555,33.5990879,0
1,G12_G678,0.75,1.10,17000,88258,-120.943,-3.91681,121.006407,21.1446,-4.30504,196.824,198.003319,107.428972,-21.8725359,0
1,G12_G678,0.75,1.10,17000,89190,51.8312,-137.096,146.566662,-9.18666,-18.2316,196.824,197.879946,-46.6744909,-92.6289477,0
1,G12_G678,0.75,1.10,17000,91584,-162.356,-10.1158,162.670834,19.6435,-1.46641,208.952,209.878431,94.009629,-7.01792756,0
1,G12_G678,0.75,1.10,17000,94538,-56.5236,-147.272,157.746503,10.0078,-18.3188,199.351,200.440903,50.2019052,-91.8921902,0
1,G12_G678,0.75,1.10,17000,98146,95.0164,-152.159,179.389179,-6.36718,-18.1471,205.152,206.051453,-31.0364023,-88.4568515,0
1,G12_G678,0.75,1.10,17000,99864,-75.7254,-10.392,76.435135,18.2097,0.990186,201.599,202.422159,90.3263409,4.91166127,0
1,G12_G678,0.75,1.10,17000,105309,-99.6065,12.5103,100.389055,14.1144,3.00226,195.146,195.678796,72.3273856,15.3846863,0
1,G12_G678,0.75,1.10,17000,111680,-11.5342,-30.9932,33.0698687,11.3071,-5.3298,207.775,208.150686,54.4199254,-25.6517868,0
1,G12_G678,0.75,1.10,17000,120467,-84.9425,-16.8173,86.5912807,5.71632,0.411089,190.647,190.733122,29.983792,2.1562836,0
1,G12_G678,0.75,1.10,17000,122611,-115.417,159.559,196.926784,10.9722,18.6269,199.337,200.505836,55.0434691,93.4442677,0
1,G12_G678,0.75,1.10,17000,124214,-8.98258,-9.74174,13.2509713,5.64963,-1.12491,198.272,198.355665,28.4943411,-5.67356964,1
1,G12_G678,0.75,1.10,17000,124463,-77.3162,118.45,141.450335,14.8,10.0565,195.043,195.862056,75.8807032,51.5604251,0
1,G12_G678,0.75,1.10,17000,126323,53.3185,-21.4738,57.4803143,-14.7992,-15.646,193.511,194.705729,-76.4773062,-80.8532848,0
1,G12_G678,0.75,1.10,17000,127585,-119.488,-90.4407,149.856272,10.1464,-10.8947,199.656,200.210295,50.8194094,-54.5673559,0
1,G12_G678,0.75,1.10,17000,132821,-58.7206,0.279051,58.721263,7.25835,2.06512,202.66,202.800454,35.8154051,10.190072,0
1,G12_G678,0.75,1.10,17000,144025,-33.594,95.7944,101.514156,10.4554,13.3142,207.003,207.694067,50.5084467,64.3188746,0
1,G12_G678,0.75,1.10,17000,145543,-2.99914,-197.178,197.200808,-0.354552,-30.6936,193.517,195.936347,-1.83214911,-158.609321,0
1,G12_G678,0.75,1.10,17000,170216,-29.8855,142.75,145.8448,-0.644469,12.7048,190.433,190.85742,-3.38422962,66.7153277,0
1,G12_G678,0.75,1.10,17000,176506,-74.904,-37.1689,83.6189951,10.5848,-16.1446,189.066,190.049042,55.9846826,-85.3913448,0
1,G12_G678,0.75,1.10,17000,178255,-116.503,-89.927,147.172736,20.7122,-5.98163,191.499,192.708698,108.158267,-31.2358289,0
1,G12_G678,0.75,1.10,17000,178856,-89.7114,-85.9245,124.2222,10.4603,-2.57386,194.509,194.807068,53.7779743,-13.2326011,0
1,G12_G678,0.75,1.10,17000,183338,-59.512,-116.229,130.578936,11.2473,-16.0562,207.982,208.903843,54.0782375,-77.19995,0
1,G12_G678,0.75,1.10,17000,196976,-30.8339,-157.861,160.844101,39.2133,-18.5631,205.052,209.591494,191.235882,-90.5287439,0
1,G12_G678,0.75,1.10,17000,208522,22.5373,175.562,177.002672,-1.23765,20.8237,205.255,206.31232,-6.02981657,101.452827,0
1,G12_G678,0.75,1.10,17000,209996,-33.5471,-25.6335,42.219477,0.540994,-0.367149,194.689,194.690098,2.77875997,-1.88582303,0
1,G12_G678,0.75,1.10,17000,210858,-98.4898,23.254,101.197773,26.1767,6.0769,195.231,197.071793,134.080653,31.1267166,0
1,G12_G678,0.75,1.10,17000,214401,-48.1029,94.6354,106.159069,-15.1935,16.2425,198.927,200.166462,-76.377264,81.6505552,0
1,G12_G678,0.75,1.10,17000,223567,28.0118,1.12257,28.0342844,1.50162,-6.73178,203.775,203.891693,7.36900994,-33.0353576,0
1,G12_G678,0.75,1.10,17000,227352,56.5456,-19.9078,59.9476887,-15.9544,13.4312,207.766,208.810083,-76.7902352,64.6458035,0
1,G12_G678,0.75,1.10,17000,236021,-150.791,61.0107,162.666011,16.8493,-2.00942,191.481,192.231397,87.9946313,-10.494096,0
1,G12_G678,0.75,1.10,17000,239225,-110.353,51.0564,121.591696,21.0106,-1.78593,200.194,201.301447,104.951197,-8.92099663,0
1,G12_G678,0.75,1.10,17000,240667,25.7286,101.039,104.263322,-7.56442,6.80081,200.807,201.064474,-37.6701011,33.8673951,0
1,G12_G678,0.75,1.10,17000,243336,-52.3127,45.9763,69.6450913,11.8563,6.88568,195.011,195.49239,60.7981088,35.3091877,0
1,G12_G678,0.75,1.10,17000,261956,24.0918,128.349,130.590507,-4.34406,11.1724,200.091,200.449748,-21.7104218,55.8365943,0
1,G12_G678,0.75,1.10,17000,275842,-32.9588,91.3857,97.1474583,8.84709,4.79591,198.635,198.889756,44.5394316,24.1443351,0
1,G12_G678,0.75,1.10,17000,277896,-84.0015,-41.4338,93.6643571,15.7688,-0.491904,193.392,194.034437,81.5380161,-2.5435592,0
1,G12_G678,0.75,1.10,17000,278352,54.277,19.5581,57.6932579,-14.141,3.94429,195.731,196.280793,-72.2471147,20.1515856,0
1,G12_G678,0.75,1.10,17000,279347,90.1662,-39.2054,98.3209388,-15.3338,-9.51659,205.176,205.968157,-74.7348618,-46.3825691,0
1,G12_G678,0.75,1.10,17000,284633,-90.5783,104.329,138.162834,3.01575,13.567,194.084,194.580979,15.5383751,69.9027225,0
1,G12_G678,0.75,1.10,17000,296434,-16.5106,14.0873,21.7037309,1.32059,-4.81807,191.147,191.212273,6.90876655,-25.2060979,0
1,G12_G678,0.75,1.10,17000,313505,21.496,39.1213,44.6380346,-4.04622,2.59205,199.085,199.142983,-20.3240827,13.0198157,0
1,G12_G678,0.75,1.10,17000,313872,-115.251,-63.0579,131.373863,14.5389,-8.58923,192.696,193.434493,75.4499315,-44.5739922,0
1,G12_G678,0.75,1.10,17000,316026,135.366,-111.412,175.318532,-32.0945,-35.3536,192.908,198.729541,-166.372053,-183.266635,0
1,G12_G678,0.75,1.10,17000,321036,136.733,52.9886,146.641416,-18.4071,1.90526,201.151,202.000436,-91.5088665,9.47178985,0
1,G12_G678,0.75,1.10,17000,322502,120.94,81.4053,145.785138,-5.3676,23.9938,199.688,201.195952,-26.8799327,120.156444,0
1,G12_G678,0.75,1.10,17000,324856,92.0648,-71.6388,116.653526,-22.4341,-5.1944,191.486,192.86565,-117.157912,-27.1267873,0
1,G12_G678,0.75,1.10,17000,333903,164.498,-10.3516,164.823383,-20.9857,-3.76366,206.657,207.753894,-101.54846,-18.2121099,0
1,G12_G678,0.75,1.10,17000,336284,98.1272,-35.4822,104.345263,-15.8318,-8.64639,199.984,200.795932,-79.1653332,-43.2354088,0
1,G12_G678,0.75,1.10,17000,339213,-56.0469,152.091,162.089257,10.4857,17.8858,193.247,194.356,54.2606095,92.5540888,0
1,G12_G678,0.75,1.10,17000,339555,-16.6458,27.3396,32.0083799,17.8793,10.8962,205.265,206.330116,87.1035004,53.0835749,0
1,G12_G678,0.75,1.10,17000,361466,17.9514,-101.792,103.362779,-6.08771,-22.8171,201.245,202.625838,-30.2502422,-113.379711,0
1,G12_G678,0.75,1.10,17000,390356,-6.39048,11.9243,13.5287533,0.313497,3.21638,200.582,200.608031,1.56293685,16.0352375,1
1,G12_G678,0.75,1.10,17000,392988,-11.3902,-7.14429,13.4453537,-6.94488,-2.07962,195.143,195.277614,-35.5886709,-10.6569029,1
1,G12_G678,0.75,1.10,17000,397336,44.4603,-182.089,187.438316,-10.0436,-23.4361,195.821,197.47402,-51.2896982,-119.681239,0
1,G12_G678,0.75,1.10,17000,400841,93.3541,45.6486,103.917191,-9.6359,6.78626,205.98,206.316903,-46.7807554,32.9462084,0
1,G12_G678,0.75,1.10,17000,436170,-9.53882,-144.552,144.866386,-1.89891,-15.4316,200.872,201.472828,-9.45333347,-76.8230515,0
1,G12_G678,0.75,1.10,17000,436685,56.7644,-7.63225,57.2751984,-2.42562,-0.352922,195.628,195.643356,-12.3991453,-1.80404646,0
1,G12_G678,0.75,1.10,17000,448237,-54.4884,-31.2792,62.8281313,10.6125,-6.30217,196.944,197.330387,53.8858762,-31.9998071,0
1,G12_G678,0.75,1.10,17000,454293,31.3809,5.10422,31.7933003,3.9761,14.2604,198.171,198.723209,20.0639851,71.9600749,0
1,G12_G678,0.75,1.10,17000,470329,30.1946,-50.406,58.757797,0.480214,0.454999,199.365,199.366098,2.40871768,2.28224112,0
1,G12_G678,0.75,1.10,17000,482580,45.8752,39.128,60.2953925,-2.37548,9.34527,196.97,197.205877,-12.0601107,47.4451439,0
1,G12_G678,0.75,1.10,17000,483242,4.58434,-135.687,135.764421,0.884619,-13.9357,193.951,194.453019,4.56104377,-71.8516533,0
1,G12_G678,0.75,1.10,17000,504806,-59.7723,-19.5606,62.891533,14.8388,-1.45522,193.155,193.72961,76.8232766,-7.53394942,0
1,G12_G678,0.75,1.10,17000,509483,-49.5732,-38.5793,62.8161169,5.58628,-0.113404,205.231,205.307045,27.2194746,-0.552567595,0
1,G12_G678,0.75,1.10,17000,518988,24.8907,30.9951,39.7522725,-7.37277,8.35334,206.179,206.47982,-35.7590734,40.5149894,0
1,G12_G678,0.75,1.10,17000,530246,28.3247,-50.6081,57.9954172,-13.0359,-10.4552,192.62,193.343503,-67.6767729,-54.2788911,0
1,G12_G678,0.75,1.10,17000,534284,89.6346,16.1415,91.076394,-19.1041,-0.920955,200.378,201.288742,-95.3403068,-4.59608839,0
1,G12_G678,0.75,1.10,17000,535827,76.3027,-22.0107,79.4139342,-5.78207,4.72479,206.303,206.438087,-28.0270767,22.9021876,0
1,G12_G678,0.75,1.10,17000,549365,-88.0263,-52.0817,102.27968,10.7866,-13.4914,192.106,192.88101,56.1492093,-70.2289361,0
1,G12_G678,0.75,1.10,17000,553136,-20.5883,-107.149,109.109057,6.19201,-6.04183,189.908,190.104953,32.6053142,-31.8145102,0
1,G12_G678,0.75,1.10,17000,563239,-57.8238,-8.60455,58.4605006,14.6685,6.39263,206.602,207.220696,70.9988287,30.9417624,0
1,G12_G678,0.75,1.10,17000,577760,72.0236,-114.663,135.406804,-6.30157,-9.54882,204.679,204.998495,-30.7875747,-46.652661,0
1,G12_G678,0.75,1.10,17000,583516,-110.356,151.963,187.806283,12.8116,22.5287,190.14,191.898148,67.3798254,118.484801,0
1,G12_G678,0.75,1.10,17000,586692,-85.3918,-62.7572,105.972759,8.55317,-18.2958,198.696,199.719787,43.0465133,-92.0793574,0
1,G12_G678,0.75,1.10,17000,589498,-45.3229,78.7291,90.8429219,6.58398,4.4349,205.38,205.533359,32.0575519,21.5936313,0
1,G12_G678,0.75,1.10,17000,590148,47.6675,-116.245,125.63873,-0.0488933,-12.7046,203.124,203.520929,-0.240706662,-62.546031,0
1,G12_G678,0.75,1.10,17000,600048,-11.315,-49.6331,50.9065206,6.42022,2.03738,196.687,196.802302,32.6418116,10.3584884,0
1,G12_G678,0.75,1.10,17000,610366,-1.52878,-69.9454,69.9621051,-2.78428,-6.81854,198.199,198.335797,-14.0479014,-34.4024945,0
1,G12_G678,0.75,1.10,17000,618761,8.27444,127.566,127.834075,-4.43207,13.8391,207.081,207.590232,-21.4025913,66.8294049,0
1,G12_G678,0.75,1.10,17000,620699,-38.1844,97.7905,104.981095,6.53128,5.04626,194.929,195.103658,33.5059432,25.8876822,0
1,G12_G678,0.75,1.10,17000,629869,-91.2356,-128.067,157.242142,7.89838,-25.172,202.32,204.032832,39.0390471,-124.416766,0
1,G12_G678,0.75,1.10,17000,632633,-19.2154,4.6958,19.7808527,-1.43147,-0.772934,198.562,198.568664,-7.20918403,-3.89265821,1
1,G12_G678,0.75,1.10,17000,635768,51.785,-43.5721,67.6772792,-9.63944,-7.85041,198.189,198.578517,-48.6376136,-39.6107251,0
1,G12_G678,0.75,1.10,17000,637908,-159.31,-20.0351,160.564882,13.8566,-1.50119,203.256,203.733307,68.1731413,-7.38571063,0
1,G12_G678,0.75,1.10,17000,641598,14.1381,144.369,145.059622,6.46408,21.7428,189.58,190.932213,34.0968457,114.689313,0
1,G12_G678,0.75,1.10,17000,648123,-128.8,-25.7907,131.356767,16.6024,1.73392,194.246,194.961931,85.4710007,8.9264129,0
1,G12_G678,0.75,1.10,17000,649560,-79.2322,-103.016,129.961678,3.84305,-24.2583,198.998,200.50795,19.3120031,-121.90223,0
1,G12_G678,0.75,1.10,17000,650751,73.6365,106.992,129.88311,-10.278,9.222,199.85,200.326496,-51.4285714,46.1446085,0
1,G12_G678,0.75,1.10,17000,654506,-1.2744,-189.317,189.321289,-6.34287,-24.5545,195.088,196.729467,-32.512866,-125.863713,0
1,G12_G678,0.75,1.10,17000,656587,-89.9652,-75.8857,117.69612,16.0351,-7.77003,195.152,195.963774,82.1672337,-39.8152722,0
1,G12_G678,0.75,1.10,17000,657896,-125.751,33.7935,130.212575,16.0869,6.4248,202.388,203.127962,79.4854438,31.7449651,0
1,G12_G678,0.75,1.10,17000,668383,-78.9787,5.27605,79.154733,13.0083,-0.109484,204.304,204.717738,63.6712938,-0.535887697,0
1,G12_G678,0.75,1.10,17000,670029,-0.601798,-115.964,115.965562,2.07774,-8.38916,198.624,198.811942,10.4606694,-42.2363863,0
1,G12_G678,0.75,1.10,17000,674381,52.6048,12.1937,53.9995491,-29.5252,2.55369,201.528,203.695345,-146.506689,12.6716387,0
1,G12_G678,0.75,1.10,17000,685853,-18.9412,-123.077,124.525969,-0.202755,-11.3719,204.265,204.581405,-0.992607642,-55.6722884,0
1,G12_G678,0.75,1.10,17000,687014,-28.897,49.164,57.0274978,5.28537,10.0325,200.548,200.868331,26.3546383,50.0254303,0
1,G12_G678,0.75,1.10,17000,690808,-51.2751,-51.0979,72.388751,10.5092,-3.17252,191.88,192.193763,54.7696477,-16.5338753,0
1,G12_G678,0.75,1.10,17000,693506,-64.0606,-55.4148,84.7027776,9.279,-2.14209,200.022,200.248568,46.3898971,-10.709272,0
1,G12_G678,0.75,1.10,17000,699192,1.11952,-73.1466,73.1551667,-3.46526,-4.47235,194.391,194.473316,-17.8262368,-23.0069808,0
1,G12_G678,0.75,1.10,17000,707631,-23.7493,186.945,188.447505,12.1728,24.874,203.648,205.522264,59.7737272,122.142128,0
1,G12_G678,0.75,1.10,17000,708256,-30.7045,61.7468,68.9596522,0.176589,4.10544,192.775,192.818792,0.916036831,21.2965374,0
1,G12_G678,0.75,1.10,17000,714139,-84.397,127.86,153.202589,9.75975,12.6791,193.041,193.702968,50.5579126,65.6808657,0
1,G12_G678,0.75,1.10,17000,719761,66.2615,-1.79355,66.2857692,-7.74675,2.02665,208.624,208.777616,-37.1325926,9.71436652,0
1,G12_G678,0.75,1.10,17000,721640,-113.517,65.1798,130.898876,13.9427,6.02915,191.239,191.841353,72.9071999,31.5267806,0
1,G12_G678,0.75,1.10,17000,733482,61.6654,3.999,61.7949315,-8.1574,3.00148,199.927,200.11586,-40.8018927,15.0128797,0
1,G12_G678,0.75,1.10,17000,734866,20.5147,16.4095,26.2702228,3.39702,1.51133,204.162,204.195852,16.6388456,7.40260186,0
1,G12_G678,0.75,1.10,17000,735888,-111.504,-36.2297,117.242199,21.8309,-2.91776,192.882,194.135436,113.182671,-15.1271762,0
1,G12_G678,0.75,1.10,17000,737349,-40.8581,-71.5965,82.4344779,8.35773,-2.96097,201.256,201.451226,41.5278551,-14.7124558,0
1,G12_G678,0.75,1.10,17000,740848,-32.5692,-91.9952,97.5903152,7.79011,-15.1625,204.924,205.63179,38.0146298,-73.9908454,0
1,G12_G678,0.75,1.10,17000,749221,28.7617,-104.593,108.475486,3.14833,-11.9373,204.879,205.250617,15.3667775,-58.2651223,0
1,G12_G678,0.75,1.10,17000,753761,-33.1092,-7.23589,33.8906658,7.73181,6.22255,193.221,193.475724,40.015371,32.2043153,0
1,G12_G678,0.75,1.10,17000,755846,-93.2615,17.4169,94.8738941,11.0618,-0.307268,190.512,190.833121,58.0635341,-1.61285378,0
1,G12_G678,0.75,1.10,17000,765154,-118.193,31.258,122.256484,21.2573,2.54182,193.486,194.666807,109.864796,13.1369712,0
1,G12_G678,0.75,1.10,17000,765568,-120.905,138.983,184.212631,23.1977,15.605,191.573,193.602334,121.090655,81.4571991,0
1,G12_G678,0.75,1.10,17000,773680,64.3037,-74.9002,98.7167959,-10.6665,-12.0607,195.304,195.966546,-54.6148568,-61.7534715,0
1,G12_G678,0.75,1.10,17000,781408,-28.8837,115.879,119.424498,11.1626,9.98121,203.677,204.226709,54.8054027,49.0050914,0
1,G12_G678,0.75,1.10,17000,791195,116.845,69.435,135.918995,-19.1265,6.82104,208.681,209.666662,-91.6542474,32.6864449,0
1,G12_G678,0.75,1.10,17000,793517,-97.5328,91.0443,133.423055,21.415,6.69376,198.72,199.982617,107.764694,33.68438,0
1,G12_G678,0.75,1.10,17000,794562,115.555,-109.681,159.320055,-25.9528,-9.07242,188.618,190.61114,-137.594503,-48.0994391,0
1,G12_G678,0.75,1.10,17000,818888,-68.7525,19.6436,71.5036872,10.691,-0.694876,209.043,209.317358,51.1425879,-3.32408165,0
1,G12_G678,0.75,1.10,17000,820529,-52.3878,-20.3002,56.1834469,13.8491,0.140976,197.824,198.308226,70.0071781,0.712633452,0
1,G12_G678,0.75,1.10,17000,820774,-116.781,-7.62955,117.029962,17.2891,-0.425408,204.818,205.546849,84.4120146,-2.07700495,0
1,G12_G678,0.75,1.10,17000,823918,45.4785,-80.6638,92.6009859,-2.83114,-5.58393,190.683,190.785749,-14.8473645,-29.2838376,0
1,G12_G678,0.75,1.10,17000,827822,22.1537,-21.2075,30.6682976,1.25805,-2.79416,204.893,204.915913,6.14003407,-13.6371667,0
1,G12_G678,0.75,1.10,17000,828665,-131.564,97.2173,163.585725,13.169,11.8322,191.201,192.018869,68.8751628,61.8835676,0
1,G12_G678,0.75,1.10,17000,831236,58.6945,-144.831,156.2724,-8.41784,-14.0134,208.662,209.301375,-40.3419885,-67.158371,0
1,G12_G678,0.75,1.10,17000,831740,-99.6817,-58.8126,115.73834,20.0294,-6.61613,199.49,200.602119,100.403028,-33.1652213,0
1,G12_G678,0.75,1.10,17000,835529,49.0927,78.5888,92.6622506,-4.16745,8.2023,209.345,209.54707,-19.9070912,39.1807781,0
1,G12_G678,0.75,1.10,17000,850941,-64.2378,-89.5583,110.214264,11.6731,-4.91958,206.062,206.45099,56.6484844,-23.8742709,0
1,G12_G678,0.75,1.10,17000,852533,-5.86412,-52.7731,53.0979094,-0.681632,-5.6738,203.168,203.248353,-3.35501654,-27.926642,0
1,G12_G678,0.75,1.10,17000,858741,-44.3873,-72.9682,85.4083755,5.2071,-13.5228,196.919,197.451444,26.4428521,-68.6718905,0
1,G12_G678,0.75,1.10,17000,860138,93.3658,-135.194,164.300305,-19.1285,-32.7228,198.397,201.985274,-96.4152684,-164.935962,0
1,G12_G678,0.75,1.10,17000,861374,7.2711,-166.693,166.851506,2.96513,-20.4115,200.616,201.6735,14.7801272,-101.744128,0
1,G12_G678,0.75,1.10,17000,865043,57.583,-115.717,129.252567,-10.8017,-13.3006,192.79,193.549908,-56.028321,-68.9900928,0
1,G12_G678,0.75,1.10,17000,873957,57.477,10.787,58.480466,-7.37887,1.27599,204.721,204.857911,-36.0435422,6.23282419,0
1,G12_G678,0.75,1.10,17000,874736,0.741102,80.7368,80.7402013,3.03123,11.1766,207.659,207.981646,14.5971521,53.8218907,0
1,G12_G678,0.75,1.10,17000,877098,69.5046,-70.0143,98.6554186,-10.6865,-5.18903,203.919,204.264745,-52.405612,-25.4465253,0
1,G12_G678,0.75,1.10,17000,877124,-115.939,47.9403,125.459651,22.0404,-2.79852,194.854,196.116527,113.112382,-14.3621378,0
1,G12_G678,0.75,1.10,17000,877793,39.2703,24.9016,46.4999585,-9.36366,3.56628,201.563,201.811891,-46.4552522,17.6931282,0
1,G12_G678,0.75,1.10,17000,883827,12.9596,64.1421,65.4382169,3.38699,6.58088,204.856,204.989659,16.5335162,32.1244191,0
1,G12_G678,0.75,1.10,17000,886153,-100.552,58.6594,116.411468,14.9448,7.88564,193.307,194.044136,77.31122,40.7933494,0
1,G12_G678,0.75,1.10,17000,889156,81.2558,-51.1183,95.9978418,-13.762,-6.04219,194.817,195.395917,-70.6406525,-31.0146958,0
1,G12_G678,0.75,1.10,17000,893272,97.8311,92.1479,134.395534,-22.1907,5.12782,196.111,197.429091,-113.153775,26.1475389,0
1,G12_G678,0.75,1.10,17000,899920,-97.6817,-63.2963,116.396461,9.12169,-6.45225,200.391,200.702241,45.5194595,-32.1983023,0
1,G12_G678,0.75,1.10,17000,903262,70.4519,48.3886,85.4688646,-10.6374,8.05251,196.256,196.708959,-54.201655,41.0306436,0
1,G12_G678,0.75,1.10,17000,903349,39.2322,-169.088,173.579714,-9.58059,-20.2949,199.358,200.617255,-48.0572137,-101.801282,0
1,G12_G678,0.75,1.10,17000,909611,-96.3009,143.436,172.765012,18.8766,14.9187,199.466,200.911868,94.6356773,74.7931978,0
1,G12_G678,0.75,1.10,17000,938809,140.61,-0.50452,140.610905,-22.0675,6.48141,207.504,208.774743,-106.347348,31.2351087,0
1,G12_G678,0.75,1.10,17000,960316,74.7026,-90.6449,117.460531,-2.68956,-6.6507,206.097,206.22182,-13.0499716,-32.2697565,0
1,G12_G678,0.75,1.10,17000,962476,94.5758,107.304,143.034018,-20.248,16.5512,198.944,200.655523,-101.777385,83.195271,0
1,G12_G678,0.75,1.10,17000,966899,97.7567,121.99,156.326365,10.0566,25.6084,196.868,198.781123,51.0829591,130.079038,0
1,G12_G678,0.75,1.10,17000,981677,-103.823,-127.051,164.076726,15.276,-14.4718,196.265,197.389816,77.8335414,-73.7360202,0
1,G12_G678,0.75,1.10,17000,991704,-34.7719,-3.33048,34.9310339,10.2762,0.156566,196.302,196.570852,52.3489317,0.797577202,0
1,G12_G678,0.75,1.10,17000,999537,-15.6379,87.7189,89.1019042,5.9827,5.98126,200.011,200.189831,29.9118548,29.9046552,0
1,G12_G678,0.75,1.10,19300,14743,15.3964,-26.7082,30.8281865,-43.3993,0.231258,202.798,207.389926,-214.002604,1.14033669,0
1,G12_G678,0.75,1.10,19300,17876,-6.87386,143.694,143.858318,-27.6741,6.747,192.185,194.284462,-143.99719,35.1067981,0
1,G12_G678,0.75,1.10,19300,19361,-37.4939,43.5347,57.4548748,-41.3731,-2.58396,197.227,201.536349,-209.774017,-13.1014516,0
1,G12_G678,0.75,1.10,19300,29604,-99.6651,25.1521,102.789884,-54.1517,8.61399,182.398,190.461644,-296.887576,47.2263402,0
1,G12_G678,0.75,1.10,19300,36512,-57.2609,96.2301,111.977868,-43.2114,-2.27526,199.125,203.772342,-217.006403,-11.42629,0
1,G12_G678,0.75,1.10,19300,38785,56.1613,-64.4462,85.4833569,-37.1335,4.81186,205.636,209.017261,-180.57879,23.3998911,0
1,G12_G678,0.75,1.10,19300,44544,-51.5423,-58.7763,78.1745619,-45.91,-19.5778,199.067,205.228382,-230.62587,-98.3477925,0
1,G12_G678,0.75,1.10,19300,61439,109.747,-71.5779,131.025951,-24.2524,1.53859,194.785,196.295039,-124.508561,7.89891419,0
1,G12_G678,0.75,1.10,19300,65981,-23.1228,46.6247,52.0435061,-30.7388,-0.203741,190.13,192.598889,-161.67254,-1.07158786,0
1,G12_G678,0.75,1.10,19300,70474,50.3761,-15.6953,52.7645136,-26.9725,-1.63071,188.198,190.128015,-143.319801,-8.6648636,0
1,G12_G678,0.75,1.10,19300,72767,-80.8857,-15.5185,82.3609149,-35.3826,5.74681,190.777,194.115476,-185.465753,30.1231805,0
1,G12_G678,0.75,1.10,19300,78997,-86.2029,62.4298,106.43505,-42.4526,-3.17927,197.228,201.770203,-215.246314,-16.11977,0
1,G12_G678,0.75,1.10,19300,84084,-55.2289,71.4955,90.3428908,-41.1181,-2.95905,205.237,209.336285,-200.34448,-14.417722,0
1,G12_G678,0.75,1.10,19300,88258,72.0802,-39.1413,82.0219275,-19.112,-2.55273,197.063,198.004068,-96.9842132,-12.9538777,0
1,G12_G678,0.75,1.10,19300,89190,-18.0368,-177.436,178.350386,-38.2732,1.65015,194.136,197.879628,-197.14633,8.49996909,0
1,G12_G678,0.75,1.10,19300,91584,-39.0147,-13.9381,41.4296687,-28.7509,0.0321668,207.9,209.878597,-138.291967,0.154722463,0
1,G12_G678,0.75,1.10,19300,94538,41.0128,-179.272,183.903507,-27.4015,2.59307,198.542,200.440744,-138.013619,13.0605615,0
1,G12_G678,0.75,1.10,19300,99864,109.219,7.62555,109.48488,-20.6101,1.77137,201.363,202.422755,-102.352965,8.79689913,0
1,G12_G678,0.75,1.10,19300,105309,19.3584,28.305,34.2916998,-24.2187,0.757549,194.173,195.679006,-124.727434,3.90141266,0
1,G12_G678,0.75,1.10,19300,111680,129.381,-50.5413,138.902362,-25.6282,-0.519091,206.566,208.150394,-124.067852,-2.5129547,0
1,G12_G678,0.75,1.10,19300,120467,-68.1945,3.15475,68.267432,-27.6997,2.02111,188.7,190.732924,-146.792263,10.7107048,0
1,G12_G678,0.75,1.10,19300,124214,70.2108,-11.1034,71.0833449,-27.3968,0.23161,196.454,198.355268,-139.456565,1.17895283,0
1,G12_G678,0.75,1.10,19300,124463,70.8486,101.055,123.416519,-21.496,-5.41467,194.603,195.861493,-110.460784,-27.8241856,0
1,G12_G678,0.75,1.10,19300,126323,-96.9865,-146.513,175.70555,-39.8418,-8.44479,190.398,194.705115,-209.255349,-44.3533546,0
1,G12_G678,0.75,1.10,19300,127585,-76.0396,-105.839,130.322349,-29.6796,1.90102,197.989,200.210231,-149.905298,9.60164454,0
1,G12_G678,0.75,1.10,19300,132821,-2.62508,18.3631,18.549784,-31.9874,1.40978,200.257,202.800511,-159.731745,7.03985379,1
1,G12_G678,0.75,1.10,19300,144025,80.1947,128.964,151.864753,-28.3895,-0.599757,205.744,207.694287,-137.984583,-2.91506435,0
1,G12_G678,0.75,1.10,19300,170216,-52.1639,126.146,136.505992,-30.7738,-6.12177,188.261,190.857819,-163.46349,-32.5174625,0
1,G12_G678,0.75,1.10,19300,176506,23.1509,-152.253,154.003053,-23.3326,-7.0698,188.479,190.049272,-123.794163,-37.5097491,0
1,G12_G678,0.75,1.10,19300,178255,83.3384,-60.1854,102.798693,-16.5191,5.33024,191.926,192.709319,-86.070152,27.7723706,0
1,G12_G678,0.75,1.10,19300,178856,-11.2436,-29.7329,31.7877946,-26.6731,7.15549,192.839,194.806404,-138.317975,37.1060315,0
1,G12_G678,0.75,1.10,19300,183338,43.501,-155.425,161.397855,-30.3147,0.780148,206.691,208.903708,-146.666763,3.77446526,0
1,G12_G678,0.75,1.10,19300,197941,42.7645,49.2606,65.2334973,-30.9586,25.9371,186.044,190.377357,-166.404721,139.413795,0
1,G12_G678,0.75,1.10,19300,204756,69.3293,86.0003,110.465395,-25.2531,6.38192,195.945,197.668639,-128.878512,32.5699559,0
1,G12_G678,0.75,1.10,19300,209996,-44.1747,-5.20265,44.4800145,-31.9661,2.39757,192.033,194.690146,-166.461494,12.4851979,0
1,G12_G678,0.75,1.10,19300,210858,182.746,56.5738,191.302628,-10.4473,1.70564,196.787,197.071506,-53.0893809,8.66744246,0
1,G12_G678,0.75,1.10,19300,223567,79.7526,-59.1061,99.2673575,-31.4592,-4.81228,201.392,203.891091,-156.208787,-23.8950902,0
1,G12_G678,0.75,1.10,19300,227352,-98.5002,116.454,152.524829,-47.0464,11.5192,203.115,208.810342,-231.624449,56.7126997,0
1,G12_G678,0.75,1.10,19300,236021,-35.6638,-16.242,39.1881257,-22.4406,-7.75522,190.76,192.231895,-117.63787,-40.65433,0
1,G12_G678,0.75,1.10,19300,239225,84.7229,-10.9367,85.4258813,-19.8839,-6.58206,200.209,201.301606,-99.3157151,-32.8759446,0
1,G12_G678,0.75,1.10,19300,240667,-44.2824,71.1352,83.7922886,-38.9758,-5.74729,197.167,201.064592,-197.679125,-29.1493506,0
1,G12_G678,0.75,1.10,19300,243336,76.5735,66.4815,101.406562,-22.6439,-0.047653,194.177,195.492854,-116.614738,-0.245410116,0
1,G12_G678,0.75,1.10,19300,261956,-2.69647,113.681,113.712975,-36.8134,-5.53604,196.962,200.449254,-186.906104,-28.1071476,0
1,G12_G678,0.75,1.10,19300,266572,-6.08568,-32.4268,32.9929214,-27.7572,-20.2317,191.011,194.074692,-145.317285,-105.919031,0
1,G12_G678,0.75,1.10,19300,275842,68.4521,52.3588,86.1808211,-26.0223,-6.15198,197.084,198.889693,-132.036594,-31.2150149,0
1,G12_G678,0.75,1.10,19300,277896,72.8482,-7.49861,73.2331168,-20.1867,3.97073,192.941,194.034788,-104.626285,20.5800219,0
1,G12_G678,0.75,1.10,19300,278352,-83.8241,37.5837,91.8641075,-40.2795,0.674513,192.102,196.280594,-209.677671,3.5112232,0
1,G12_G678,0.75,1.10,19300,279347,-25.7125,-88.3721,92.0367357,-45.142,-2.57754,200.944,205.968286,-224.649654,-12.8271558,0
1,G12_G678,0.75,1.10,19300,284633,-118.669,131.375,177.035935,-31.0009,-1.58262,192.089,194.580946,-161.388211,-8.23899338,0
1,G12_G678,0.75,1.10,19300,296434,1.73049,-43.6855,43.719761,-29.644,-4.72522,188.841,191.211971,-156.978622,-25.0222145,0
1,G12_G678,0.75,1.10,19300,313505,-3.00704,27.2685,27.4338,-36.0778,-2.25339,195.835,199.143247,-184.225496,-11.5065744,0
1,G12_G678,0.75,1.10,19300,313872,-0.675964,-82.8971,82.8998559,-23.9767,0.708934,191.941,193.434051,-124.917032,3.69349956,0
1,G12_G678,0.75,1.10,19300,321036,19.5318,22.1964,29.5663894,-43.7834,-4.23018,197.153,202.00046,-222.078284,-21.4563309,0
1,G12_G678,0.75,1.10,19300,321759,57.0208,90.9913,107.381508,-22.6557,25.0167,190.25,193.220544,-119.083837,131.493824,0
1,G12_G678,0.75,1.10,19300,324856,-135.887,-50.5958,145.00073,-44.9662,3.9668,187.509,192.866067,-239.808223,21.1552512,0
1,G12_G678,0.75,1.10,19300,332431,86.8466,128.874,155.405405,-40.6923,25.2485,202.341,207.930831,-201.107536,124.781928,0
1,G12_G678,0.75,1.10,19300,333903,39.4967,-33.9189,52.0622809,-46.8178,-1.55251,202.404,207.753931,-231.30867,-7.67035236,0
1,G12_G678,0.75,1.10,19300,336284,-19.3342,-80.8564,83.1358449,-42.9389,-2.29422,196.138,200.796234,-218.921882,-11.6969685,0
1,G12_G678,0.75,1.10,19300,336647,-27.7578,21.5269,35.1269538,-53.8459,4.54426,196.599,203.890162,-273.886948,23.1143597,0
1,G12_G678,0.75,1.10,19300,390356,3.34805,30.0488,30.2347452,-34.4052,0.997839,197.633,200.607867,-174.086311,5.04894932,0
1,G12_G678,0.75,1.10,19300,392988,-109.527,-19.7153,111.287271,-36.3443,-0.682966,191.864,195.27716,-189.427407,-3.55963599,0
1,G12_G678,0.75,1.10,19300,400841,54.5453,65.1503,84.9691199,-39.6046,0.00423959,202.48,206.316928,-195.59759,0.0209383149,0
1,G12_G678,0.75,1.10,19300,436170,-33.1789,-153.414,156.960807,-36.1917,4.2463,198.15,201.472809,-182.647994,21.429725,0
1,G12_G678,0.75,1.10,19300,436685,84.8064,-3.88942,84.8955421,-29.6382,0.547916,193.385,195.643761,-153.260077,2.8332911,0
1,G12_G678,0.75,1.10,19300,439965,110.549,27.513,113.92123,-57.4482,-16.4513,187.928,197.200087,-305.692606,-87.540441,0
1,G12_G678,0.75,1.10,19300,448237,53.8919,-59.8328,80.5251566,-25.1925,-1.09577,195.712,197.329799,-128.722306,-5.59889021,0
1,G12_G678,0.75,1.10,19300,454293,121.874,128.255,176.925456,-25.7599,9.29006,196.828,198.723776,-130.87518,47.1988741,0
1,G12_G678,0.75,1.10,19300,470329,72.9202,-1.31789,72.9321082,-30.3436,5.52977,196.966,199.36629,-154.055015,28.0747439,0
1,G12_G678,0.75,1.10,19300,480090,66.2801,66.573,93.9415562,-4.77089,-9.14837,196.918,197.188115,-24.2278004,-46.4577641,0
1,G12_G678,0.75,1.10,19300,482580,64.5995,88.101,109.246884,-31.29,2.38147,194.693,197.20573,-160.714561,12.2319241,0
1,G12_G678,0.75,1.10,19300,483242,33.5378,-138.63,142.629103,-29.9002,4.47638,192.089,194.453706,-155.658054,23.3036769,0
1,G12_G678,0.75,1.10,19300,504806,105.313,-14.7763,106.344567,-18.9416,1.03806,192.799,193.730008,-98.2453228,5.38415656,0
1,G12_G678,0.75,1.10,19300,509483,-9.05178,-5.80629,10.7539632,-34.2326,3.92185,202.395,205.307057,-169.137578,19.3772079,1
1,G12_G678,0.75,1.10,19300,518988,-42.7277,77.4279,88.4349255,-41.3949,2.6447,202.27,206.479261,-204.651703,13.0750976,0
1,G12_G678,0.75,1.10,19300,530246,-121.53,-100.1,157.446978,-38.4954,-1.86219,189.464,193.344177,-203.180551,-9.82872736,0
1,G12_G678,0.75,1.10,19300,534284,-82.2569,-7.03009,82.5567669,-45.1151,-2.32399,196.154,201.28876,-229.998369,-11.8477829,0
1,G12_G678,0.75,1.10,19300,535827,73.0589,38.25,82.4661468,-36.6978,5.60145,203.073,206.438243,-180.712355,27.5834306,0
1,G12_G678,0.75,1.10,19300,544734,-13.5455,-52.0238,53.7583141,-27.8441,-20.3149,194.248,197.282221,-143.343046,-104.582287,0
1,G12_G678,0.75,1.10,19300,549365,-1.09179,-127.685,127.689668,-25.677,-3.78638,191.127,192.881246,-134.345226,-19.8108064,0
1,G12_G678,0.75,1.10,19300,551815,-39.4529,75.347,85.0511712,-48.0092,24.8512,196.281,203.589529,-244.59423,126.610319,0
1,G12_G678,0.75,1.10,19300,553136,62.9074,-62.8357,88.9138132,-23.851,6.96438,188.474,190.104764,-126.547959,36.9514097,0
1,G12_G678,0.75,1.10,19300,563239,90.0675,54.5196,105.283148,-25.4484,5.38099,205.582,207.220981,-123.787102,26.1744219,0
1,G12_G678,0.75,1.10,19300,577760,57.9391,-98.3291,114.129537,-37.1376,5.23275,201.539,204.998906,-184.270042,25.9639573,0
1,G12_G678,0.75,1.10,19300,586692,-32.5749,-170.857,173.934581,-29.9828,-6.12403,197.361,199.719394,-151.918565,-31.0295854,0
1,G12_G678,0.75,1.10,19300,589498,11.7282,48.9765,50.3611778,-32.9945,-5.05847,202.805,205.533679,-162.690762,-24.942531,0
1,G12_G678,0.75,1.10,19300,590148,94.526,-126.374,157.814931,-31.4318,3.20549,201.053,203.520373,-156.335892,15.9435074,0
1,G12_G678,0.75,1.10,19300,600048,77.5023,13.7147,78.7064133,-25.9299,6.53263,194.977,196.802097,-132.989532,33.5046185,0
1,G12_G678,0.75,1.10,19300,606360,-69.8721,-57.9583,90.7814678,-36.371,-14.6658,190.899,194.885514,-190.524833,-76.8249179,0
1,G12_G678,0.75,1.10,19300,610366,-29.8641,-68.1963,74.4486387,-35.2263,2.52597,195.166,198.335676,-180.494041,12.9426744,0
1,G12_G678,0.75,1.10,19300,618761,-34.8094,137.844,142.171244,-40.3277,-3.49859,203.605,207.589883,-198.068319,-17.1832224,0
1,G12_G678,0.75,1.10,19300,620699,31.1053,54.2172,62.5063554,-27.4131,-6.65088,193.054,195.10397,-141.997058,-34.450879,0
1,G12_G678,0.75,1.10,19300,632633,-45.2856,-6.5993,45.7639195,-34.7463,-1.01929,195.502,198.568317,-177.728617,-5.21370625,0
1,G12_G678,0.75,1.10,19300,635768,-23.0724,-74.9614,78.4317992,-38.7959,-0.903162,194.75,198.5787,-199.208729,-4.63754557,0
1,G12_G678,0.75,1.10,19300,637908,-105.32,-15.0605,106.391358,-29.6087,1.06194,201.567,203.732811,-146.892597,5.26842191,0
1,G12_G678,0.75,1.10,19300,646881,9.62696,-36.732,37.9725978,-28.9743,-5.04392,196.543,198.731231,-147.419649,-25.6631882,0
1,G12_G678,0.75,1.10,19300,648123,-0.066753,14.1573,14.1574574,-23.5642,3.88029,193.494,194.962192,-121.782588,20.0538001,1
1,G12_G678,0.75,1.10,19300,650751,9.63965,93.5322,94.0276305,-39.3806,-4.71765,196.361,200.326559,-200.552044,-24.025392,0
1,G12_G678,0.75,1.10,19300,656587,63.6078,-76.6476,99.603247,-21.302,2.5686,194.786,195.964177,-109.361042,13.1867793,0
1,G12_G678,0.75,1.10,19300,657896,-9.85273,60.4985,61.2955528,-27.7213,0.940316,201.225,203.127682,-137.762703,4.67295813,0
1,G12_G678,0.75,1.10,19300,662543,29.7236,-77.9232,83.3997452,-32.4417,-5.5394,203.471,206.115494,-159.441395,-27.2245185,0
1,G12_G678,0.75,1.10,19300,668383,33.4933,-0.331017,33.4949357,-28.1826,-0.625588,202.768,204.718128,-138.989387,-3.08524027,0
1,G12_G678,0.75,1.10,19300,670029,37.9654,-87.3096,95.2068162,-30.9834,6.19231,196.285,198.811763,-157.849046,31.5475457,0
1,G12_G678,0.75,1.10,19300,685853,-28.6569,-115.269,118.777777,-36.6924,4.79936,201.207,204.58158,-182.361449,23.8528481,0
1,G12_G678,0.75,1.10,19300,687014,27.4684,94.9404,98.8341669,-30.7691,1.8707,198.489,200.868415,-155.016651,9.42470364,0
1,G12_G678,0.75,1.10,19300,690808,63.5176,-32.7805,71.4775957,-22.5622,3.12824,190.839,192.193555,-118.226358,16.3920373,0
1,G12_G678,0.75,1.10,19300,693506,16.283,-24.9122,29.7616162,-29.1086,4.26304,198.076,200.24881,-146.956724,21.522244,0
1,G12_G678,0.75,1.10,19300,699192,-33.8618,-46.4956,57.5192343,-33.8148,4.49401,191.458,194.473141,-176.617326,23.4725632,0
1,G12_G678,0.75,1.10,19300,708256,-43.1723,41.9365,60.1873535,-31.2785,-3.57829,190.231,192.818521,-164.42378,-18.810236,0
1,G12_G678,0.75,1.10,19300,714139,-8.10092,125.377,125.638438,-26.7906,-4.60366,191.786,193.702865,-139.690071,-24.0041505,0
1,G12_G678,0.75,1.10,19300,719761,29.9064,17.3048,34.5521181,-40.9341,1.61509,204.72,208.778561,-199.951641,7.88926338,0
1,G12_G678,0.75,1.10,19300,721640,-4.24652,59.3676,59.5192814,-23.7514,-2.68444,190.347,191.841903,-124.779482,-14.1028753,0
1,G12_G678,0.75,1.10,19300,733482,16.5561,27.2675,31.9001725,-37.8575,1.66473,196.495,200.115583,-192.663935,8.47212397,0
1,G12_G678,0.75,1.10,19300,734866,90.2273,15.3797,91.5286886,-30.102,-0.645811,201.964,204.195996,-149.046365,-3.19765404,0
1,G12_G678,0.75,1.10,19300,735888,104.888,-29.0165,108.827615,-15.5018,1.80045,193.507,194.135279,-80.1097635,9.30431457,0
1,G12_G678,0.75,1.10,19300,737349,45.3842,-34.3453,56.9150704,-28.533,5.36259,199.348,201.451023,-143.131609,26.9006461,0
1,G12_G678,0.75,1.10,19300,740848,50.1644,-144.853,153.293374,-30.4148,-1.0711,203.367,205.631573,-149.556221,-5.26683287,0
1,G12_G678,0.75,1.10,19300,749221,100.657,-118.304,155.330834,-30.1877,2.50476,203.003,205.250552,-148.705684,12.3385369,0
1,G12_G678,0.75,1.10,19300,753761,57.8527,56.4467,80.8279954,-24.7984,4.99372,191.815,193.475818,-129.282903,26.0340432,0
1,G12_G678,0.75,1.10,19300,755846,-6.17264,-1.89423,6.45674778,-24.9009,-2.0147,189.191,190.8333,-131.617783,-10.6490266,1
1,G12_G678,0.75,1.10,19300,765154,83.848,25.2727,87.5739486,-17.0794,-1.53374,193.91,194.666757,-88.0790057,-7.90954567,0
1,G12_G678,0.75,1.10,19300,765568,110.422,151.168,187.202517,-14.154,-3.95417,193.043,193.601578,-73.3204519,-20.4833638,0
1,G12_G678,0.75,1.10,19300,773680,-14.1232,-115.976,116.832775,-38.0794,-0.511058,192.23,195.966004,-198.09291,-2.65857566,0
1,G12_G678,0.75,1.10,19300,778589,132.221,145.469,196.579813,-23.0303,-2.07011,202.214,203.531771,-113.89073,-10.2372239,0
1,G12_G678,0.75,1.10,19300,781408,100.88,102.23,143.623631,-25.4762,-5.07158,202.568,204.226718,-125.766162,-25.0364322,0
1,G12_G678,0.75,1.10,19300,791195,-24.1771,68.0592,72.2259432,-48.8194,-2.46609,203.889,209.666735,-239.441068,-12.0952577,0
1,G12_G678,0.75,1.10,19300,793517,115.953,68.3961,134.622155,-17.5171,-4.90421,199.153,199.982043,-87.9580021,-24.6253383,0
1,G12_G678,0.75,1.10,19300,794562,-146.803,-86.5198,170.401868,-47.1481,5.4062,184.609,190.611262,-255.394374,29.2845961,0
1,G12_G678,0.75,1.10,19300,818888,18.6011,-3.26726,18.8858653,-32.1936,-2.53404,206.812,209.318066,-155.666016,-12.2528673,1
1,G12_G678,0.75,1.10,19300,820529,99.6941,-0.702622,99.6965759,-21.6542,2.20481,197.111,198.309132,-109.857897,11.1856264,0
1,G12_G678,0.75,1.10,19300,820774,19.1447,-4.61513,19.6931197,-26.8212,0.500306,203.788,205.546044,-131.613245,2.4550317,1
1,G12_G678,0.75,1.10,19300,823918,59.9951,-57.0563,82.7939212,-28.8935,4.54003,188.531,190.786226,-153.255963,24.0810795,0
1,G12_G678,0.75,1.10,19300,827822,65.4337,-27.2724,70.8897235,-32.7741,0.243022,202.278,204.916056,-162.025035,1.20142576,0
1,G12_G678,0.75,1.10,19300,828665,-49.2028,114.3,124.440369,-24.2929,-2.10388,190.464,192.018506,-127.545888,-11.0460769,0
1,G12_G678,0.75,1.10,19300,831236,6.5606,-141.885,142.036596,-42.6978,5.16819,204.834,209.300692,-208.450745,25.231114,0
1,G12_G678,0.75,1.10,19300,831740,92.6298,-64.761,113.023303,-19.7227,1.56991,199.624,200.602071,-98.7992426,7.86433495,0
1,G12_G678,0.75,1.10,19300,835529,43.3436,82.3366,93.0482851,-38.7707,-2.37035,205.915,209.546589,-188.284972,-11.5113032,0
1,G12_G678,0.75,1.10,19300,850300,13.8458,-35.4389,38.0476256,-51.7095,-0.978859,191.955,198.800283,-269.383449,-5.09941913,0
1,G12_G678,0.75,1.10,19300,850941,41.7378,-54.5823,68.7115087,-29.1264,5.86059,204.302,206.450965,-142.565418,28.6859159,0
1,G12_G678,0.75,1.10,19300,852533,-9.61763,-56.544,57.3561047,-36.6088,1.50537,199.919,203.248806,-183.118163,7.52989961,0
1,G12_G678,0.75,1.10,19300,858741,0.378754,-129.143,129.143555,-30.5104,-1.76041,195.072,197.451434,-156.40584,-9.0244115,0
1,G12_G678,0.75,1.10,19300,865043,-30.3896,-130.319,133.815431,-37.116,2.91023,189.936,193.550384,-195.413192,15.3221611,0
1,G12_G678,0.75,1.10,19300,866924,-63.2558,-59.8264,87.0660345,-47.6425,13.0673,194.629,200.800921,-244.786234,67.1395321,0
1,G12_G678,0.75,1.10,19300,873957,18.9285,12.569,22.7215288,-39.5041,-0.226687,201.012,204.857144,-196.526078,-1.12772869,0
1,G12_G678,0.75,1.10,19300,874736,47.7433,108.504,118.543413,-34.0792,-0.5061,205.17,207.981674,-166.102257,-2.4667349,0
1,G12_G678,0.75,1.10,19300,877098,-2.22374,-54.1227,54.1683642,-41.8669,3.64993,199.895,204.264951,-209.444458,18.2592361,0
1,G12_G678,0.75,1.10,19300,877124,96.1759,-21.9186,98.641922,-16.6152,-6.93496,195.288,196.116194,-85.0804965,-35.5114498,0
1,G12_G678,0.75,1.10,19300,877793,-42.891,34.4994,55.0440413,-40.2615,-0.103507,197.755,201.81189,-203.59283,-0.52341028,0
1,G12_G678,0.75,1.10,19300,883827,75.8806,66.083,100.622206,-31.1745,-2.04498,202.595,204.989671,-153.875959,-10.0939312,0
1,G12_G678,0.75,1.10,19300,886153,31.5955,76.2877,82.5717191,-22.7864,-0.715829,192.701,194.04486,-118.24744,-3.71471347,0
1,G12_G678,0.75,1.10,19300,889156,-25.1938,-58.9963,64.1505337,-39.4061,1.16896,191.377,195.395402,-205.908233,6.10815302,0
1,G12_G678,0.75,1.10,19300,893272,-115.309,51.9659,126.477746,-44.8918,-6.12629,192.16,197.429154,-233.616778,-31.8811928,0
1,G12_G678,0.75,1.10,19300,899920,-49.7332,-63.8272,80.9154042,-30.2921,2.11373,198.392,200.702429,-152.688112,10.6543107,0
1,G12_G678,0.75,1.10,19300,903262,-1.02352,77.2209,77.2276828,-38.3406,0.51784,192.936,196.709354,-198.721856,2.68399884,0
1,G12_G678,0.75,1.10,19300,909611,85.155,147.3,170.143069,-20.7306,-4.65362,199.785,200.911573,-103.764547,-23.2931401,0
1,G12_G678,0.75,1.10,19300,938809,-18.0784,56.37,59.1980189,-49.8143,4.61608,202.692,208.774566,-245.763523,22.7738638,0
1,G12_G678,0.75,1.10,19300,960316,108.546,-70.1475,129.239723,-33.2665,4.7682,203.465,206.22173,-163.499865,23.4349888,0
1,G12_G678,0.75,1.10,19300,962476,-91.7594,158.204,182.888745,-45.5075,0.220111,195.427,200.655659,-232.861887,1.12630803,0
1,G12_G678,0.75,1.10,19300,981677,27.8202,-141.534,144.242285,-23.8034,3.28147,195.922,197.389969,-121.494268,16.7488592,0
1,G12_G678,0.75,1.10,19300,991704,86.2148,1.10964,86.2219406,-23.4481,0.452399,195.167,196.571046,-120.143774,2.3180097,0
1,G12_G678,0.75,1.10,19300,992918,-22.9071,-12.5424,26.1160301,-20.2769,-1.97568,194.535,195.598881,-104.232657,-10.1559102,0
1,G12_G678,0.75,1.10,19300,999537,61.1474,62.9853,87.7846942,-28.4458,-4.93551,198.097,200.18977,-143.595309,-24.9146125,0
1,G12_G678,0.75,1.10,20500,14743,-51.1982,-26.9534,57.8596704,-6.90462,-1.82591,207.266,207.389012,-33.3128444,-8.80950083,0
1,G12_G678,0.75,1.10,20500,17876,25.6162,197.287,198.943082,6.22888,21.3302,193.009,194.283943,32.2724847,110.514017,0
1,G12_G678,0.75,1.10,20500,19361,-118.372,29.9356,122.09861,-39.4051,-0.252956,197.646,201.53602,-199.37211,-1.27984376,0
1,G12_G678,0.75,1.10,20500,19683,-170.361,71.2804,184.672049,-68.3667,-4.83162,178.226,190.949882,-383.595547,-27.1095126,0
1,G12_G678,0.75,1.10,20500,38785,11.7969,-40.0341,41.7360278,-8.23175,1.45929,208.85,209.017257,-39.4146517,6.98726359,0
1,G12_G678,0.75,1.10,20500,61439,123.603,-66.8039,140.500757,-5.45077,-3.64622,196.186,196.295574,-27.7836849,-18.585526,0
1,G12_G678,0.75,1.10,20500,65981,-6.88492,48.4227,48.9097127,5.82151,3.50741,192.479,192.598955,30.2449098,18.2222996,0
1,G12_G678,0.75,1.10,20500,70474,71.1846,-27.3791,76.2683578,0.415493,-3.60281,190.093,190.127593,2.1857354,-18.952881,0
1,G12_G678,0.75,1.10,20500,76798,26.9958,71.9506,76.8483055,-16.0662,25.3126,192.831,195.147752,-83.3175164,131.268313,0
1,G12_G678,0.75,1.10,20500,88258,125.837,-57.3931,138.307333,1.90117,-6.69288,197.881,198.003281,9.60764298,-33.8227521,0
1,G12_G678,0.75,1.10,20500,89190,-48.1226,-178.417,184.792885,0.530732,-12.0439,197.512,197.879578,2.68708737,-60.9780672,0
1,G12_G678,0.75,1.10,20500,91584,-18.6576,-14.6058,23.6946287,6.72872,-1.08986,209.768,209.87872,32.0769612,-5.19554937,0
1,G12_G678,0.75,1.10,20500,94538,57.0394,-174.719,183.793966,0.337616,-10.8591,200.146,200.440653,1.6868486,-54.2558932,0
1,G12_G678,0.75,1.10,20500,99864,139.94,18.6374,141.175622,-3.72694,3.07793,202.365,202.422718,-18.4169199,15.2097942,0
1,G12_G678,0.75,1.10,20500,105309,62.2429,34.9956,71.4063766,4.99312,3.35638,195.586,195.678512,25.5290256,17.1606352,0
1,G12_G678,0.75,1.10,20500,111680,124.789,-56.6841,137.059774,-9.72521,-4.86446,207.866,208.150226,-46.7859583,-23.4019031,0
1,G12_G678,0.75,1.10,20500,120467,-27.4284,16.8761,32.2043456,11.6615,3.1882,190.35,190.733525,61.263462,16.7491463,0
1,G12_G678,0.75,1.10,20500,124214,78.1104,-10.3921,78.7986696,-2.91945,-0.574725,198.333,198.355319,-14.7199407,-2.89777798,0
1,G12_G678,0.75,1.10,20500,124463,112.944,73.6882,134.856583,0.706425,0.454881,195.86,195.861802,3.60678546,2.32248034,0
1,G12_G678,0.75,1.10,20500,127585,-51.484,-100.682,113.081685,10.3748,-5.97934,199.851,200.209418,51.9126749,-29.9189896,0
1,G12_G678,0.75,1.10,20500,132821,-0.38748,28.3094,28.3120517,2.37449,3.48827,202.757,202.800906,11.7110137,17.2041902,0
1,G12_G678,0.75,1.10,20500,144025,75.8164,133.49,153.517773,-5.55262,9.67291,207.394,207.693688,-26.7732914,46.6402596,0
1,G12_G678,0.75,1.10,20500,170216,-31.6153,93.9406,99.1179274,8.5595,1.47561,190.66,190.857743,44.8940522,7.7394839,0
1,G12_G678,0.75,1.10,20500,178255,151.766,-30.3086,154.762818,2.48713,2.7709,192.673,192.708974,12.9085549,14.3813612,0
1,G12_G678,0.75,1.10,20500,178856,25.9853,14.7553,29.8823475,6.87634,7.83328,194.528,194.807051,35.3488444,40.2681362,0
1,G12_G678,0.75,1.10,20500,183338,39.1567,-160.421,165.130689,-2.54611,-11.5396,208.57,208.9045,-12.2074603,-55.3272283,0
1,G12_G678,0.75,1.10,20500,204756,90.0337,131.212,159.13094,-1.27717,15.9522,197.02,197.668875,-6.48243833,80.9674145,0
1,G12_G678,0.75,1.10,20500,209996,-33.555,10.0919,35.0397556,6.78731,3.02027,194.548,194.689789,34.8875856,15.5245492,0
1,G12_G678,0.75,1.10,20500,223567,60.4731,-91.7303,109.870122,-6.95837,-11.5712,203.444,203.891571,-34.2028765,-56.8765852,0
1,G12_G678,0.75,1.10,20500,225768,-52.4287,-48.0642,71.126197,-24.9081,19.0993,195.256,197.762742,-127.566374,97.8167124,0
1,G12_G678,0.75,1.10,20500,236021,31.103,-68.5362,75.2635856,11.6516,-12.4655,191.473,192.231782,60.8524439,-65.1031738,0
1,G12_G678,0.75,1.10,20500,239225,128.062,-51.4191,137.999274,-0.254327,-10.0609,201.05,201.301736,-1.26499378,-50.0417807,0
1,G12_G678,0.75,1.10,20500,240667,-76.1972,39.3597,85.7624584,2.18999,-2.4035,201.038,201.064294,10.8934132,-11.9554512,0
1,G12_G678,0.75,1.10,20500,243336,110.566,70.4976,131.128761,-0.543438,5.27464,195.421,195.492927,-2.78085774,26.9911627,0
1,G12_G678,0.75,1.10,20500,261956,-26.942,86.0755,90.1934757,-0.211562,1.36613,200.445,200.449767,-1.0554616,6.81548554,0
1,G12_G678,0.75,1.10,20500,266572,26.3208,-167.45,169.506009,6.22507,-31.6904,191.368,194.074069,32.5293152,-165.599264,0
1,G12_G678,0.75,1.10,20500,275842,84.3296,17.7739,86.1823239,-1.95153,-4.42725,198.831,198.889858,-9.81501878,-22.2663971,0
1,G12_G678,0.75,1.10,20500,277896,122.945,17.0794,124.125658,1.45541,5.00792,193.965,194.035097,7.50346712,25.8186786,0
1,G12_G678,0.75,1.10,20500,279347,-149.38,-109.503,185.216877,-52.8733,-10.0623,198.812,205.968558,-265.946221,-50.6121361,0
1,G12_G678,0.75,1.10,20500,296434,21.7621,-77.8729,80.8565245,4.34499,-10.352,190.882,191.211874,22.7627016,-54.2324577,0
1,G12_G678,0.75,1.10,20500,313505,-22.6728,14.7297,27.0373801,0.365987,-0.992048,199.141,199.143807,1.83782847,-4.98163613,0
1,G12_G678,0.75,1.10,20500,313872,51.8273,-83.7548,98.4933274,7.61551,-5.66457,193.201,193.433993,39.4175496,-29.3195687,0
1,G12_G678,0.75,1.10,20500,321036,-49.845,-2.73218,49.919824,-6.93368,-4.1852,201.838,202.000421,-34.3526987,-20.7354413,0
1,G12_G678,0.75,1.10,20500,333903,-52.1913,-45.3304,69.1286985,-11.8451,-4.88921,207.358,207.753582,-57.1239113,-23.5785935,0
1,G12_G678,0.75,1.10,20500,336284,-76.3939,-100.488,126.229419,-2.34861,-9.76061,200.545,200.796122,-11.7111372,-48.6704231,0
1,G12_G678,0.75,1.10,20500,390356,-8.43913,38.2604,39.1800603,0.564827,3.85934,200.57,200.607922,2.81610909,19.2418607,0
1,G12_G678,0.75,1.10,20500,400841,-2.13974,69.2754,69.3084377,-9.20235,5.30692,206.043,206.316661,-44.6622792,25.7563712,0
1,G12_G678,0.75,1.10,20500,419615,118.532,-153.478,193.920941,-4.0418,-24.2296,199.06,200.569921,-20.3044308,-121.720084,0
1,G12_G678,0.75,1.10,20500,436170,-50.79,-136.524,145.665462,2.71297,-6.43834,201.351,201.472176,13.4738342,-31.9757041,0
1,G12_G678,0.75,1.10,20500,436685,76.8222,-0.728477,76.8256539,-5.68686,0.458079,195.56,195.643205,-29.0798732,2.3423962,0
1,G12_G678,0.75,1.10,20500,439965,-60.4001,-73.5072,95.1392691,-24.9714,-20.9415,194.489,197.20063,-128.394922,-107.67447,0
1,G12_G678,0.75,1.10,20500,448237,79.8203,-70.564,106.538999,0.412742,-6.37756,197.226,197.329518,2.09273625,-32.3363045,0
1,G12_G678,0.75,1.10,20500,470329,63.299,32.6132,71.2066304,-5.06197,7.68918,199.154,199.366654,-25.4173655,38.609217,0
1,G12_G678,0.75,1.10,20500,482580,53.0279,108.763,121.001439,-4.39955,10.5546,196.874,197.2058,-22.3470341,53.610939,0
1,G12_G678,0.75,1.10,20500,483242,40.6301,-119.111,125.850051,0.26466,-4.87212,194.392,194.453226,1.36147578,-25.0633771,0
1,G12_G678,0.75,1.10,20500,504806,151.711,-9.25937,151.993301,-1.53752,0.282204,193.724,193.730307,-7.93665214,1.45673226,0
1,G12_G678,0.75,1.10,20500,509483,-18.4635,18.0041,25.7885333,1.54215,5.06594,205.239,205.307304,7.51392279,24.6831255,0
1,G12_G678,0.75,1.10,20500,518988,-166.344,98.2028,193.168621,-57.8338,9.16443,198.003,206.479837,-292.085473,46.2842987,0
1,G12_G678,0.75,1.10,20500,535827,26.8666,73.9711,78.6990332,-9.6444,10.9572,205.921,206.437722,-46.8354369,53.2106973,0
1,G12_G678,0.75,1.10,20500,544734,16.3391,-186.499,187.213363,6.34474,-33.2639,194.354,197.282083,32.6452761,-171.151095,0
1,G12_G678,0.75,1.10,20500,549365,42.0958,-161.01,166.421983,6.81684,-15.7502,192.116,192.88104,35.4829374,-81.9827604,0
1,G12_G678,0.75,1.10,20500,553136,97.7662,-21.8878,100.186355,0.74121,4.87862,190.041,190.105055,3.90026363,25.6714077,0
1,G12_G678,0.75,1.10,20500,563239,98.6502,89.4417,133.160353,-4.79508,11.9042,206.823,207.220791,-23.1844621,57.5574283,0
1,G12_G678,0.75,1.10,20500,577760,13.8977,-73.0471,74.3574131,-7.97906,-0.680234,204.842,204.998471,-38.9522656,-3.32077406,0
1,G12_G678,0.75,1.10,20500,589498,3.97697,21.1248,21.4958942,-0.0382527,-3.14479,205.509,205.533064,-0.186136374,-15.3024442,0
1,G12_G678,0.75,1.10,20500,590148,71.0871,-115.359,135.503043,-8.71642,-5.87699,203.249,203.520689,-42.8854263,-28.9152222,0
1,G12_G678,0.75,1.10,20500,600048,92.1653,55.2267,107.445013,-2.67482,10.3327,196.513,196.802638,-13.611415,52.5802364,0
1,G12_G678,0.75,1.10,20500,607070,65.8272,9.51929,66.5119323,2.3257,10.2566,198.789,199.067007,11.6993395,51.5954102,0
1,G12_G678,0.75,1.10,20500,610366,-41.27,-56.4952,69.9637086,3.31178,-1.94619,198.298,198.335202,16.7010257,-9.81447115,0
1,G12_G678,0.75,1.10,20500,618761,-76.8294,124.97,146.697845,-0.21969,6.19997,207.497,207.589723,-1.0587623,29.8798055,0
1,G12_G678,0.75,1.10,20500,620699,53.1121,15.2349,55.2539351,1.95059,-5.08329,195.028,195.103986,10.0015895,-26.0644113,0
1,G12_G678,0.75,1.10,20500,632633,-52.3402,-13.547,54.0649401,4.92577,-1.99361,198.498,198.569116,24.8152122,-10.0434765,0
1,G12_G678,0.75,1.10,20500,635768,-55.6853,-85.5852,102.106215,0.621819,-7.3653,198.441,198.578611,3.13352079,-37.1158178,0
1,G12_G678,0.75,1.10,20500,639461,-22.5514,30.0568,37.5762807,3.00853,5.24273,206.327,206.415524,14.5813684,25.4098106,0
1,G12_G678,0.75,1.10,20500,646881,26.9535,-71.0229,75.9654098,3.1186,-10.1471,198.448,198.731724,15.714948,-51.1322865,0
1,G12_G678,0.75,1.10,20500,648123,53.6,40.1989,66.99934,7.66216,6.67888,194.697,194.962145,39.3542787,34.3039698,0
1,G12_G678,0.75,1.10,20500,650751,-31.952,69.8545,76.8152425,-3.02718,0.887278,200.302,200.326839,-15.1130793,4.42970115,0
1,G12_G678,0.75,1.10,20500,656587,109.113,-65.4739,127.249669,1.6778,-2.50544,195.941,195.9642,8.56278165,-12.7867062,0
1,G12_G678,0.75,1.10,20500,657896,17.577,70.1925,72.3597815,5.58762,6.23854,202.955,203.127726,27.5313247,30.7385381,0
1,G12_G678,0.75,1.10,20500,662543,19.041,-116.329,117.877037,-1.91168,-14.1075,205.623,206.115245,-9.29701444,-68.6085701,0
1,G12_G678,0.75,1.10,20500,668383,45.6313,-4.15256,45.819857,0.327372,-0.9052,204.716,204.718263,1.599152,-4.42173548,0
1,G12_G678,0.75,1.10,20500,670029,35.6592,-54.2291,64.902803,-1.3125,1.67549,198.801,198.812393,-6.60207947,8.42797571,0
1,G12_G678,0.75,1.10,20500,685853,-50.5925,-92.8223,105.714618,1.70141,-2.57183,204.558,204.581242,8.3174943,-12.57262,0
1,G12_G678,0.75,1.10,20500,687014,28.6747,112.672,116.263571,-0.136857,10.3566,200.601,200.868213,-0.682234884,51.6278583,0
1,G12_G678,0.75,1.10,20500,690808,104.277,-14.9116,105.337783,1.25551,1.8135,192.181,192.193657,6.53295591,9.43641671,0
1,G12_G678,0.75,1.10,20500,693506,31.1317,0.206313,31.1323836,2.27666,4.02101,200.195,200.24832,11.3722121,20.0854667,0
1,G12_G678,0.75,1.10,20500,699192,-35.1258,-20.2584,40.5490394,4.86156,2.66323,194.394,194.473018,25.0087966,13.7001656,0
1,G12_G678,0.75,1.10,20500,708256,-27.7058,21.1868,34.8782432,7.27332,-1.72874,192.674,192.818982,37.749359,-8.97235745,0
1,G12_G678,0.75,1.10,20500,714139,30.0492,103.61,107.8795,6.81879,3.55557,193.55,193.702712,35.2301214,18.3702919,0
1,G12_G678,0.75,1.10,20500,716036,114.198,-80.7925,139.887852,16.0453,-6.89156,193.944,194.728581,82.7316132,-35.5337623,0
1,G12_G678,0.75,1.10,20500,719761,-27.5132,28.0331,39.2788858,-7.34081,3.65765,208.617,208.778156,-35.1879761,17.5328473,0
1,G12_G678,0.75,1.10,20500,721640,51.8067,45.6292,69.0359186,8.26077,0.928961,191.661,191.84119,43.1009439,4.84689634,0
1,G12_G678,0.75,1.10,20500,733482,-18.4758,39.479,43.5883772,-2.94816,4.57498,200.042,200.116026,-14.7377051,22.8700973,0
1,G12_G678,0.75,1.10,20500,734866,74.9841,12.5149,76.0212995,-7.47917,0.355311,204.059,204.196326,-36.6519977,1.741217,0
1,G12_G678,0.75,1.10,20500,735888,170.546,-19.6552,171.674882,0.54234,0.241575,194.134,194.134908,2.79363738,1.24437244,0
1,G12_G678,0.75,1.10,20500,737349,53.2786,-3.56359,53.3976441,-0.992209,4.7685,201.392,201.450889,-4.92675479,23.6777032,0
1,G12_G678,0.75,1.10,20500,740848,44.6071,-160.405,166.491914,-3.02815,-13.2783,205.18,205.631504,-14.7585047,-64.7153719,0
1,G12_G678,0.75,1.10,20500,749221,81.55,-111.061,137.785878,-8.85876,-6.20857,204.965,205.250275,-43.2208426,-30.2908789,0
1,G12_G678,0.75,1.10,20500,753761,87.0135,92.0234,126.647761,0.601438,11.6432,193.125,193.476592,3.11424207,60.2884142,0
1,G12_G678,0.75,1.10,20500,755846,44.4019,-15.3907,46.9936418,7.91632,-3.05231,190.645,190.833699,41.5238795,-16.0104382,0
1,G12_G678,0.75,1.10,20500,765154,147.412,17.2817,148.421545,1.97677,-0.1604,194.657,194.667103,10.1551447,-0.824013521,0
1,G12_G678,0.75,1.10,20500,768750,137.762,-76.2697,157.465665,-4.85389,-27.7157,201.989,203.939394,-24.030467,-137.213908,0
1,G12_G678,0.75,1.10,20500,773680,-42.9641,-126.913,133.988147,0.52341,-10.1493,195.702,195.965699,2.67452555,-51.8609927,0
1,G12_G678,0.75,1.10,20500,780351,-24.2951,7.4621,25.4152478,12.0139,-5.17297,205.557,205.97275,58.4455893,-25.1656232,0
1,G12_G678,0.75,1.10,20500,781408,107.2,78.66,132.963287,-5.93933,1.2501,204.137,204.22721,-29.0948236,6.12382861,0
1,G12_G678,0.75,1.10,20500,793517,162.7,43.2263,168.344299,-2.4443,-1.3768,199.963,199.982678,-12.2237614,-6.88527378,0
1,G12_G678,0.75,1.10,20500,818888,11.7243,-18.6232,22.0064261,-0.748116,-3.81104,209.282,209.318034,-3.57467914,-18.2100706,0
1,G12_G678,0.75,1.10,20500,820529,130.106,12.7047,130.724828,-2.88724,3.03298,198.264,198.308217,-14.5626034,15.2976839,0
1,G12_G678,0.75,1.10,20500,820774,41.8765,-1.86403,41.9179658,2.60988,0.328907,205.53,205.546833,12.6982922,1.60028706,0
1,G12_G678,0.75,1.10,20500,823918,66.1607,-31.5285,73.2890479,-1.88838,1.85362,190.767,190.785351,-9.89888188,9.71667007,0
1,G12_G678,0.75,1.10,20500,827822,42.8264,-27.5447,50.9196527,-6.24614,-1.88526,204.812,204.915894,-30.4969435,-9.20483175,0
1,G12_G678,0.75,1.10,20500,828665,8.38299,108.127,108.451476,11.7935,6.28451,191.553,192.018576,61.5678167,32.8082045,0
1,G12_G678,0.75,1.10,20500,831236,-54.1088,-119.415,131.101886,-5.6418,-4.1892,209.183,209.300996,-26.9706429,-20.026484,0
1,G12_G678,0.75,1.10,20500,831740,134.568,-59.3355,147.068855,-1.09497,-2.98587,200.577,200.602212,-5.4591005,-14.8864027,0
1,G12_G678,0.75,1.10,20500,835529,-6.2665,73.3853,73.6523678,-7.73942,3.38157,209.376,209.546279,-36.9642175,16.150705,0
1,G12_G678,0.75,1.10,20500,840690,125.657,85.7693,152.138274,6.21223,24.7687,192.941,194.623508,32.197563,128.374477,0
1,G12_G678,0.75,1.10,20500,850300,-125.545,-43.8877,132.995027,-44.7248,-4.06627,193.661,198.799963,-230.943763,-20.996845,0
1,G12_G678,0.75,1.10,20500,850941,45.3,-22.8067,50.7172117,-1.41504,3.77377,206.411,206.450344,-6.8554486,18.282795,0
1,G12_G678,0.75,1.10,20500,852533,-31.3354,-50.7468,59.6418058,0.442255,-2.45857,203.233,203.248352,2.17609837,-12.0972972,0
1,G12_G678,0.75,1.10,20500,858741,12.554,-148.854,149.38245,3.41821,-13.005,196.993,197.451402,17.3519364,-66.0175742,0
1,G12_G678,0.75,1.10,20500,865043,-50.8937,-119.913,130.266251,2.78971,-6.4204,193.423,193.549634,14.4228453,-33.1935706,0
1,G12_G678,0.75,1.10,20500,873957,-27.0124,11.9711,29.546184,-4.72748,0.699136,204.802,204.857748,-23.083173,3.41371666,0
1,G12_G678,0.75,1.10,20500,874736,22.319,112.259,114.456196,-5.25796,8.12669,207.757,207.982356,-25.3082207,39.1163234,0
1,G12_G678,0.75,1.10,20500,877098,-55.5129,-34.8995,65.5717711,-3.57537,0.785556,204.232,204.264804,-17.5064143,3.84639038,0
1,G12_G678,0.75,1.10,20500,877124,157.381,-66.1644,170.723481,0.882507,-11.4335,195.781,196.116556,4.50762331,-58.3994361,0
1,G12_G678,0.75,1.10,20500,877793,-122.775,35.9802,127.938561,-41.3201,2.50884,197.521,201.812265,-209.193453,12.7016368,0
1,G12_G678,0.75,1.10,20500,883827,58.824,58.0716,82.6593836,-6.52164,2.53649,204.87,204.989469,-31.8330649,12.3809733,0
1,G12_G678,0.75,1.10,20500,886153,81.2946,76.672,111.74707,4.77515,5.09602,193.919,194.044711,24.6244566,26.2791165,0
1,G12_G678,0.75,1.10,20500,889156,-60.1756,-55.2806,81.7132032,0.848317,-3.10942,195.369,195.395584,4.34212695,-15.9156263,0
1,G12_G678,0.75,1.10,20500,899920,-32.0162,-54.606,63.2997022,7.6624,-2.20554,200.544,200.702448,38.208074,-10.997786,0
1,G12_G678,0.75,1.10,20500,903262,-32.9794,85.6147,91.7470309,-0.826895,7.00903,196.583,196.709649,-4.20634032,35.6543038,0
1,G12_G678,0.75,1.10,20500,909611,123.764,128.383,178.324767,-0.887985,5.29927,200.84,200.911862,-4.42135531,26.3855308,0
1,G12_G678,0.75,1.10,20500,913289,35.5563,80.0472,87.5888389,2.31572,16.7239,198.542,199.258569,11.6636278,84.2335627,0
1,G12_G678,0.75,1.10,20500,924663,38.6317,-22.3976,44.6549071,-19.4425,-27.509,204.79,207.542044,-94.9387177,-134.327848,0
1,G12_G678,0.75,1.10,20500,960316,70.5515,-46.6964,84.6053658,-11.8206,0.863239,205.881,206.221866,-57.4147202,4.1929027,0
1,G12_G678,0.75,1.10,20500,964181,-90.3078,-53.085,104.754551,-30.5055,-25.0088,190.035,194.085875,-160.525693,-131.601021,0
1,G12_G678,0.75,1.10,20500,981677,69.1523,-129.963,147.215563,4.11315,-6.73908,197.232,197.389957,20.8543745,-34.1682891,0
1,G12_G678,0.75,1.10,20500,991704,111.952,3.98391,112.022863,-2.2578,0.726615,196.557,196.57131,-11.4867443,3.69671393,0
1,G12_G678,0.75,1.10,20500,992918,52.0326,-26.1339,58.2269026,11.485,-3.82554,195.224,195.598952,58.829857,-19.595644,0
1,G12_G678,0.75,1.10,20500,999537,65.226,36.6903,74.8372179,-2.67379,-1.83679,200.164,200.190284,-13.3579964,-9.17642533,0
1,G12_G678,0.75,1.10,22000,14743,-93.184,-43.7411,102.939505,-30.4265,2.9017,205.125,207.389627,-148.331505,14.1460085,0
1,G12_G678,0.75,1.10,22000,38785,-62.2092,-39.945,73.9296124,-14.6615,5.1904,208.438,209.017463,-70.3398613,24.9014095,0
1,G12_G678,0.75,1.10,22000,61439,13.5521,-102.906,103.794529,-11.0484,7.83727,195.827,196.294941,-56.4191863,40.0213964,0
1,G12_G678,0.75,1.10,22000,65981,49.8107,81.6064,95.6070623,10.763,-5.51881,192.219,192.599178,55.9934242,-28.7110535,0
1,G12_G678,0.75,1.10,22000,70474,39.2171,-56.4976,68.7747027,0.170414,2.91781,190.106,190.128467,0.896415684,15.348332,0
1,G12_G678,0.75,1.10,22000,88258,80.8407,-110.673,137.053755,2.31016,6.03838,197.898,198.003579,11.6734884,30.5125873,0
1,G12_G678,0.75,1.10,22000,91584,45.5045,-24.2201,51.5487416,11.9745,1.51338,209.531,209.878343,57.1490615,7.22270213,0
1,G12_G678,0.75,1.10,22000,99864,42.7056,40.972,59.1816953,-7.23338,-1.72684,202.286,202.422651,-35.758184,-8.53662636,0
1,G12_G678,0.75,1.10,22000,105309,76.8674,63.7916,99.8897663,8.72016,-3.80175,195.447,195.67837,44.6164945,-19.4515649,0
1,G12_G678,0.75,1.10,22000,111680,-14.1548,-96.6067,97.6381731,-17.8477,5.98484,207.297,208.149958,-86.0972421,28.8708471,0
1,G12_G678,0.75,1.10,22000,120467,94.757,41.1047,103.28836,21.8682,-1.70128,189.468,190.733415,115.418963,-8.97924716,0
1,G12_G678,0.75,1.10,22000,124214,15.289,-16.1666,22.251123,-5.66189,1.18536,198.271,198.355367,-28.5563194,5.97848399,0
1,G12_G678,0.75,1.10,22000,124463,63.7837,91.8628,111.8353,0.350005,-9.22213,195.644,195.861545,1.78898918,-47.1373004,0
1,G12_G678,0.75,1.10,22000,127585,64.8031,-159.3,171.976544,19.1483,11.4683,198.962,200.210032,96.2409907,57.640655,0
1,G12_G678,0.75,1.10,22000,132821,20.2833,55.8266,59.3971508,4.27952,-2.738,202.737,202.800646,21.1087271,-13.5051816,0
1,G12_G678,0.75,1.10,22000,170216,63.7244,124.305,139.687266,16.0641,-11.7204,189.819,190.857737,84.6285145,-61.7451362,0
1,G12_G678,0.75,1.10,22000,173741,-2.94167,146.024,146.053627,-6.75472,14.558,192.986,193.652157,-35.0010882,75.4355238,0
1,G12_G678,0.75,1.10,22000,178255,100.13,-18.8666,101.89193,3.63519,4.33943,192.626,192.709162,18.8717515,22.5277481,0
1,G12_G678,0.75,1.10,22000,178856,75.4486,67.5062,101.240201,12.4395,-0.52061,194.409,194.807268,63.9862352,-2.677911,0
1,G12_G678,0.75,1.10,22000,209996,44.2434,31.3732,54.2379583,12.6808,-0.74832,194.275,194.689852,65.2724231,-3.85185948,0
1,G12_G678,0.75,1.10,22000,223567,-29.0628,-181.807,184.115267,-13.1281,8.94971,203.271,203.89101,-64.584225,44.0284645,0
1,G12_G678,0.75,1.10,22000,239225,63.6966,-123.393,138.863564,-1.57783,4.49522,201.245,201.301382,-7.84034386,22.3370519,0
1,G12_G678,0.75,1.10,22000,240667,-21.6546,32.9426,39.4225392,4.23575,-5.34292,200.949,201.064639,21.0787314,-26.5884379,0
1,G12_G678,0.75,1.10,22000,243336,50.2075,118.228,128.447083,-2.16418,-7.99192,195.317,195.492417,-11.0803463,-40.9176877,0
1,G12_G678,0.75,1.10,22000,261956,-15.7982,113.375,114.470406,-0.160977,-10.3173,200.184,200.44976,-0.804145186,-51.539084,0
1,G12_G678,0.75,1.10,22000,275842,27.4167,-5.87449,28.038992,-3.88394,-3.05154,198.828,198.889342,-19.5341702,-15.3476372,0
1,G12_G678,0.75,1.10,22000,277896,75.9291,52.1382,92.1065694,1.8474,-1.34607,194.021,194.034464,9.52164972,-6.93775416,0
1,G12_G678,0.75,1.10,22000,296434,49.8963,-161.862,169.378121,7.53267,8.22344,190.887,191.212481,39.4614091,43.0801469,0
1,G12_G678,0.75,1.10,22000,313505,-8.80011,11.8217,14.7375211,0.754159,-2.00798,199.132,199.143552,3.78723159,-10.0836631,1
1,G12_G678,0.75,1.10,22000,313872,94.0801,-138.51,167.439796,13.1286,9.68447,192.745,193.434186,68.1138292,50.2449869,0
1,G12_G678,0.75,1.10,22000,321036,-94.4537,-28.9831,98.8004126,-31.1553,-0.485892,199.583,202.00065,-156.101973,-2.43453601,0
1,G12_G678,0.75,1.10,22000,390356,0.474691,70.4654,70.4669989,1.06477,-3.93126,200.567,200.60835,5.30879955,-19.6007319,0
1,G12_G678,0.75,1.10,22000,400841,-78.9312,116.45,140.679554,-18.2144,-7.35016,205.38,206.317071,-88.6863375,-35.7881001,0
1,G12_G678,0.75,1.10,22000,436685,-11.4418,1.99056,11.6136608,-10.8474,0.17172,195.343,195.644022,-55.5300164,0.879069125,1
1,G12_G678,0.75,1.10,22000,448237,43.742,-125.503,132.907357,-0.0931827,7.64851,197.182,197.330306,-0.47257204,38.7890883,0
1,G12_G678,0.75,1.10,22000,470329,-11.6474,87.2077,87.9820713,-9.59089,-2.58408,199.119,199.366594,-48.166624,-12.9775662,0
1,G12_G678,0.75,1.10,22000,475350,-76.8334,-100.4,126.425992,-30.0587,-19.61,190.926,194.269954,-157.436389,-102.70995,0
1,G12_G678,0.75,1.10,22000,483242,21.5467,-176.315,177.626686,-0.232803,14.0583,193.944,194.45299,-1.20036196,72.4863878,0
1,G12_G678,0.75,1.10,22000,504806,63.633,-9.28609,64.3069993,-3.75509,1.23451,193.69,193.73033,-19.3871134,6.37363829,0
1,G12_G678,0.75,1.10,22000,509483,3.06917,52.5743,52.6638094,2.81521,-1.08922,205.285,205.307192,13.7136664,-5.30589181,0
1,G12_G678,0.75,1.10,22000,528588,-51.9604,-112.79,124.1832,-4.86154,22.9418,204.725,206.063792,-23.7466846,112.061546,0
1,G12_G678,0.75,1.10,22000,535827,-67.2783,156.18,170.054586,-17.2929,-6.75064,205.602,206.438364,-84.1086176,-32.8335327,0
1,G12_G678,0.75,1.10,22000,553136,55.9851,4.67278,56.1797677,0.690705,3.52827,190.071,190.104999,3.63393153,18.5629054,0
1,G12_G678,0.75,1.10,22000,563239,10.2014,179.192,179.482148,-9.66704,-8.41959,206.824,207.220916,-46.740417,-40.7089603,0
1,G12_G678,0.75,1.10,22000,577760,-60.5179,-93.0496,110.998398,-14.3034,8.80438,204.309,204.998224,-70.0086633,43.0934516,0
1,G12_G678,0.75,1.10,22000,589498,1.85989,6.70035,6.95369549,-0.0750143,-3.2523,205.508,205.533747,-0.36501888,-15.8256613,1
1,G12_G678,0.75,1.10,22000,590148,-38.758,-175.402,179.633082,-16.3235,13.1108,202.441,203.520781,-80.6333697,64.7635607,0
1,G12_G678,0.75,1.10,22000,600048,22.0454,131.45,133.285791,-5.87182,-5.08499,196.649,196.802349,-29.8593941,-25.8582042,0
1,G12_G678,0.75,1.10,22000,607070,54.94,75.1597,93.0987868,3.86018,0.762353,199.028,199.066891,19.3951605,3.83038065,0
1,G12_G678,0.75,1.10,22000,610366,7.87131,-80.9268,81.3086987,6.28028,6.63068,198.125,198.335381,31.6985741,33.4671546,0
1,G12_G678,0.75,1.10,22000,620699,45.1544,-13.4001,47.1007698,3.31005,-2.79457,195.056,195.104098,16.969742,-14.3270138,0
1,G12_G678,0.75,1.10,22000,632633,16.0417,-28.8528,33.012425,9.20984,1.30477,198.351,198.568987,46.4320321,6.57808632,0
1,G12_G678,0.75,1.10,22000,635768,-22.2141,-150.002,151.637945,1.81112,9.22819,198.356,198.578806,9.13065398,46.5233721,0
1,G12_G678,0.75,1.10,22000,639461,13.1462,68.1554,69.4116786,5.44368,-2.49242,206.328,206.414848,26.3836222,-12.0798922,0
1,G12_G678,0.75,1.10,22000,646881,40.765,-149.879,155.323855,5.26309,6.8831,198.542,198.730981,26.5086984,34.6682314,0
1,G12_G678,0.75,1.10,22000,648123,96.1799,91.2947,132.60956,13.5499,-3.94672,194.451,194.962478,69.6828507,-20.2967329,0
1,G12_G678,0.75,1.10,22000,650751,-43.1691,90.6768,100.428349,-5.24849,-8.43352,200.08,200.326427,-26.2319572,-42.1507397,0
1,G12_G678,0.75,1.10,22000,656587,70.4231,-94.887,118.164952,2.12478,7.82299,195.796,195.96374,10.8520092,39.9547999,0
1,G12_G678,0.75,1.10,22000,657896,57.1063,123.738,136.27994,9.82524,-7.33359,202.757,203.127344,48.4582037,-36.1693554,0
1,G12_G678,0.75,1.10,22000,668383,27.7405,-10.5344,29.6733706,0.497561,0.312272,204.717,204.717843,2.43048208,1.52538382,0
1,G12_G678,0.75,1.10,22000,670029,7.17459,-55.7068,56.1669147,-2.56267,7.01958,198.672,198.812488,-12.8989994,35.3325079,0
1,G12_G678,0.75,1.10,22000,685853,-12.1087,-128.354,128.923892,3.42295,10.7931,204.268,204.581581,16.7571524,52.8379384,0
1,G12_G678,0.75,1.10,22000,690808,64.5504,-6.5623,64.8831097,1.6546,2.18423,192.174,192.193535,8.60990561,11.3658976,0
1,G12_G678,0.75,1.10,22000,693506,36.5522,25.0637,44.319887,4.021,0.766747,200.207,200.248843,20.0842128,3.82977119,0
1,G12_G678,0.75,1.10,22000,699192,25.9818,-7.91325,27.1601446,9.14302,2.99355,194.235,194.473112,47.0719489,15.4120009,0
1,G12_G678,0.75,1.10,22000,708256,52.5491,14.8987,54.6203183,13.6145,-2.95159,192.315,192.818894,70.7927099,-15.3476848,0
1,G12_G678,0.75,1.10,22000,714139,76.041,149.448,167.681061,11.8809,-12.4595,192.936,193.702594,61.5794875,-64.5784094,0
1,G12_G678,0.75,1.10,22000,719761,-76.5717,55.9709,94.8470711,-13.0111,-2.58113,208.356,208.777809,-62.4464858,-12.3880762,0
1,G12_G678,0.75,1.10,22000,721640,102.011,61.8324,119.287425,14.8278,-5.65887,191.184,191.841623,77.5577454,-29.5990773,0
1,G12_G678,0.75,1.10,22000,733482,-35.512,76.4421,84.2881771,-5.22769,-3.96583,200.008,200.115608,-26.1374045,-19.8283569,0
1,G12_G678,0.75,1.10,22000,734866,-23.4901,17.2814,29.1621601,-13.6516,-1.46915,203.734,204.196149,-67.0069797,-7.21111842,0
1,G12_G678,0.75,1.10,22000,735888,92.3733,-21.8704,94.9270296,-0.0322344,2.58003,194.118,194.135148,-0.166055698,13.2910395,0
1,G12_G678,0.75,1.10,22000,737349,19.9549,24.9353,31.9369257,-1.96694,1.39978,201.437,201.451466,-9.76454177,6.94897164,0
1,G12_G678,0.75,1.10,22000,749221,-33.5236,-171.597,174.840962,-16.6005,12.4459,204.199,205.250356,-81.2956968,60.9498577,0
1,G12_G678,0.75,1.10,22000,755846,95.6345,-38.4275,103.066145,14.3514,1.49872,190.287,190.833307,75.4197607,7.87610294,0
1,G12_G678,0.75,1.10,22000,765154,93.8692,19.727,95.9196603,2.79379,-2.24038,194.634,194.666943,14.3540697,-11.510733,0
1,G12_G678,0.75,1.10,22000,780351,89.0106,-22.1975,91.7366662,21.6105,-2.00237,204.826,205.972604,105.506625,-9.77595618,0
1,G12_G678,0.75,1.10,22000,781408,6.06597,102.074,102.254083,-11.2583,-9.4928,203.695,204.226628,-55.2703797,-46.6030094,0
1,G12_G678,0.75,1.10,22000,793517,64.5933,42.8984,77.540745,-5.16001,-5.75154,199.833,199.982334,-25.821611,-28.7817327,0
1,G12_G678,0.75,1.10,22000,805936,-55.2317,116.914,129.303612,-30.0564,-21.0594,202.941,206.23272,-148.104129,-103.771047,0
1,G12_G678,0.75,1.10,22000,818888,0.297513,-45.3466,45.347576,-1.34411,1.35817,209.309,209.317722,-6.42165411,6.48882752,0
1,G12_G678,0.75,1.10,22000,820529,42.6653,33.9942,54.5521169,-5.88538,-1.04667,198.219,198.309115,-29.691301,-5.28037171,0
1,G12_G678,0.75,1.10,22000,820774,45.1999,-0.27951,45.2007642,4.61398,0.29847,205.494,205.546009,22.453113,1.45245117,0
1,G12_G678,0.75,1.10,22000,823918,15.7794,-26.5601,30.8938242,-3.97847,4.27667,190.696,190.785436,-20.8628917,22.4266372,0
1,G12_G678,0.75,1.10,22000,827822,-30.0556,-44.8706,54.0065722,-11.3294,2.96888,204.581,204.915971,-55.3785542,14.5120026,0
1,G12_G678,0.75,1.10,22000,831236,-74.8978,-170.101,185.860245,-9.23266,13.5574,208.657,209.300714,-44.2480243,64.9745755,0
1,G12_G678,0.75,1.10,22000,831740,60.7863,-89.4233,108.127244,-2.85311,6.88464,200.464,200.602477,-14.2325305,34.343523,0
1,G12_G678,0.75,1.10,22000,835529,-67.6278,109.428,128.639055,-13.6193,-8.12466,208.946,209.546955,-65.1809558,-38.8840179,0
1,G12_G678,0.75,1.10,22000,850941,13.0235,-4.96847,13.9390547,-2.59326,3.60572,206.403,206.45078,-12.5640616,17.4693197,1
1,G12_G678,0.75,1.10,22000,852533,-12.9567,-76.777,77.8625957,0.938633,5.68874,203.167,203.248795,4.62000719,28.000315,0
1,G12_G678,0.75,1.10,22000,873957,-55.1452,18.8194,58.2680264,-8.44027,-1.31208,204.679,204.857152,-41.2366193,-6.41042804,0
1,G12_G678,0.75,1.10,22000,877098,-60.8215,-37.6737,71.54413,-6.28276,4.44085,204.12,204.264947,-30.7797374,21.7560749,0
1,G12_G678,0.75,1.10,22000,877124,84.4344,-150.363,172.447672,-0.549366,6.5656,196.006,196.116702,-2.80280196,33.4969338,0
1,G12_G678,0.75,1.10,22000,883827,-24.0014,85.7311,89.0274604,-11.9309,-6.58406,204.536,204.989442,-58.3315407,-32.1902257,0
1,G12_G678,0.75,1.10,22000,886153,83.0919,125.662,150.649268,7.71908,-8.84184,193.689,194.044302,39.8529602,-45.6496755,0
1,G12_G678,0.75,1.10,22000,889156,-22.9424,-86.8806,89.8587357,2.03636,6.35693,195.282,195.396051,10.4277916,32.552565,0
1,G12_G678,0.75,1.10,22000,899920,50.1029,-80.0864,94.4676244,14.0172,6.32905,200.112,200.702146,70.0467738,31.6275386,0
1,G12_G678,0.75,1.10,22000,903262,-23.5482,148.49,150.345595,-1.0565,-9.36799,196.483,196.709036,-5.37705552,-47.6783742,0
1,G12_G678,0.75,1.10,22000,940243,11.6942,-27.0332,29.4541715,-10.4075,18.3771,204.285,205.373794,-50.9459823,89.9581467,0
1,G12_G678,0.75,1.10,22000,960316,-62.032,-51.1702,80.4136704,-21.349,5.95943,205.027,206.221641,-104.127749,29.066562,0
1,G12_G678,0.75,1.10,22000,976337,-141.012,-80.093,162.170505,-56.9444,1.42611,190.62,198.948945,-298.732557,7.48142902,0
1,G12_G678,0.75,1.10,22000,991704,38.1442,9.33392,39.2696073,-4.68904,-0.372226,196.515,196.571287,-23.8609775,-1.89413531,0
1,G12_G678,0.75,1.10,22000,992918,130.297,-56.0926,141.857985,20.7104,2.69521,194.481,195.599193,106.490608,13.8584746,0
1,G12_G678,0.75,1.10,22000,999537,11.2694,33.2207,35.0801124,-5.10428,-4.89605,200.065,200.189983,-25.5131082,-24.4722965,0
1,G12_G678,0.75,1.10,23300,24910,180.405,61.0685,190.460825,-55.9941,4.23142,201.886,209.549997,-277.355042,20.9594524,0
1,G12_G678,0.75,1.10,23300,61439,-56.9096,-63.3528,85.1603185,-10.1589,4.33411,195.984,196.294972,-51.8353539,22.1146114,0
1,G12_G678,0.75,1.10,23300,65981,109.851,54.4838,122.620254,7.1674,-2.68122,192.447,192.599087,37.2435008,-13.9322515,0
1,G12_G678,0.75,1.10,23300,70474,34.1722,-44.1868,55.8588627,-1.52958,0.821068,190.12,190.127926,-8.04533979,4.31868294,0
1,G12_G678,0.75,1.10,23300,88258,82.7585,-85.2759,118.831597,-1.469,1.9601,197.989,198.004152,-7.41960412,9.90004495,0
1,G12_G678,0.75,1.10,23300,91584,108.665,-17.7152,110.099548,8.53359,0.636559,209.704,209.878524,40.6935013,3.03551196,0
1,G12_G678,0.75,1.10,23300,99864,-7.03078,35.334,36.0267043,-8.12522,-0.132249,202.259,202.422182,-40.1723533,-0.653859655,0
1,G12_G678,0.75,1.10,23300,105309,119.246,46.5856,128.022758,4.26536,-1.50976,195.626,195.678319,21.8036457,-7.71758355,0
1,G12_G678,0.75,1.10,23300,124214,-21.6603,-10.3536,24.0076161,-5.56916,0.627822,198.276,198.355191,-28.0879179,3.16640441,0
1,G12_G678,0.75,1.10,23300,124463,56.166,40.6667,69.3426279,-2.43767,-6.41831,195.741,195.861369,-12.4535483,-32.789809,0
1,G12_G678,0.75,1.10,23300,132821,42.9676,45.4788,62.5662521,2.85963,-0.62406,202.779,202.800123,14.1021999,-3.07753761,0
1,G12_G678,0.75,1.10,23300,170216,155.794,57.9793,166.232878,11.1108,-7.90954,190.37,190.857925,58.3642381,-41.5482481,0
1,G12_G678,0.75,1.10,23300,178255,107.568,9.50275,107.986929,-1.13609,4.11428,192.662,192.709274,-5.89680373,21.3549117,0
1,G12_G678,0.75,1.10,23300,178856,141.446,74.1716,159.713485,7.53796,2.38999,194.646,194.806566,38.7265086,12.2786494,0
1,G12_G678,0.75,1.10,23300,209996,116.571,30.888,120.593808,9.08596,0.539311,194.477,194.689879,46.719972,2.77313513,0
1,G12_G678,0.75,1.10,23300,239225,44.6895,-111.108,119.75867,-4.1121,-0.382543,201.259,201.301368,-20.4318813,-1.90074978,0
1,G12_G678,0.75,1.10,23300,240667,7.15744,1.05759,7.23515335,4.61154,-4.59777,200.959,201.064481,22.9476659,-22.8791445,1
1,G12_G678,0.75,1.10,23300,243336,29.0435,79.8446,84.9628451,-4.0358,-3.84075,195.413,195.492403,-20.652669,-19.6545266,0
1,G12_G678,0.75,1.10,23300,261956,-14.3937,59.1332,60.8597892,0.540761,-6.67388,200.338,200.449862,2.69924328,-33.3131009,0
1,G12_G678,0.75,1.10,23300,268767,162.842,80.4888,181.647912,-54.714,2.57334,191.363,199.047838,-285.91734,13.4474271,0
1,G12_G678,0.75,1.10,23300,275842,-0.388236,-28.0859,28.0885832,-4.54486,-3.72879,198.803,198.8899,-22.8611238,-18.7562059,0
1,G12_G678,0.75,1.10,23300,277896,75.8527,50.6543,91.2112395,-1.64738,0.77834,194.026,194.034555,-8.49051158,4.01152423,0
1,G12_G678,0.75,1.10,23300,296434,89.6888,-127.58,155.951073,4.34437,2.21219,191.15,191.212159,22.7275438,11.5730578,0
1,G12_G678,0.75,1.10,23300,313505,-2.89099,-0.366603,2.91414154,1.03127,-1.7556,199.133,199.143409,5.1788001,-8.81621831,1
1,G12_G678,0.75,1.10,23300,313872,161.703,-90.0573,185.089647,7.29248,4.95363,193.233,193.433997,37.7393095,25.6355281,0
1,G12_G678,0.75,1.10,23300,390356,6.8524,53.9767,54.4099212,0.905721,-1.32983,200.602,200.608452,4.51501481,-6.62919612,0
1,G12_G678,0.75,1.10,23300,436685,-77.0248,3.52207,77.1052838,-8.90858,0.284326,195.44,195.643137,-45.5821736,1.45479943,0
1,G12_G678,0.75,1.10,23300,448237,36.4902,-91.0279,98.0694309,-1.96454,3.12137,197.295,197.329469,-9.95737348,15.8208267,0
1,G12_G678,0.75,1.10,23300,470329,-68.3686,82.5122,107.156561,-7.83143,0.943449,199.21,199.366109,-39.3124341,4.73595201,0
1,G12_G678,0.75,1.10,23300,483242,16.6742,-103.293,104.630172,-1.13925,8.1806,194.278,194.453494,-5.8640196,42.1077013,0
1,G12_G678,0.75,1.10,23300,504806,30.3954,-1.88815,30.4539891,-5.96622,0.993543,193.635,193.729441,-30.8116818,5.13100937,0
1,G12_G678,0.75,1.10,23300,509483,19.3102,53.0243,56.4310217,2.3251,1.10329,205.291,205.307131,11.325874,5.37427359,0
1,G12_G678,0.75,1.10,23300,528588,-73.0122,25.6879,77.3992865,-1.97175,20.9779,204.984,206.064069,-9.61904344,102.339207,0
1,G12_G678,0.75,1.10,23300,553125,176.072,88.285,196.965963,-61.0927,11.2676,192.954,202.707974,-316.61795,58.3952652,0
1,G12_G678,0.75,1.10,23300,553136,51.6566,31.269,60.3833974,-1.79487,4.23867,190.049,190.104735,-9.44424859,22.3030376,0
1,G12_G678,0.75,1.10,23300,563239,-48.1413,149.253,156.824879,-8.88511,-1.54562,207.025,207.221342,-42.9180534,-7.46586161,0
1,G12_G678,0.75,1.10,23300,589498,1.14721,-14.2315,14.2776638,-0.145008,-3.38318,205.505,205.532898,-0.705617868,-16.4627625,1
1,G12_G678,0.75,1.10,23300,600048,-17.5258,115.944,117.261097,-6.03898,0.0681819,196.71,196.802688,-30.6999136,0.346611255,0
1,G12_G678,0.75,1.10,23300,607070,70.2964,91.9372,115.732591,0.999484,4.19983,199.02,199.066818,5.02202794,21.1025525,0
1,G12_G678,0.75,1.10,23300,610366,45.1449,-46.8986,65.0963953,5.11526,3.93954,198.23,198.335117,25.8046713,19.8735812,0
1,G12_G678,0.75,1.10,23300,620699,58.87,-35.4017,68.6946669,0.937464,-3.77797,195.065,195.103834,4.80590572,-19.3677492,0
1,G12_G678,0.75,1.10,23300,632633,69.9943,-24.1408,74.0403961,7.31126,0.200289,198.434,198.568746,36.8447947,1.0093482,0
1,G12_G678,0.75,1.10,23300,635768,-7.74524,-108.481,108.757143,2.53281,3.81763,198.526,198.578856,12.758077,19.2298742,0
1,G12_G678,0.75,1.10,23300,639461,43.3581,61.4745,75.2265843,4.19036,0.208002,206.372,206.414643,20.3048863,1.00789836,0
1,G12_G678,0.75,1.10,23300,646881,66.7243,-124.667,141.400117,2.81003,1.17082,198.708,198.731317,14.1415041,5.89216338,0
1,G12_G678,0.75,1.10,23300,648123,165.822,77.0396,182.844293,7.60637,-0.480692,194.813,194.962029,39.0444683,-2.4674534,0
1,G12_G678,0.75,1.10,23300,650751,-68.5457,45.9526,82.5236599,-2.70921,-5.55302,200.231,200.326307,-13.5304224,-27.7330683,0
1,G12_G678,0.75,1.10,23300,656587,72.7961,-54.0976,90.6963202,-1.18302,4.696,195.904,195.963847,-6.03877409,23.9709245,0
1,G12_G678,0.75,1.10,23300,657896,107.498,92.0098,141.497785,6.09994,-2.83723,203.016,203.127436,30.0465973,-13.975401,0
1,G12_G678,0.75,1.10,23300,668383,26.6781,-9.98789,28.4864699,-0.751882,-0.114369,204.717,204.718413,-3.67278731,-0.558668796,0
1,G12_G678,0.75,1.10,23300,670029,-9.55869,-15.2051,17.9600563,-2.53323,5.49974,198.72,198.81223,-12.7477355,27.6758253,1
1,G12_G678,0.75,1.10,23300,685853,10.0533,-74.3027,74.979731,3.50866,6.518,204.448,204.581963,17.1616254,31.8809673,0
1,G12_G678,0.75,1.10,23300,690808,65.0229,8.21229,65.5394479,-1.3266,2.20065,192.177,192.194178,-6.90301129,11.4511622,0
1,G12_G678,0.75,1.10,23300,693506,55.5339,34.182,65.2106063,1.93371,1.98338,200.23,200.24916,9.65744394,9.90550867,0
1,G12_G678,0.75,1.10,23300,699192,79.0583,12.2756,80.005657,6.8037,3.06122,194.33,194.473161,35.0110637,15.7526887,0
1,G12_G678,0.75,1.10,23300,708256,130.145,-4.11437,130.210019,9.52197,-2.71066,192.564,192.818333,49.4483393,-14.0766706,0
1,G12_G678,0.75,1.10,23300,714139,138.511,82.9056,161.426874,6.98473,-7.61558,193.427,193.702834,36.1104189,-39.371856,0
1,G12_G678,0.75,1.10,23300,721640,179.927,30.2421,182.450843,8.43842,-3.74967,191.619,191.841362,44.0374911,-19.5683622,0
1,G12_G678,0.75,1.10,23300,733482,-61.9587,60.5351,86.6220459,-3.02309,-1.10988,200.09,200.115914,-15.1086511,-5.54690389,0
1,G12_G678,0.75,1.10,23300,734866,-160.869,9.82225,161.168582,-63.552,-0.894925,194.053,204.196534,-327.498158,-4.61175555,0
1,G12_G678,0.75,1.10,23300,735888,78.0551,-6.81999,78.3524786,-3.97411,1.96895,194.085,194.135668,-20.4761316,10.1447819,0
1,G12_G678,0.75,1.10,23300,737349,5.15206,38.35,38.6945244,-2.56454,2.69664,201.417,201.451375,-12.7324903,13.3883436,0
1,G12_G678,0.75,1.10,23300,755846,171.94,-33.4564,175.164763,8.29796,0.0217843,190.653,190.833496,43.523889,0.114261512,0
1,G12_G678,0.75,1.10,23300,765154,96.967,6.79797,97.2049972,-1.59102,-1.67845,194.653,194.666738,-8.17362178,-8.62278002,0
1,G12_G678,0.75,1.10,23300,781408,-62.0015,52.7697,81.4176101,-10.0771,-6.21193,203.883,204.226379,-49.4258962,-30.4681116,0
1,G12_G678,0.75,1.10,23300,793517,23.6112,9.52414,25.4597331,-7.2503,-4.61964,199.797,199.981872,-36.2883327,-23.1216685,0
1,G12_G678,0.75,1.10,23300,814962,-20.2664,-26.4107,33.2904197,-8.98863,13.8525,200.422,201.101132,-44.8485196,69.1166638,0
1,G12_G678,0.75,1.10,23300,818888,-7.56811,-42.966,43.6274391,-1.18886,-0.480386,209.314,209.317927,-5.67979208,-2.29504954,0
1,G12_G678,0.75,1.10,23300,820529,0.236354,31.9094,31.9102753,-6.93311,0.324756,198.187,198.308498,-34.9826679,1.63863422,0
1,G12_G678,0.75,1.10,23300,820774,65.9962,1.69116,66.0178645,2.09469,0.325434,205.536,205.546931,10.1913533,1.58334306,0
1,G12_G678,0.75,1.10,23300,823918,-11.9292,0.408857,11.9362045,-4.10802,3.70231,190.706,190.786167,-21.5411156,19.4137049,1
1,G12_G678,0.75,1.10,23300,827822,-132.537,-31.3774,136.200579,-51.9163,1.36768,198.225,204.915405,-261.905915,6.89963425,0
1,G12_G678,0.75,1.10,23300,831740,34.4241,-55.3972,65.2216868,-5.09104,3.83727,200.501,200.602329,-25.3915941,19.1384083,0
1,G12_G678,0.75,1.10,23300,850941,-4.14167,18.4941,18.952181,-2.82166,3.85801,206.395,206.450338,-13.6711645,18.6923617,1
1,G12_G678,0.75,1.10,23300,852533,-5.43671,-49.4773,49.7751045,1.37358,3.03479,203.221,203.2483,6.75904557,14.9334468,0
1,G12_G678,0.75,1.10,23300,855269,132.311,-37.8221,137.610726,-66.9435,2.61749,196.15,207.275435,-341.28728,13.3443283,0
1,G12_G678,0.75,1.10,23300,877124,68.0409,-127.191,144.246714,-4.11941,0.797424,196.072,196.11689,-21.0096801,4.0669958,0
1,G12_G678,0.75,1.10,23300,883827,-118.026,53.7894,129.70519,-45.0188,-3.64731,199.951,204.988774,-225.149162,-18.241019,0
1,G12_G678,0.75,1.10,23300,886153,118.406,81.7397,143.87967,3.09991,-4.52668,193.967,194.044576,15.9816361,-23.3373718,0
1,G12_G678,0.75,1.10,23300,889156,-6.78941,-55.2122,55.6280785,2.74829,3.37387,195.347,195.395462,14.0687597,17.2711636,0
1,G12_G678,0.75,1.10,23300,899920,127.637,-48.255,136.4542,10.0396,3.64231,200.418,200.702354,50.093305,18.1735672,0
1,G12_G678,0.75,1.10,23300,903262,-26.4332,105.289,108.55638,0.101338,-4.05884,196.668,196.709905,0.515274473,-20.6380296,0
1,G12_G678,0.75,1.10,23300,940243,-51.961,93.6418,107.092167,-9.56415,19.6182,204.211,205.373998,-46.8346465,96.0682823,0
1,G12_G678,0.75,1.10,23300,991704,3.44197,8.15409,8.85078195,-5.69511,-0.00790714,196.488,196.570518,-28.9845181,-0.0402423558,1
1,G12_G678,0.75,1.10,23300,995370,143.928,68.3955,159.352482,-4.47936,1.32017,190.976,191.033086,-23.4550938,6.91275343,0
1,G12_G678,0.75,1.10,23300,999537,-21.3903,4.32476,21.8231181,-4.91984,-4.08149,200.088,200.190087,-24.5883811,-20.3984747,0
